time,Temperature_celcius,Rain_mm_per_h,Snow_mm_per_h,Air density_kg_per_m3,Ground_level_solar_irradiance_W_per_m2,Cloud_cover_fraction,wind_speed_m_per_s,electricity_kW
01/01/2019 07:00,5.339,0.01,0,1.251,1.27,0.263,14.037,0
01/01/2019 08:00,5.383,0.024,0,1.25,28.815,0.497,14.645,0.183
01/01/2019 09:00,5.719,0.027,0,1.248,55.112,0.481,15.148,0.421
01/01/2019 10:00,6.099,0.018,0,1.246,85.135,0.438,15.585,0.794
01/01/2019 11:00,6.066,0.012,0,1.246,94.435,0.437,16.244,0.95
01/01/2019 12:00,5.887,0.002,0,1.247,82.317,0.402,16.299,0.855
01/01/2019 13:00,5.454,0.001,0,1.248,47.383,0.347,15.968,0.445
01/01/2019 14:00,5.002,0,0,1.25,5.491,0.284,15.2,0
02/01/2019 07:00,1.339,0,0,1.293,2.365,0.005,12.066,0
02/01/2019 08:00,1.247,0,0,1.295,56.375,0.002,11.851,1.769
02/01/2019 09:00,1.494,0,0,1.297,127.731,0.001,11.806,3.647
02/01/2019 10:00,1.752,0,0,1.297,172.421,0,11.91,4.647
02/01/2019 11:00,1.87,0,0,1.298,177.607,0.001,11.946,4.709
02/01/2019 12:00,1.81,0,0,1.299,141.671,0.002,11.847,3.813
02/01/2019 13:00,1.633,0,0,1.299,75.542,0.004,11.334,2.045
02/01/2019 14:00,1.25,0,0,1.3,9.45,0.004,10.773,0.128
03/01/2019 07:00,0.549,0,0,1.303,2.38,0.09,7.444,0
03/01/2019 08:00,0.995,0,0,1.304,52.519,0.392,6.95,1.201
03/01/2019 09:00,1.794,0,0,1.305,115.549,0.422,6.701,2.549
03/01/2019 10:00,2.112,0.001,0,1.305,131.196,0.662,6.317,2.25
03/01/2019 11:00,2.229,0.001,0,1.304,113.025,0.939,5.707,1.511
03/01/2019 12:00,2.205,0.001,0,1.304,93.634,0.91,5.194,1.22
03/01/2019 13:00,1.686,0.001,0,1.305,52.998,0.943,4.983,0.624
03/01/2019 14:00,0.966,0.001,0,1.305,5.701,0.928,4.881,0
04/01/2019 07:00,3.555,0.004,0,1.282,0.429,0.997,7.86,0
04/01/2019 08:00,3.554,0.002,0,1.281,16.869,0.982,7.39,0.029
04/01/2019 09:00,3.796,0.001,0,1.281,70.257,0.905,7.143,0.697
04/01/2019 10:00,4.17,0,0,1.279,121.708,0.448,6.995,1.783
04/01/2019 11:00,4.584,0,0,1.276,153.448,0.144,7.049,2.993
04/01/2019 12:00,4.686,0,0,1.275,136.717,0.19,6.992,3.041
04/01/2019 13:00,4.344,0,0,1.275,73.876,0.634,7.242,1.543
04/01/2019 14:00,3.584,0,0,1.276,9.705,0.946,7.485,0.07
05/01/2019 07:00,3.595,0.003,0,1.277,1.892,0.748,6.099,0
05/01/2019 08:00,3.385,0.002,0,1.28,33.896,0.655,6.202,0.312
05/01/2019 09:00,3.562,0,0,1.28,96.024,0.344,6.272,1.539
05/01/2019 10:00,4.044,0,0,1.279,148.808,0.157,6.204,3.034
05/01/2019 11:00,4.636,0,0,1.276,172.359,0.077,6.116,4.02
05/01/2019 12:00,4.807,0,0,1.275,141.961,0.053,5.775,3.42
05/01/2019 13:00,4.16,0,0,1.276,78.304,0.027,5.424,1.866
05/01/2019 14:00,2.58,0,0,1.278,11.166,0.016,5.719,0.154
06/01/2019 07:00,0.001,0.004,0.003,1.303,2.332,0.802,2.814,0
06/01/2019 08:00,0.473,0.004,0.002,1.302,40.783,0.577,3.187,0.475
06/01/2019 09:00,1.372,0.003,0.001,1.3,89.989,0.48,3.623,1.245
06/01/2019 10:00,1.976,0.002,0,1.297,127.093,0.41,3.906,1.959
06/01/2019 11:00,2.419,0.001,0,1.295,136.372,0.385,4.061,2.216
06/01/2019 12:00,2.559,0.001,0,1.293,117.007,0.367,4.097,1.985
06/01/2019 13:00,1.931,0.001,0,1.292,64.106,0.415,4.248,0.961
06/01/2019 14:00,1.003,0.002,0,1.293,9.516,0.385,4.657,0.036
07/01/2019 07:00,2.89,0.028,0,1.283,0.805,0.992,4.307,0
07/01/2019 08:00,3.174,0.03,0,1.282,11.504,0.993,4.404,0
07/01/2019 09:00,3.644,0.03,0,1.281,26.542,0.993,4.751,0.087
07/01/2019 10:00,4.009,0.032,0,1.279,30.874,0.994,5.245,0.119
07/01/2019 11:00,4.151,0.028,0,1.278,31.917,0.995,5.582,0.128
07/01/2019 12:00,4.169,0.024,0,1.276,37.471,0.992,5.707,0.18
07/01/2019 13:00,3.982,0.021,0,1.275,29.774,0.987,6.081,0.126
07/01/2019 14:00,3.677,0.028,0,1.275,4.912,0.984,6.828,0
08/01/2019 07:00,4.341,0.087,0,1.236,0.479,0.945,5.181,0
08/01/2019 08:00,4.26,0.042,0,1.237,11.023,0.939,3.655,0
08/01/2019 09:00,4.57,0.042,0,1.237,28.636,0.912,4.465,0.103
08/01/2019 10:00,4.775,0.066,0,1.236,38.548,0.92,6.155,0.184
08/01/2019 11:00,4.812,0.103,0,1.236,28.049,0.943,7.608,0.094
08/01/2019 12:00,4.609,0.118,0,1.238,19.977,0.856,8.557,0.033
08/01/2019 13:00,4.167,0.11,0,1.241,19.657,0.736,9.257,0.034
08/01/2019 14:00,3.59,0.091,0,1.245,3.877,0.694,9.395,0
09/01/2019 07:00,0.742,0.02,0.003,1.279,2.646,0.681,10.763,0
09/01/2019 08:00,0.795,0.024,0.003,1.281,31.388,0.739,10.669,0.203
09/01/2019 09:00,0.94,0.016,0.004,1.282,66.787,0.691,10.572,0.593
09/01/2019 10:00,1.136,0.012,0.002,1.283,100.206,0.631,10.469,1.064
09/01/2019 11:00,1.333,0.009,0,1.283,113.128,0.511,10.232,1.334
09/01/2019 12:00,1.442,0.004,0,1.283,112.246,0.29,9.833,1.613
09/01/2019 13:00,1.26,0.002,0,1.284,72.662,0.19,9.355,1.147
09/01/2019 14:00,0.615,0.001,0,1.287,12.863,0.056,8.861,0.118
10/01/2019 07:00,-1.895,0,0,1.309,2.971,0.989,4.392,0
10/01/2019 08:00,-1.396,0,0,1.308,28.525,0.993,4.129,0.147
10/01/2019 09:00,-0.974,0,0,1.307,54.519,0.991,3.724,0.387
10/01/2019 10:00,-0.674,0,0,1.306,66.777,0.966,3.233,0.498
10/01/2019 11:00,-0.389,0,0,1.304,75.491,0.883,3.067,0.601
10/01/2019 12:00,-0.091,0,0,1.302,74.706,0.823,3.282,0.634
10/01/2019 13:00,-0.03,0.001,0,1.3,42.589,0.909,3.482,0.287
10/01/2019 14:00,-0.241,0.002,0.001,1.298,7.244,0.964,3.788,0
11/01/2019 07:00,4.297,0.026,0,1.26,0.611,0.991,7.9,0
11/01/2019 08:00,4.547,0.024,0,1.258,9.514,0.983,7.925,0
11/01/2019 09:00,4.833,0.017,0,1.257,23.252,0.988,7.992,0.06
11/01/2019 10:00,5.139,0.007,0,1.255,46.217,0.907,8.215,0.261
11/01/2019 11:00,5.383,0.002,0,1.253,92.813,0.71,8.195,0.83
11/01/2019 12:00,5.323,0.001,0,1.253,127.375,0.372,7.956,1.9
11/01/2019 13:00,4.769,0.001,0,1.255,80.079,0.389,7.636,1.253
11/01/2019 14:00,3.763,0.002,0,1.258,13.478,0.909,7.463,0.085
12/01/2019 07:00,1.842,0.016,0.002,1.271,1.856,0.99,7.344,0
12/01/2019 08:00,2.16,0.043,0.001,1.268,26.836,0.982,7.31,0.108
12/01/2019 09:00,2.599,0.109,0,1.265,46.857,0.997,7.021,0.275
12/01/2019 10:00,3.149,0.22,0,1.261,28.501,0.999,7.379,0.099
12/01/2019 11:00,3.785,0.356,0,1.255,28.462,0.999,7.849,0.098
12/01/2019 12:00,4.134,0.624,0,1.251,28.873,0.997,7.944,0.102
12/01/2019 13:00,4.014,0.64,0,1.25,14.247,0.991,7.443,0
12/01/2019 14:00,4.05,0.259,0,1.248,2.071,0.974,7.772,0
13/01/2019 07:00,4.572,0.069,0,1.237,1.007,0.831,8.427,0
13/01/2019 08:00,4.512,0.269,0,1.236,17.736,0.838,8.157,0.022
13/01/2019 09:00,4.504,0.747,0,1.234,33.858,0.88,8.179,0.147
13/01/2019 10:00,4.665,0.639,0,1.23,31.717,0.877,9.135,0.124
13/01/2019 11:00,5.491,0.209,0,1.223,31.098,0.84,10.366,0.118
13/01/2019 12:00,6.283,0.092,0,1.217,39.576,0.687,10.826,0.193
13/01/2019 13:00,6.333,0.113,0,1.215,33.104,0.794,10.936,0.147
13/01/2019 14:00,6.137,0.118,0,1.215,2.888,0.928,10.964,0
14/01/2019 07:00,0.519,0.012,0,1.259,6.301,0.203,11.149,0
14/01/2019 08:00,0.648,0.012,0,1.261,61.171,0.247,10.874,1.079
14/01/2019 09:00,1.163,0.006,0,1.26,121.581,0.262,10.966,2.254
14/01/2019 10:00,1.573,0,0,1.259,155.433,0.211,11.541,2.863
14/01/2019 11:00,1.74,0,0,1.259,188.651,0.147,12.258,4.137
14/01/2019 12:00,1.748,0,0,1.259,161.7,0.188,12.807,3.712
14/01/2019 13:00,1.617,0,0,1.259,92.424,0.275,12.814,1.961
14/01/2019 14:00,1.37,0,0,1.261,18.495,0.317,12.574,0.264
15/01/2019 07:00,0.92,0.01,0,1.267,4.07,0.96,6.78,0
15/01/2019 08:00,1.417,0.073,0,1.266,22.827,0.976,6.44,0.066
15/01/2019 09:00,1.849,0.225,0,1.265,37.287,0.993,6.135,0.18
15/01/2019 10:00,2.043,0.475,0.006,1.263,40.24,0.997,5.76,0.201
15/01/2019 11:00,2.209,0.743,0.023,1.261,30.059,0.998,5.984,0.112
15/01/2019 12:00,2.911,0.625,0.03,1.254,20.281,0.999,7.656,0.035
15/01/2019 13:00,4.324,0.263,0.003,1.244,3.941,0.997,9.572,0
15/01/2019 14:00,5.682,0.044,0.001,1.236,3.572,0.991,11.188,0
16/01/2019 07:00,5.105,0.076,0,1.243,1.814,0.996,8.653,0
16/01/2019 08:00,5.276,0.044,0,1.242,16.824,0.998,8.902,0.013
16/01/2019 09:00,5.448,0.053,0,1.242,30.643,0.995,9.165,0.117
16/01/2019 10:00,5.611,0.078,0,1.24,39.712,0.992,9.493,0.19
16/01/2019 11:00,5.689,0.1,0,1.239,34.53,0.997,9.674,0.145
16/01/2019 12:00,5.628,0.119,0,1.239,13.611,0.999,9.74,0
16/01/2019 13:00,5.571,0.143,0,1.238,7.141,0.995,9.985,0
16/01/2019 14:00,5.601,0.14,0,1.237,2.681,0.992,10.367,0
17/01/2019 07:00,3.545,0.046,0,1.24,4.425,0.746,9.041,0
17/01/2019 08:00,3.737,0.153,0,1.24,23.847,0.814,9.401,0.073
17/01/2019 09:00,3.935,0.383,0,1.239,41.996,0.82,9.529,0.222
17/01/2019 10:00,3.983,0.605,0,1.239,46.038,0.856,9.249,0.252
17/01/2019 11:00,4.005,0.719,0,1.239,44.857,0.854,8.701,0.24
17/01/2019 12:00,3.958,0.581,0,1.239,41.003,0.841,7.867,0.208
17/01/2019 13:00,3.714,0.327,0.003,1.241,28.111,0.753,6.773,0.102
17/01/2019 14:00,2.941,0.264,0.046,1.245,9.468,0.67,5.994,0
18/01/2019 07:00,-1.007,0,0,1.285,10.62,0.109,6.863,0.091
18/01/2019 08:00,-0.279,0,0,1.286,82.207,0.048,6.688,2.022
18/01/2019 09:00,0.553,0,0,1.285,161.822,0.015,6.273,4.004
18/01/2019 10:00,1.237,0,0,1.283,211.307,0.006,5.875,5.048
18/01/2019 11:00,1.626,0,0,1.281,217.483,0.003,5.694,5.111
18/01/2019 12:00,1.705,0,0,1.28,182.68,0.006,5.58,4.37
18/01/2019 13:00,1.065,0,0,1.281,113.199,0.03,5.41,2.772
18/01/2019 14:00,-0.37,0,0,1.282,28.634,0.022,5.643,0.564
19/01/2019 07:00,0.258,0.012,0.012,1.292,6.697,0.846,5.735,0
19/01/2019 08:00,0.561,0.013,0.012,1.293,42.847,0.867,5.969,0.301
19/01/2019 09:00,0.86,0.012,0.011,1.292,80.656,0.91,6.089,0.711
19/01/2019 10:00,1.097,0.009,0.007,1.291,113.253,0.943,6.108,1.129
19/01/2019 11:00,1.236,0.008,0.004,1.291,119.548,0.939,6.124,1.217
19/01/2019 12:00,1.26,0.008,0.002,1.29,95.464,0.91,6.05,0.892
19/01/2019 13:00,1.157,0.009,0.002,1.29,51.658,0.879,5.864,0.365
19/01/2019 14:00,0.905,0.009,0.002,1.289,12.356,0.891,5.635,0
20/01/2019 07:00,-0.807,0.003,0.002,1.296,12.11,0.306,6.323,0.079
20/01/2019 08:00,-0.143,0.002,0.002,1.296,74.597,0.282,6.35,1.253
20/01/2019 09:00,0.501,0.003,0.001,1.294,140.021,0.222,6.369,2.524
20/01/2019 10:00,1.102,0.008,0.003,1.291,173.512,0.237,6.338,3.02
20/01/2019 11:00,1.468,0.012,0,1.29,174.158,0.234,6.238,2.911
20/01/2019 12:00,1.603,0.012,0,1.288,146.898,0.219,6.072,2.395
20/01/2019 13:00,1.367,0.01,0,1.288,92.142,0.201,5.708,1.38
20/01/2019 14:00,0.38,0.009,0,1.288,25.119,0.231,5.46,0.228
20/01/2019 15:00,-0.133,0.011,0.002,1.289,0.003,0.385,5.451,0
21/01/2019 07:00,0.124,0.26,0.254,1.293,5.103,0.94,8.377,0
21/01/2019 08:00,0.248,0.397,0.394,1.292,25.037,0.932,9.013,0.083
21/01/2019 09:00,0.364,0.384,0.38,1.291,44.728,0.9,9.365,0.251
21/01/2019 10:00,0.613,0.222,0.215,1.289,54.493,0.838,9.262,0.337
21/01/2019 11:00,1.082,0.102,0.067,1.286,72.505,0.719,8.852,0.521
21/01/2019 12:00,1.521,0.056,0.024,1.282,82.216,0.643,8.212,0.654
21/01/2019 13:00,1.747,0.055,0.005,1.279,51.742,0.623,7.677,0.344
21/01/2019 14:00,1.698,0.067,0.002,1.277,13.922,0.644,7.149,0.001
21/01/2019 15:00,1.56,0.108,0.001,1.277,0.003,0.716,6.642,0
22/01/2019 07:00,-0.114,0.023,0.008,1.283,8.747,0.716,4.2,0
22/01/2019 08:00,0.549,0.019,0.006,1.283,53.554,0.659,4.516,0.46
22/01/2019 09:00,0.963,0.021,0.005,1.282,102.281,0.675,4.865,1.086
22/01/2019 10:00,1.103,0.022,0.005,1.282,130.954,0.643,5.177,1.47
22/01/2019 11:00,1.204,0.017,0.003,1.281,149.687,0.605,5.473,1.849
22/01/2019 12:00,1.19,0.015,0.003,1.28,124.22,0.638,5.716,1.459
22/01/2019 13:00,0.969,0.013,0.003,1.279,76.647,0.79,5.812,0.773
22/01/2019 14:00,0.478,0.011,0.003,1.279,21.882,0.886,5.795,0.1
22/01/2019 15:00,0.002,0.006,0.004,1.279,0.02,0.902,6.042,0
23/01/2019 07:00,-1.358,0,0,1.285,17.674,0.722,7.784,0.265
23/01/2019 08:00,-0.84,0,0,1.285,94.532,0.608,7.808,2.124
23/01/2019 09:00,-0.247,0,0,1.284,172.834,0.591,7.83,3.91
23/01/2019 10:00,0.235,0,0,1.282,219.489,0.603,7.694,4.819
23/01/2019 11:00,0.49,0,0,1.281,225.042,0.635,7.445,4.859
23/01/2019 12:00,0.454,0,0,1.281,189.44,0.636,7.286,4.083
23/01/2019 13:00,0.103,0,0,1.281,121.623,0.598,7.167,2.579
23/01/2019 14:00,-0.744,0,0,1.283,37.636,0.612,7.062,0.613
23/01/2019 15:00,-1.521,0,0,1.285,0.072,0.816,7.304,0
24/01/2019 07:00,-2.961,0,0,1.296,20.359,0.745,6.368,0.381
24/01/2019 08:00,-1.708,0,0,1.295,100.908,0.536,6.68,2.386
24/01/2019 09:00,-0.625,0,0,1.294,175.972,0.225,6.97,3.974
24/01/2019 10:00,-0.074,0,0,1.293,233.368,0.217,7.165,5.26
24/01/2019 11:00,0.196,0,0,1.292,224.563,0.347,7.244,4.76
24/01/2019 12:00,0.194,0,0,1.291,189.227,0.284,7.057,3.98
24/01/2019 13:00,-0.095,0,0,1.292,127.136,0.17,6.674,2.747
24/01/2019 14:00,-1.035,0,0,1.293,42.177,0.125,6.25,0.763
24/01/2019 15:00,-2.073,0,0,1.294,0.142,0.121,6.225,0
25/01/2019 07:00,-3.903,0.036,0.036,1.306,13.956,0.629,3.703,0.038
25/01/2019 08:00,-3.361,0.033,0.033,1.306,64.277,0.663,3.64,0.625
25/01/2019 09:00,-2.901,0.028,0.028,1.306,110.609,0.86,3.67,1.204
25/01/2019 10:00,-2.691,0.02,0.02,1.305,136.575,0.887,3.53,1.526
25/01/2019 11:00,-2.618,0.015,0.015,1.304,152.208,0.832,3.466,1.81
25/01/2019 12:00,-2.634,0.015,0.015,1.303,118.024,0.905,3.509,1.247
25/01/2019 13:00,-2.846,0.014,0.014,1.303,64.82,0.98,3.598,0.525
25/01/2019 14:00,-3.041,0.012,0.012,1.303,18.434,0.982,3.686,0.041
25/01/2019 15:00,-3.284,0.007,0.007,1.302,0.109,0.958,3.616,0
26/01/2019 07:00,-1.716,0.04,0.04,1.28,11.273,0.86,6.324,0
26/01/2019 08:00,-1.087,0.036,0.036,1.279,51.307,0.956,6.6,0.372
26/01/2019 09:00,-0.536,0.038,0.038,1.277,84.828,0.979,6.71,0.715
26/01/2019 10:00,-0.134,0.055,0.055,1.275,107.151,0.797,6.699,0.959
26/01/2019 11:00,0.169,0.078,0.078,1.273,131.268,0.593,6.65,1.308
26/01/2019 12:00,0.32,0.094,0.093,1.272,107.983,0.671,6.531,1.014
26/01/2019 13:00,0.279,0.09,0.085,1.271,67.043,0.778,6.352,0.531
26/01/2019 14:00,-0.033,0.092,0.085,1.271,21.661,0.779,6.26,0.068
26/01/2019 15:00,-0.315,0.074,0.068,1.27,0.184,0.847,6.529,0
27/01/2019 07:00,1.711,0.358,0.077,1.247,2.28,0.997,8.245,0
27/01/2019 08:00,1.885,0.485,0.077,1.245,12.175,0.985,8.098,0
27/01/2019 09:00,2.012,0.558,0.074,1.244,24.731,0.976,7.971,0.068
27/01/2019 10:00,2.075,0.611,0.075,1.243,32.046,0.973,7.814,0.126
27/01/2019 11:00,2.053,0.728,0.092,1.242,34.003,0.972,7.593,0.142
27/01/2019 12:00,1.9,0.891,0.164,1.242,29.308,0.964,7.353,0.104
27/01/2019 13:00,1.709,0.88,0.235,1.243,20.491,0.954,7.049,0.037
27/01/2019 14:00,1.704,0.579,0.173,1.242,7.65,0.929,6.697,0
27/01/2019 15:00,1.717,0.257,0.105,1.24,0.114,0.85,6.451,0
28/01/2019 07:00,1.865,0.079,0.005,1.243,7.092,0.988,6.504,0
28/01/2019 08:00,1.868,0.039,0.004,1.245,27.984,0.981,6.674,0.1
28/01/2019 09:00,1.829,0.024,0.001,1.246,45.252,0.975,6.51,0.245
28/01/2019 10:00,1.816,0.029,0,1.247,48.88,0.978,6.438,0.274
28/01/2019 11:00,1.85,0.036,0,1.248,48.418,0.967,6.336,0.269
28/01/2019 12:00,1.912,0.032,0,1.248,43.368,0.967,6.088,0.225
28/01/2019 13:00,1.882,0.032,0,1.248,29.491,0.974,5.772,0.109
28/01/2019 14:00,1.714,0.039,0.001,1.249,11.065,0.98,5.58,0
28/01/2019 15:00,1.528,0.039,0.001,1.249,0.161,0.984,5.387,0
29/01/2019 06:00,-1.144,0.001,0,1.27,0.001,0.116,7.367,0
29/01/2019 07:00,-1.374,0,0,1.271,33.384,0.022,7.024,0.867
29/01/2019 08:00,-0.645,0,0,1.272,130.667,0.029,6.781,3.281
29/01/2019 09:00,0.16,0,0,1.27,208.116,0.04,6.729,4.686
29/01/2019 10:00,0.735,0,0,1.269,255.761,0.055,6.6,5.471
29/01/2019 11:00,1.181,0,0,1.266,257.297,0.07,6.339,5.347
29/01/2019 12:00,1.483,0,0,1.264,216.993,0.122,5.957,4.447
29/01/2019 13:00,1.43,0.001,0,1.263,139.252,0.206,5.372,2.651
29/01/2019 14:00,0.561,0.002,0.001,1.263,49.141,0.319,4.952,0.647
29/01/2019 15:00,-0.127,0.004,0.001,1.264,1.009,0.493,4.868,0
30/01/2019 06:00,-0.436,0.002,0.001,1.268,0.004,0.695,5.009,0
30/01/2019 07:00,-0.039,0.002,0.001,1.269,29.112,0.671,5.515,0.399
30/01/2019 08:00,1.08,0.003,0.001,1.268,102.838,0.593,5.948,1.594
30/01/2019 09:00,1.722,0.003,0.001,1.268,166.54,0.54,6.099,2.652
30/01/2019 10:00,2.063,0.004,0,1.266,205.522,0.585,6.195,3.291
30/01/2019 11:00,2.259,0.004,0,1.265,208.705,0.5,6.323,3.278
30/01/2019 12:00,2.222,0.004,0,1.265,176.029,0.532,6.347,2.63
30/01/2019 13:00,1.924,0.003,0,1.265,112.741,0.797,6.454,1.457
30/01/2019 14:00,1.256,0.002,0,1.266,42.216,0.899,6.792,0.368
30/01/2019 15:00,0.641,0.001,0,1.267,1.372,0.934,7.188,0
31/01/2019 06:00,1.04,0.011,0.005,1.266,0.02,0.994,9.795,0
31/01/2019 07:00,1.147,0.015,0.004,1.266,21.453,0.991,9.765,0.106
31/01/2019 08:00,1.348,0.015,0.002,1.266,69.633,0.985,9.502,0.597
31/01/2019 09:00,1.561,0.016,0.001,1.266,120.869,0.979,9.191,1.22
31/01/2019 10:00,1.71,0.018,0,1.265,143.389,0.977,8.861,1.46
31/01/2019 11:00,1.759,0.021,0,1.265,140.816,0.979,8.542,1.389
31/01/2019 12:00,1.682,0.029,0,1.265,114.065,0.983,8.092,1.043
31/01/2019 13:00,1.465,0.042,0,1.266,72.074,0.986,7.575,0.559
31/01/2019 14:00,1.129,0.052,0.001,1.267,25.699,0.984,7.076,0.095
31/01/2019 15:00,0.767,0.052,0.006,1.268,0.887,0.966,6.651,0
01/02/2019 06:00,0.441,0.006,0.005,1.268,0.04,0.704,7.323,0
01/02/2019 07:00,0.366,0.002,0.002,1.269,30.365,0.418,7.343,0.373
01/02/2019 08:00,0.877,0.001,0.001,1.268,115.205,0.28,7.312,1.939
01/02/2019 09:00,1.442,0.001,0.001,1.266,201.165,0.173,7.6,3.831
01/02/2019 10:00,1.859,0.001,0,1.264,253.082,0.105,7.964,4.869
01/02/2019 11:00,2.079,0.001,0,1.263,261.044,0.116,8.014,4.986
01/02/2019 12:00,2.087,0.003,0,1.262,216.746,0.403,7.923,3.926
01/02/2019 13:00,1.867,0.01,0,1.262,119.064,0.691,7.748,1.564
01/02/2019 14:00,1.476,0.016,0,1.262,40.054,0.764,7.736,0.293
01/02/2019 15:00,1.062,0.022,0.001,1.263,1.731,0.808,7.739,0
02/02/2019 06:00,0.815,0.022,0.006,1.264,0.021,0.997,6.302,0
02/02/2019 07:00,0.859,0.031,0.006,1.265,7.636,0.993,6.45,0
02/02/2019 08:00,1.011,0.052,0.008,1.265,30.199,0.996,6.688,0.117
02/02/2019 09:00,1.196,0.16,0.017,1.264,44.515,0.996,6.589,0.237
02/02/2019 10:00,1.236,0.274,0.029,1.264,53.599,0.99,6.774,0.316
02/02/2019 11:00,1.28,0.197,0.013,1.264,61.565,0.989,7.045,0.39
02/02/2019 12:00,1.355,0.143,0.009,1.264,60.883,0.993,6.83,0.387
02/02/2019 13:00,1.359,0.108,0.005,1.263,47.001,0.986,6.801,0.264
02/02/2019 14:00,1.144,0.213,0.016,1.264,22.248,0.988,6.668,0.056
02/02/2019 15:00,0.748,0.411,0.171,1.266,0.87,0.99,6.503,0
03/02/2019 06:00,-0.123,0.005,0.001,1.279,0.274,0.335,6.789,0
03/02/2019 07:00,0.203,0.006,0.001,1.28,34.944,0.384,7.006,0.383
03/02/2019 08:00,0.885,0.008,0,1.28,108.286,0.366,7.141,1.493
03/02/2019 09:00,1.293,0.007,0,1.28,187.911,0.684,7.054,3.038
03/02/2019 10:00,1.636,0.006,0,1.28,227.976,0.563,7.139,3.703
03/02/2019 11:00,1.781,0.007,0.001,1.279,233.165,0.414,7.189,3.713
03/02/2019 12:00,1.696,0.009,0.001,1.28,170.89,0.624,7.455,2.244
03/02/2019 13:00,1.411,0.007,0.001,1.281,117.215,0.413,7.441,1.39
03/02/2019 14:00,0.877,0.005,0.001,1.284,53.742,0.345,7.062,0.514
03/02/2019 15:00,0.098,0.006,0,1.286,3.361,0.389,6.959,0
04/02/2019 06:00,-1.099,0.006,0.006,1.301,0.359,0.79,5.471,0
04/02/2019 07:00,-0.567,0.003,0.003,1.3,35.084,0.655,5.809,0.319
04/02/2019 08:00,0.629,0.001,0.001,1.297,123.605,0.378,6.518,1.854
04/02/2019 09:00,1.613,0.001,0,1.292,222.071,0.546,6.957,4.012
04/02/2019 10:00,2.36,0.009,0,1.288,220.22,0.859,7.723,3.204
04/02/2019 11:00,2.466,0.044,0.001,1.286,175.203,0.972,8.667,1.956
04/02/2019 12:00,2.13,0.094,0.002,1.287,102.444,0.994,9.223,0.858
04/02/2019 13:00,1.792,0.124,0.012,1.289,48.506,0.996,9.318,0.284
04/02/2019 14:00,1.725,0.088,0.004,1.288,18.872,0.995,9.365,0.03
04/02/2019 15:00,1.813,0.032,0.005,1.287,1.405,0.994,9.554,0
05/02/2019 06:00,2.186,0.044,0,1.279,0.194,0.758,10.159,0
05/02/2019 07:00,2.488,0.039,0,1.277,12.918,0.823,10.263,0
05/02/2019 08:00,2.847,0.033,0,1.276,36.232,0.83,10.371,0.168
05/02/2019 09:00,3.137,0.026,0,1.275,68.422,0.726,10.283,0.464
05/02/2019 10:00,3.356,0.02,0,1.274,105.107,0.683,9.934,0.84
05/02/2019 11:00,3.655,0.017,0,1.273,123.399,0.605,10.29,1.053
05/02/2019 12:00,3.81,0.019,0,1.272,129.901,0.594,10.1,1.177
05/02/2019 13:00,3.785,0.023,0,1.272,83.996,0.616,9.846,0.663
05/02/2019 14:00,3.617,0.024,0,1.272,37.518,0.611,9.598,0.198
05/02/2019 15:00,3.258,0.024,0,1.274,2.915,0.57,9.175,0
06/02/2019 06:00,1.263,0.033,0.001,1.292,0.1,0.998,5.16,0
06/02/2019 07:00,1.392,0.342,0.105,1.292,5.765,0.997,5.715,0
06/02/2019 08:00,1.192,1.091,0.61,1.294,18.776,0.994,6.116,0.024
06/02/2019 09:00,1.055,1.385,1.039,1.294,39.379,0.994,6.638,0.189
06/02/2019 10:00,1.083,1.105,0.728,1.294,59.456,0.997,7.2,0.368
06/02/2019 11:00,1.038,0.746,0.402,1.293,54.318,0.997,7.854,0.32
06/02/2019 12:00,1.074,0.246,0.008,1.291,46.364,0.998,8.642,0.249
06/02/2019 13:00,1.403,0.086,0.003,1.287,33.999,0.998,9.117,0.144
06/02/2019 14:00,1.74,0.104,0.001,1.284,16.724,0.997,8.922,0.011
06/02/2019 15:00,1.851,0.082,0.001,1.282,0.946,0.998,8.314,0
07/02/2019 06:00,1.692,0.969,0.023,1.274,0.249,0.998,5.756,0
07/02/2019 07:00,1.835,0.83,0.071,1.273,7.219,0.997,6.575,0
07/02/2019 08:00,2.263,0.549,0.082,1.269,22.567,0.996,7.226,0.052
07/02/2019 09:00,2.539,0.311,0.023,1.267,42.491,0.996,7.838,0.214
07/02/2019 10:00,2.735,0.222,0.007,1.265,81.018,0.994,8.343,0.571
07/02/2019 11:00,2.779,0.414,0,1.264,81.66,0.995,8.541,0.576
07/02/2019 12:00,2.308,0.764,0,1.266,40.926,0.997,8.511,0.2
07/02/2019 13:00,1.529,0.837,0.066,1.27,22.093,0.997,8.474,0.048
07/02/2019 14:00,1.533,0.46,0.08,1.268,12.889,0.998,8.35,0
07/02/2019 15:00,1.897,0.096,0.017,1.265,1.583,0.998,8.302,0
08/02/2019 06:00,3.918,0.035,0,1.257,0.639,0.72,10.304,0
08/02/2019 07:00,3.911,0.022,0,1.258,23.772,0.625,10.148,0.077
08/02/2019 08:00,4.083,0.012,0,1.259,83.814,0.547,10.075,0.686
08/02/2019 09:00,4.37,0.007,0,1.258,157.513,0.562,9.769,1.63
08/02/2019 10:00,4.519,0.008,0,1.258,159.153,0.767,9.807,1.508
08/02/2019 11:00,4.337,0.019,0,1.259,91.359,0.972,9.425,0.676
08/02/2019 12:00,4.171,0.02,0,1.259,48.572,0.982,9.056,0.266
08/02/2019 13:00,4.197,0.034,0,1.258,35.795,0.975,8.515,0.157
08/02/2019 14:00,4.275,0.143,0,1.257,18.716,0.985,8.317,0.024
08/02/2019 15:00,4.111,0.246,0,1.256,2.711,0.995,8.567,0
09/02/2019 06:00,3.293,1.148,0.001,1.247,0.585,0.94,10.005,0
09/02/2019 07:00,2.688,1.234,0.016,1.251,9.425,0.988,9.718,0
09/02/2019 08:00,2.632,0.47,0.034,1.251,23.346,0.993,9.335,0.059
09/02/2019 09:00,3.695,0.047,0.001,1.245,60.557,0.936,9.027,0.382
09/02/2019 10:00,4.935,0.09,0,1.239,118.694,0.656,9.58,0.984
09/02/2019 11:00,5.959,0.081,0,1.233,175.755,0.266,10.379,1.781
09/02/2019 12:00,6.532,0.01,0,1.23,233.892,0.104,10.646,3.33
09/02/2019 13:00,6.553,0.012,0,1.23,186.83,0.226,10.848,2.858
09/02/2019 14:00,6.047,0.194,0,1.231,78.538,0.85,11.161,0.801
09/02/2019 15:00,5.218,0.738,0,1.235,3.5,0.983,12.115,0
10/02/2019 06:00,3.95,0.005,0,1.247,1.689,0.994,9.02,0
10/02/2019 07:00,4.493,0.008,0,1.245,18.13,0.999,9.076,0.023
10/02/2019 08:00,4.72,0.011,0,1.243,32.675,0.999,8.562,0.131
10/02/2019 09:00,4.7,0.029,0,1.243,52.7,0.999,8,0.301
10/02/2019 10:00,4.564,0.12,0,1.243,65.824,0.998,7.405,0.418
10/02/2019 11:00,4.286,0.24,0,1.243,54.192,0.997,6.606,0.312
10/02/2019 12:00,4.103,0.385,0,1.241,45.405,0.998,6.248,0.235
10/02/2019 13:00,3.924,0.585,0,1.24,28.096,0.998,6.204,0.092
10/02/2019 14:00,3.675,0.853,0,1.239,11.382,0.999,6.501,0
10/02/2019 15:00,3.159,0.808,0,1.24,1.387,0.998,6.728,0
11/02/2019 06:00,2.766,0.038,0,1.25,1.097,0.903,7.963,0
11/02/2019 07:00,2.972,0.06,0,1.251,13.044,0.911,8.345,0
11/02/2019 08:00,3.32,0.06,0,1.25,32.73,0.83,8.87,0.136
11/02/2019 09:00,3.625,0.041,0,1.251,88.36,0.651,9.439,0.668
11/02/2019 10:00,3.727,0.028,0,1.253,143.429,0.572,10.31,1.301
11/02/2019 11:00,3.728,0.016,0,1.256,172.831,0.473,11.138,1.735
11/02/2019 12:00,3.797,0.003,0,1.258,203.15,0.273,11.609,2.506
11/02/2019 13:00,3.81,0.001,0,1.26,201.153,0.042,11.601,3.262
11/02/2019 14:00,3.392,0,0,1.263,115.405,0.013,11.181,1.947
11/02/2019 15:00,2.519,0,0,1.268,18.44,0,10.364,0.181
12/02/2019 06:00,-0.529,0,0,1.296,6.675,0.67,7.681,0
12/02/2019 07:00,0.36,0,0,1.297,86.641,0.744,7.429,1.9
12/02/2019 08:00,1.345,0,0,1.295,203.518,0.82,7.117,4.322
12/02/2019 09:00,2.333,0,0,1.292,291.694,0.887,7.222,5.743
12/02/2019 10:00,3.034,0,0,1.29,341.378,0.923,7.428,6.423
12/02/2019 11:00,3.48,0,0,1.288,345.273,0.955,7.648,6.348
12/02/2019 12:00,3.546,0,0,1.287,244.226,0.98,7.495,3.819
12/02/2019 13:00,3.255,0,0,1.288,127.33,0.968,6.952,1.368
12/02/2019 14:00,2.657,0,0,1.29,62.737,0.963,6.249,0.516
12/02/2019 15:00,1.699,0,0,1.292,9.781,0.977,5.89,0
13/02/2019 06:00,4.707,0.013,0,1.273,3.404,0.994,9.454,0
13/02/2019 07:00,4.776,0.015,0,1.274,21.387,0.997,9.481,0.049
13/02/2019 08:00,4.9,0.011,0,1.274,47.514,0.996,9.308,0.264
13/02/2019 09:00,5.131,0.005,0,1.274,84.184,0.995,9.372,0.609
13/02/2019 10:00,5.36,0.002,0,1.274,121.046,0.997,9.557,0.988
13/02/2019 11:00,5.486,0.002,0,1.274,134.816,0.996,9.564,1.151
13/02/2019 12:00,5.733,0.002,0,1.273,178.589,0.985,9.415,1.832
13/02/2019 13:00,5.787,0.002,0,1.272,167.927,0.979,8.958,1.991
13/02/2019 14:00,5.418,0.002,0,1.273,87.355,0.98,8.389,0.863
13/02/2019 15:00,4.881,0.003,0,1.275,13.933,0.985,8.142,0.013
14/02/2019 06:00,4.339,0.01,0,1.286,2.571,0.861,5.778,0
14/02/2019 07:00,4.5,0.011,0,1.286,25.736,0.857,5.673,0.083
14/02/2019 08:00,4.742,0.01,0,1.285,49.972,0.878,5.882,0.285
14/02/2019 09:00,4.994,0.008,0,1.285,84.87,0.842,6.23,0.611
14/02/2019 10:00,5.116,0.007,0,1.285,103.213,0.884,6.8,0.787
14/02/2019 11:00,5.121,0.005,0,1.285,103.797,0.897,7.116,0.793
14/02/2019 12:00,5.31,0.002,0,1.283,126.528,0.82,7.308,1.061
14/02/2019 13:00,5.58,0.001,0,1.281,137.082,0.704,7.39,1.313
14/02/2019 14:00,5.482,0.002,0,1.28,84.127,0.698,7.101,0.755
14/02/2019 15:00,4.849,0.006,0,1.282,15.664,0.708,6.769,0.025
15/02/2019 06:00,2.644,0.014,0,1.297,4.698,0.989,5.536,0
15/02/2019 07:00,2.171,0.013,0,1.302,40.785,0.988,5.75,0.251
15/02/2019 08:00,1.942,0.009,0,1.304,95.023,0.981,5.772,0.835
15/02/2019 09:00,2.544,0.001,0,1.302,171.56,0.971,5.815,1.915
15/02/2019 10:00,3.79,0,0,1.296,290.058,0.953,5.745,4.465
15/02/2019 11:00,5.04,0,0,1.288,340.296,0.949,5.51,5.774
15/02/2019 12:00,6.003,0,0,1.281,302.272,0.949,5.398,5.149
15/02/2019 13:00,6.57,0,0,1.275,227.154,0.948,5.204,3.858
15/02/2019 14:00,6.203,0,0,1.273,125.972,0.946,4.602,2.004
15/02/2019 15:00,4.442,0,0,1.272,26.743,0.83,4.801,0.279
16/02/2019 06:00,2.084,0.001,0,1.283,10.174,0.585,7.074,0.001
16/02/2019 07:00,2.949,0.001,0,1.284,58.39,0.637,7.282,0.53
16/02/2019 08:00,3.81,0,0,1.28,171.573,0.068,7.035,2.568
16/02/2019 09:00,4.848,0,0,1.275,309.085,0.026,6.789,5.623
16/02/2019 10:00,6.031,0,0,1.268,359.074,0.476,6.998,6.328
16/02/2019 11:00,6.957,0,0,1.262,351.664,0.932,7.717,5.995
16/02/2019 12:00,7.351,0,0,1.258,284.144,0.945,7.952,4.52
16/02/2019 13:00,7.207,0,0,1.257,173.272,0.944,8.007,2.211
16/02/2019 14:00,6.813,0,0,1.257,96.208,0.944,8.032,1.054
16/02/2019 15:00,6.105,0,0,1.258,24.262,0.944,8.025,0.16
17/02/2019 06:00,3.989,0.025,0,1.279,2.4,0.952,4.949,0
17/02/2019 07:00,4.146,0.028,0,1.279,25.052,0.921,4.699,0.073
17/02/2019 08:00,4.065,0.011,0,1.28,61.22,0.952,4.581,0.387
17/02/2019 09:00,4.05,0.009,0,1.281,79.436,0.947,4.489,0.552
17/02/2019 10:00,4.566,0.008,0,1.278,100.168,0.93,4.335,0.748
17/02/2019 11:00,5.231,0.008,0,1.274,109.753,0.851,4.285,0.841
17/02/2019 12:00,5.935,0.01,0,1.269,106.815,0.839,4.28,0.815
17/02/2019 13:00,6.471,0.01,0,1.264,75.452,0.839,4.26,0.513
17/02/2019 14:00,6.655,0.011,0,1.261,41.476,0.771,4.139,0.206
17/02/2019 15:00,6.122,0.01,0,1.26,11.144,0.74,3.946,0
18/02/2019 06:00,2.735,0.02,0,1.282,2.493,0.99,5.69,0
18/02/2019 07:00,2.895,0.022,0,1.281,18.384,0.989,5.829,0.023
18/02/2019 08:00,3.039,0.02,0,1.28,42.09,0.981,5.9,0.212
18/02/2019 09:00,3.356,0.014,0,1.279,68.532,0.948,5.816,0.45
18/02/2019 10:00,3.818,0.009,0,1.276,101.48,0.882,5.67,0.768
18/02/2019 11:00,4.351,0.006,0,1.273,129.888,0.808,5.388,1.065
18/02/2019 12:00,4.948,0.003,0,1.269,149.321,0.612,5.053,1.32
18/02/2019 13:00,5.621,0.001,0,1.264,167.946,0.267,4.825,1.771
18/02/2019 14:00,5.913,0,0,1.259,125.855,0.1,4.445,1.515
18/02/2019 15:00,4.627,0,0,1.258,32.679,0.049,4.362,0.233
18/02/2019 16:00,3.409,0,0,1.26,0.001,0.046,4.739,0
19/02/2019 06:00,3.831,0.233,0,1.26,4.347,0.996,7.025,0
19/02/2019 07:00,4.101,0.085,0,1.26,25.896,0.997,7.561,0.079
19/02/2019 08:00,4.496,0.016,0,1.258,57.775,0.996,8.148,0.35
19/02/2019 09:00,4.927,0.01,0,1.256,104.129,0.934,9.183,0.794
19/02/2019 10:00,5.312,0.023,0,1.255,177.201,0.735,9.664,1.585
19/02/2019 11:00,5.437,0.055,0,1.253,137.173,0.883,10.03,1.119
19/02/2019 12:00,5.338,0.085,0,1.253,48.545,0.952,10.33,0.259
19/02/2019 13:00,5.323,0.085,0,1.252,29.19,0.974,10.586,0.099
19/02/2019 14:00,5.349,0.07,0,1.252,15.058,0.956,10.36,0
19/02/2019 15:00,5.436,0.044,0,1.251,6.77,0.819,10.278,0
19/02/2019 16:00,5.385,0.028,0,1.251,0.001,0.686,10.357,0
20/02/2019 06:00,3.385,0.011,0,1.271,5.156,0.999,8.658,0
20/02/2019 07:00,3.799,0.008,0,1.27,32.734,0.999,8.336,0.14
20/02/2019 08:00,4.399,0.004,0,1.268,77.845,0.996,8.137,0.56
20/02/2019 09:00,4.952,0.001,0,1.267,146.461,0.984,8.092,1.317
20/02/2019 10:00,5.699,0.001,0,1.264,250.161,0.966,7.869,2.864
20/02/2019 11:00,6.214,0.001,0,1.262,260.706,0.762,7.594,3.128
20/02/2019 12:00,6.64,0.001,0,1.26,318.024,0.641,7.451,4.772
20/02/2019 13:00,6.746,0.002,0,1.258,227.503,0.936,7.208,3.15
20/02/2019 14:00,6.454,0.005,0,1.258,99.828,0.972,6.462,0.935
20/02/2019 15:00,5.605,0.008,0,1.26,26.324,0.974,5.869,0.107
20/02/2019 16:00,4.908,0.016,0,1.262,0.01,0.984,5.892,0
21/02/2019 06:00,4.916,0.328,0,1.265,4.85,0.943,7.857,0
21/02/2019 07:00,4.922,0.116,0,1.266,32.518,0.921,7.762,0.131
21/02/2019 08:00,5.169,0.048,0,1.265,60.088,0.966,7.768,0.367
21/02/2019 09:00,5.448,0.172,0,1.264,63.572,0.957,7.772,0.393
21/02/2019 10:00,5.599,0.583,0,1.263,58.324,0.948,7.417,0.343
21/02/2019 11:00,5.813,0.923,0,1.262,76.859,0.944,7.27,0.511
21/02/2019 12:00,6.032,0.57,0,1.26,72.086,0.903,7.356,0.468
21/02/2019 13:00,6.314,0.27,0,1.258,55.014,0.88,7.755,0.315
21/02/2019 14:00,6.355,0.273,0,1.258,18.836,0.894,7.827,0.022
21/02/2019 15:00,6.199,0.13,0,1.259,5.666,0.923,7.58,0
21/02/2019 16:00,5.92,0.056,0,1.261,0.006,0.876,6.969,0
22/02/2019 06:00,-0.84,0,0,1.323,29.05,0.02,7.041,0.472
22/02/2019 07:00,0.117,0,0,1.323,143.875,0.001,7.31,2.955
22/02/2019 08:00,1.128,0,0,1.321,261.304,0.018,7.792,4.949
22/02/2019 09:00,1.89,0,0,1.319,350.716,0.424,7.78,6.251
22/02/2019 10:00,2.389,0,0,1.318,396.96,0.863,7.524,6.815
22/02/2019 11:00,2.575,0,0,1.318,393.283,0.708,7.161,6.648
22/02/2019 12:00,2.533,0,0,1.318,359.109,0.518,6.642,6.16
22/02/2019 13:00,2.269,0,0,1.319,283.594,0.805,6.151,5.013
22/02/2019 14:00,1.774,0,0,1.32,171.744,0.948,5.814,3.033
22/02/2019 15:00,0.839,0,0,1.322,54.548,0.955,5.347,0.77
22/02/2019 16:00,-0.467,0,0,1.324,0.267,0.951,5.208,0
23/02/2019 06:00,-0.021,0,0,1.32,30.365,0.949,5.657,0.427
23/02/2019 07:00,1.489,0,0,1.319,140.431,0.947,6.103,2.566
23/02/2019 08:00,2.342,0,0,1.316,237.2,0.935,6.551,3.999
23/02/2019 09:00,3.039,0,0,1.313,299.85,0.92,6.581,4.746
23/02/2019 10:00,3.695,0,0,1.31,364.229,0.958,6.373,5.824
23/02/2019 11:00,4.209,0,0,1.307,358.133,0.964,6.113,5.594
23/02/2019 12:00,4.522,0,0,1.304,315.78,0.96,5.861,4.867
23/02/2019 13:00,4.64,0,0,1.302,263.53,0.952,5.739,4.233
23/02/2019 14:00,4.432,0,0,1.301,170.429,0.948,5.508,2.781
23/02/2019 15:00,3.195,0,0,1.302,58.432,0.948,5.221,0.784
23/02/2019 16:00,1.745,0,0,1.304,0.511,0.947,5.601,0
24/02/2019 06:00,1.3,0,0,1.307,24.953,0.654,5.81,0.202
24/02/2019 07:00,2.387,0,0,1.307,138.73,0.252,5.909,2.368
24/02/2019 08:00,3.378,0,0,1.303,265.729,0.006,5.6,4.735
24/02/2019 09:00,4.724,0,0,1.297,356.535,0,5.509,6.071
24/02/2019 10:00,6.128,0,0,1.289,406.83,0.015,5.766,6.697
24/02/2019 11:00,7.522,0,0,1.279,412.478,0.246,6.462,6.695
24/02/2019 12:00,8.257,0,0,1.274,372.243,0.801,6.832,6.078
24/02/2019 13:00,8.373,0,0,1.271,285.677,0.841,6.804,4.697
24/02/2019 14:00,7.921,0,0,1.271,175.091,0.929,6.175,2.804
24/02/2019 15:00,6.46,0,0,1.274,58.683,0.881,5.755,0.712
24/02/2019 16:00,5.152,0.002,0,1.278,0.753,0.906,6.066,0
25/02/2019 06:00,1.113,0.003,0.002,1.311,27.052,0.969,6.864,0.21
25/02/2019 07:00,1.975,0.001,0,1.309,129.687,0.948,7.136,1.916
25/02/2019 08:00,3.077,0,0,1.304,277.01,0.69,6.932,4.868
25/02/2019 09:00,4.39,0,0,1.297,365.534,0.297,6.994,6.13
25/02/2019 10:00,5.607,0,0,1.29,384.768,0.406,7.116,6.069
25/02/2019 11:00,6.411,0,0,1.284,368.875,0.543,7.128,5.61
25/02/2019 12:00,6.978,0,0,1.279,358.241,0.782,7.274,5.636
25/02/2019 13:00,7.26,0,0,1.276,296.79,0.909,7.457,4.85
25/02/2019 14:00,7.03,0,0,1.275,186.579,0.951,7.139,3.02
25/02/2019 15:00,6.118,0,0,1.277,64.09,0.926,6.461,0.783
25/02/2019 16:00,5.198,0,0,1.279,1.011,0.948,6.589,0
26/02/2019 05:00,4.284,0.002,0,1.288,0.001,0.832,6.426,0
26/02/2019 06:00,4.438,0.002,0,1.288,20.565,0.697,6.344,0.071
26/02/2019 07:00,4.944,0.001,0,1.286,104.43,0.433,5.883,1.1
26/02/2019 08:00,5.605,0.001,0,1.283,223.307,0.375,5.303,3.101
26/02/2019 09:00,6.488,0,0,1.279,296.301,0.496,4.765,4.189
26/02/2019 10:00,7.537,0,0,1.273,359.352,0.609,4.416,5.258
26/02/2019 11:00,8.131,0,0,1.27,402.191,0.743,4.354,6.144
26/02/2019 12:00,8.294,0,0,1.269,365.654,0.94,4.633,5.631
26/02/2019 13:00,8.257,0,0,1.268,283.84,0.95,4.989,4.348
26/02/2019 14:00,8.022,0,0,1.267,182.424,0.947,5.043,2.726
26/02/2019 15:00,6.913,0,0,1.269,66.602,0.956,4.79,0.765
26/02/2019 16:00,5.496,0,0,1.271,1.606,0.972,4.956,0
27/02/2019 05:00,2.003,0.001,0,1.294,0.007,0.567,6.436,0
27/02/2019 06:00,2.035,0.001,0,1.293,31.31,0.489,6.554,0.258
27/02/2019 07:00,2.827,0,0,1.29,136.931,0.106,6.672,1.952
27/02/2019 08:00,4.004,0,0,1.284,283.883,0.005,6.494,4.808
27/02/2019 09:00,5.623,0,0,1.275,368.701,0.002,6.351,5.988
27/02/2019 10:00,7.29,0,0,1.264,415.412,0.004,6.694,6.527
27/02/2019 11:00,8.61,0,0,1.254,420.6,0.379,7.24,6.51
27/02/2019 12:00,9.225,0,0,1.249,359.03,0.636,7.402,5.442
27/02/2019 13:00,9.436,0,0,1.245,289.015,0.121,7.2,4.434
27/02/2019 14:00,9.18,0,0,1.243,201.988,0.001,6.687,3.246
27/02/2019 15:00,7.89,0,0,1.243,79.499,0.098,6.616,1.123
27/02/2019 16:00,6.487,0,0,1.245,2.731,0.144,7.263,0
28/02/2019 05:00,3.317,0.025,0,1.263,0.004,0.943,7.81,0
28/02/2019 06:00,3.503,0.022,0,1.262,8.528,0.943,7.922,0
28/02/2019 07:00,3.618,0.015,0,1.263,34.866,0.955,7.768,0.154
28/02/2019 08:00,3.584,0.008,0,1.264,76.089,0.899,7.476,0.534
28/02/2019 09:00,4.296,0.001,0,1.262,181.427,0.385,7.072,1.764
28/02/2019 10:00,5.954,0,0,1.255,436.157,0.004,6.414,6.71
28/02/2019 11:00,7.297,0,0,1.247,453.599,0,6.156,7.063
28/02/2019 12:00,8.028,0,0,1.242,414.364,0.002,6.329,6.513
28/02/2019 13:00,8.139,0,0,1.24,334.292,0.01,6.427,5.391
28/02/2019 14:00,7.747,0,0,1.24,220.501,0.015,6.274,3.631
28/02/2019 15:00,6.218,0,0,1.244,90.034,0.018,5.802,1.342
28/02/2019 16:00,4.069,0,0,1.249,3.944,0.082,5.79,0
01/03/2019 05:00,0.725,0.002,0,1.277,0.131,0.98,2.27,0
01/03/2019 06:00,0.723,0.003,0,1.279,30.884,0.986,2.552,0.181
01/03/2019 07:00,1.003,0.003,0,1.279,78.116,0.997,2.739,0.621
01/03/2019 08:00,1.695,0.001,0,1.277,146.288,0.97,2.951,1.415
01/03/2019 09:00,3.203,0.001,0,1.272,316.261,0.883,3.47,4.432
01/03/2019 10:00,4.81,0,0,1.265,432.614,0.865,3.855,6.674
01/03/2019 11:00,5.765,0,0,1.259,430.966,0.828,4.175,6.579
01/03/2019 12:00,6.084,0,0,1.257,386.724,0.755,4.409,5.891
01/03/2019 13:00,5.951,0,0,1.258,306.663,0.773,4.53,4.672
01/03/2019 14:00,5.489,0,0,1.26,192.972,0.892,4.551,2.757
01/03/2019 15:00,4.318,0.001,0,1.263,67.203,0.943,4.477,0.643
01/03/2019 16:00,2.621,0.001,0,1.269,3.626,0.909,4.809,0
02/03/2019 05:00,0.767,0.023,0.004,1.281,0.188,0.623,5.417,0
02/03/2019 06:00,1.21,0.021,0.004,1.28,30.595,0.642,5.55,0.157
02/03/2019 07:00,1.935,0.019,0.003,1.279,98.244,0.658,5.976,0.864
02/03/2019 08:00,2.415,0.015,0,1.277,158.514,0.422,6.251,1.535
02/03/2019 09:00,2.98,0.014,0,1.275,240.875,0.351,6.352,2.66
02/03/2019 10:00,3.669,0.009,0,1.272,353.223,0.202,6.271,4.696
02/03/2019 11:00,4.242,0.006,0,1.269,388.034,0.181,6.138,5.452
02/03/2019 12:00,4.548,0.004,0,1.267,359.473,0.448,6.102,5.08
02/03/2019 13:00,4.576,0.004,0,1.265,266.598,0.926,6.129,3.47
02/03/2019 14:00,4.309,0.003,0,1.264,128.394,0.969,6.065,1.223
02/03/2019 15:00,3.817,0.002,0,1.264,49.094,0.972,5.754,0.315
02/03/2019 16:00,3.126,0.002,0,1.264,3.087,0.974,6.109,0
03/03/2019 05:00,4.636,0.608,0,1.244,0.215,0.816,9.06,0
03/03/2019 06:00,4.967,0.81,0,1.242,14.137,0.884,9.729,0
03/03/2019 07:00,5.487,0.206,0,1.238,24.787,0.88,10.975,0.066
03/03/2019 08:00,6.04,0.023,0,1.236,68.17,0.977,10.501,0.438
03/03/2019 09:00,6.729,0.007,0,1.233,159.448,0.984,10.032,1.358
03/03/2019 10:00,7.405,0.001,0,1.23,265.181,0.988,10.198,2.682
03/03/2019 11:00,7.763,0,0,1.229,291.854,0.993,9.974,3.082
03/03/2019 12:00,7.66,0,0,1.229,204.396,0.993,9.525,1.89
03/03/2019 13:00,7.394,0,0,1.23,174.259,0.972,8.95,1.596
03/03/2019 14:00,7.091,0,0,1.23,154.306,0.962,8.363,1.531
03/03/2019 15:00,6.358,0,0,1.232,56.953,0.982,7.641,0.388
03/03/2019 16:00,5.31,0,0,1.235,3.806,0.992,6.77,0
04/03/2019 05:00,6.196,0.025,0,1.221,0.423,0.819,9.439,0
04/03/2019 06:00,6.106,0.058,0,1.221,35.969,0.774,9.042,0.185
04/03/2019 07:00,6.499,0.109,0,1.219,90.29,0.759,9.1,0.692
04/03/2019 08:00,7.017,0.189,0,1.215,136.374,0.624,8.89,1.141
04/03/2019 09:00,7.464,0.243,0,1.212,204.011,0.631,9.203,1.865
04/03/2019 10:00,7.555,0.272,0,1.21,167.271,0.789,9.178,1.407
04/03/2019 11:00,7.832,0.666,0,1.207,175.892,0.684,9.771,1.489
04/03/2019 12:00,7.837,1.798,0,1.205,158.322,0.791,10.236,1.311
04/03/2019 13:00,7.367,1.23,0,1.207,92.195,0.856,11.06,0.657
04/03/2019 14:00,6.639,0.279,0,1.21,57.404,0.852,10.5,0.34
04/03/2019 15:00,5.817,0.106,0,1.214,34.431,0.833,10.312,0.148
04/03/2019 16:00,5.072,0.052,0,1.217,4.793,0.722,10.289,0
05/03/2019 05:00,4.114,0.439,0,1.233,0.144,0.998,10.851,0
05/03/2019 06:00,4.033,0.446,0,1.234,8.563,0.998,10.403,0
05/03/2019 07:00,4.108,0.475,0,1.236,25.563,0.998,10.094,0.072
05/03/2019 08:00,4.339,0.492,0,1.236,48.058,0.998,9.686,0.255
05/03/2019 09:00,4.595,0.445,0,1.236,75.396,0.997,9.258,0.498
05/03/2019 10:00,4.794,0.393,0,1.237,90.669,0.996,8.739,0.638
05/03/2019 11:00,4.907,0.349,0,1.238,108.636,0.995,8.261,0.808
05/03/2019 12:00,4.887,0.308,0,1.24,120.581,0.996,7.956,0.926
05/03/2019 13:00,4.599,0.296,0,1.242,73.18,0.997,7.242,0.479
05/03/2019 14:00,4.251,0.319,0,1.246,48.229,0.997,6.485,0.258
05/03/2019 15:00,3.869,0.426,0,1.249,20.404,0.996,5.709,0.034
05/03/2019 16:00,3.452,0.53,0.002,1.251,1.56,0.996,5.058,0
06/03/2019 05:00,2.833,0.015,0,1.266,0.733,0.975,5.057,0
06/03/2019 06:00,3.158,0.009,0,1.265,26.56,0.987,5.51,0.088
06/03/2019 07:00,3.677,0.004,0,1.264,74.855,0.99,6.195,0.52
06/03/2019 08:00,4.202,0.002,0,1.262,131.778,0.992,6.814,1.085
06/03/2019 09:00,4.621,0.001,0,1.26,205.342,0.994,7.206,1.884
06/03/2019 10:00,4.964,0,0,1.258,243.434,0.993,7.578,2.301
06/03/2019 11:00,5.084,0.001,0,1.256,198.563,0.993,7.596,1.747
06/03/2019 12:00,4.934,0.012,0,1.255,129.983,0.992,7.688,1.026
06/03/2019 13:00,4.72,0.106,0,1.255,80.112,0.994,7.741,0.546
06/03/2019 14:00,4.506,0.353,0,1.254,45.711,0.996,7.857,0.237
06/03/2019 15:00,4.461,0.461,0,1.253,17.752,0.996,8.422,0.015
06/03/2019 16:00,4.496,0.381,0,1.251,1.954,0.995,8.963,0
07/03/2019 05:00,5.46,0.26,0,1.23,0.198,0.998,7.343,0
07/03/2019 06:00,5.541,0.353,0,1.23,8.4,0.998,7.149,0
07/03/2019 07:00,5.687,0.77,0,1.229,22.575,0.997,7.177,0.048
07/03/2019 08:00,5.863,0.928,0,1.228,37.063,0.996,7.229,0.16
07/03/2019 09:00,6.029,0.374,0,1.227,62.192,0.996,7.105,0.376
07/03/2019 10:00,6.529,0.142,0,1.225,156.379,0.994,7.356,1.271
07/03/2019 11:00,6.98,0.289,0,1.221,135.545,0.997,7.51,1.06
07/03/2019 12:00,7.153,0.302,0,1.219,77.55,0.996,7.496,0.511
07/03/2019 13:00,7.685,0.158,0,1.214,94.559,0.933,8.785,0.672
07/03/2019 14:00,8.376,0.081,0,1.211,115.865,0.522,11.236,0.915
07/03/2019 15:00,7.388,0.023,0,1.219,82.754,0.136,12.798,0.663
07/03/2019 16:00,5.759,0.003,0,1.229,12.101,0.086,12.485,0
08/03/2019 05:00,4.928,0.076,0,1.228,0.559,0.744,10.237,0
08/03/2019 06:00,5.153,0.098,0,1.228,23.129,0.874,10.183,0.059
08/03/2019 07:00,5.396,0.119,0,1.227,35.705,0.991,10.471,0.154
08/03/2019 08:00,5.501,0.084,0,1.228,47.857,0.914,10.893,0.256
08/03/2019 09:00,5.801,0.01,0,1.23,219.572,0.44,12.487,2.151
08/03/2019 10:00,6.475,0.001,0,1.231,468.909,0.174,14.397,6.66
08/03/2019 11:00,6.867,0,0,1.232,499.209,0.023,15.587,7.251
08/03/2019 12:00,6.607,0,0,1.236,462.893,0.016,15.857,6.818
08/03/2019 13:00,6.256,0,0,1.239,384.341,0.01,15.56,5.793
08/03/2019 14:00,5.877,0,0,1.242,267.606,0.017,15.117,4.076
08/03/2019 15:00,5.365,0,0,1.246,126.904,0.042,13.955,1.719
08/03/2019 16:00,4.714,0,0,1.249,15.918,0.057,12.422,0.053
09/03/2019 05:00,3.342,0.653,0,1.25,0.805,0.972,9.3,0
09/03/2019 06:00,3.529,1.204,0,1.246,10.531,0.994,10.327,0
09/03/2019 07:00,3.441,1.27,0.004,1.245,20.242,0.995,11.374,0.032
09/03/2019 08:00,3.9,0.601,0.005,1.241,33.73,0.939,11.13,0.136
09/03/2019 09:00,5.368,0.209,0.001,1.234,104.166,0.667,12.163,0.77
09/03/2019 10:00,6.251,0.083,0,1.231,240.733,0.516,13.472,2.218
09/03/2019 11:00,6.543,0.2,0,1.231,266.123,0.636,13.384,2.543
09/03/2019 12:00,6.595,0.244,0,1.231,211.579,0.734,13.165,1.902
09/03/2019 13:00,6.646,0.135,0,1.23,156.144,0.539,13.021,1.318
09/03/2019 14:00,6.652,0.056,0,1.23,159.712,0.371,13.047,1.47
09/03/2019 15:00,6.186,0.024,0,1.232,87.527,0.405,12.614,0.713
09/03/2019 16:00,5.394,0.013,0,1.235,10.279,0.447,11.909,0
10/03/2019 05:00,3.564,0.008,0,1.249,3.133,0.599,11.221,0
10/03/2019 06:00,3.43,0.003,0,1.251,82.179,0.172,9.71,0.853
10/03/2019 07:00,3.955,0.004,0,1.25,222.952,0.099,8.898,3.178
10/03/2019 08:00,4.736,0.015,0,1.247,324.838,0.156,8.889,4.579
10/03/2019 09:00,5.258,0.015,0,1.245,378.266,0.247,8.747,5.079
10/03/2019 10:00,5.642,0.02,0,1.243,417.746,0.562,8.451,5.466
10/03/2019 11:00,5.675,0.032,0,1.242,310.495,0.903,7.949,3.37
10/03/2019 12:00,5.529,0.046,0,1.242,217.02,0.978,7.375,2.036
10/03/2019 13:00,5.306,0.038,0,1.242,164.66,0.99,6.835,1.446
10/03/2019 14:00,4.956,0.032,0,1.242,105.976,0.99,6.212,0.835
10/03/2019 15:00,4.427,0.021,0,1.244,60.866,0.978,5.721,0.402
10/03/2019 16:00,3.28,0.011,0,1.246,12.399,0.902,5.688,0
11/03/2019 05:00,-0.862,0,0,1.271,7.009,0.891,4.281,0
11/03/2019 06:00,0.313,0,0,1.271,72.485,0.917,4.089,0.678
11/03/2019 07:00,1.524,0,0,1.27,164.441,0.844,3.927,1.877
11/03/2019 08:00,2.289,0,0,1.268,286.045,0.616,3.627,3.818
11/03/2019 09:00,3.346,0.001,0,1.265,423.808,0.345,3.727,6.145
11/03/2019 10:00,4.285,0.001,0,1.262,509.847,0.15,4.181,7.426
11/03/2019 11:00,4.893,0,0,1.259,525.723,0.032,4.795,7.638
11/03/2019 12:00,5.216,0,0,1.258,485.77,0.095,5.53,7.121
11/03/2019 13:00,5.196,0,0,1.257,391.847,0.414,6.409,5.78
11/03/2019 14:00,4.727,0,0,1.259,217.434,0.624,7.167,2.76
11/03/2019 15:00,3.827,0,0,1.263,110.823,0.315,7.298,1.205
11/03/2019 16:00,1.948,0,0,1.269,25.351,0.026,6.853,0.18
12/03/2019 05:00,0.57,0.004,0.001,1.284,6.417,0.844,6.191,0
12/03/2019 06:00,1.331,0.007,0.001,1.284,56.504,0.943,6.335,0.366
12/03/2019 07:00,1.919,0.011,0,1.281,82.726,0.972,6.413,0.59
12/03/2019 08:00,2.338,0.015,0,1.279,96.601,0.99,6.359,0.709
12/03/2019 09:00,2.754,0.015,0,1.276,104.103,0.999,6.436,0.774
12/03/2019 10:00,3.237,0.018,0,1.273,92.775,0.999,6.826,0.662
12/03/2019 11:00,3.738,0.014,0,1.269,101.105,0.999,7.147,0.738
12/03/2019 12:00,4.12,0.016,0,1.266,108.681,0.998,7.422,0.811
12/03/2019 13:00,4.294,0.059,0,1.263,107.319,0.996,7.823,0.802
12/03/2019 14:00,4.172,0.188,0,1.261,72.104,0.996,8.212,0.473
12/03/2019 15:00,3.957,0.332,0,1.26,31.414,0.996,8.659,0.118
12/03/2019 16:00,3.823,0.456,0,1.258,5.081,0.997,9.306,0
13/03/2019 05:00,3.738,0.011,0.001,1.241,8.101,0.181,8.967,0
13/03/2019 06:00,3.969,0.003,0,1.242,102.429,0.222,9.469,1.094
13/03/2019 07:00,4.535,0.066,0,1.241,211.556,0.73,10.415,2.519
13/03/2019 08:00,4.639,0.336,0,1.241,181.799,0.839,11.556,1.659
13/03/2019 09:00,4.574,0.284,0,1.241,146.386,0.783,11.911,1.203
13/03/2019 10:00,5.333,0.078,0,1.237,219.359,0.671,11.893,1.972
13/03/2019 11:00,6.115,0.06,0,1.233,270.239,0.77,12.062,2.577
13/03/2019 12:00,6.28,0.053,0,1.231,215.089,0.699,11.942,1.943
13/03/2019 13:00,6.319,0.03,0,1.23,197.743,0.621,11.867,1.791
13/03/2019 14:00,6.231,0.12,0,1.229,134.048,0.763,12.007,1.116
13/03/2019 15:00,5.798,0.482,0,1.23,49.951,0.932,12.103,0.279
13/03/2019 16:00,5.274,0.798,0,1.232,5.933,0.962,11.757,0
14/03/2019 05:00,3.103,0.008,0,1.248,4.786,0.879,8.784,0
14/03/2019 06:00,3.132,0.006,0,1.249,33.817,0.899,8.586,0.142
14/03/2019 07:00,3.626,0.006,0,1.247,151.086,0.958,8.116,1.361
14/03/2019 08:00,4.485,0.016,0,1.243,217.162,0.993,8.027,2.064
14/03/2019 09:00,5.144,0.08,0,1.238,189.563,0.997,8.153,1.642
14/03/2019 10:00,5.429,0.155,0,1.236,167.174,0.989,8.348,1.383
14/03/2019 11:00,5.543,0.204,0,1.234,157.959,0.92,8.517,1.286
14/03/2019 12:00,5.602,0.156,0,1.232,147.779,0.915,8.419,1.188
14/03/2019 13:00,5.503,0.155,0,1.231,118.242,0.985,7.888,0.905
14/03/2019 14:00,5.265,0.212,0,1.231,94.578,0.992,7.647,0.685
14/03/2019 15:00,4.909,0.254,0,1.231,34.813,0.995,7.781,0.145
14/03/2019 16:00,4.578,0.234,0,1.232,6.115,0.996,7.694,0
15/03/2019 05:00,3.914,0.012,0,1.24,6.189,0.572,7.616,0
15/03/2019 06:00,4.028,0.008,0,1.242,62.337,0.789,7.88,0.407
15/03/2019 07:00,4.236,0.012,0,1.242,98.873,0.844,8.072,0.741
15/03/2019 08:00,4.602,0.014,0,1.241,155.898,0.925,7.962,1.301
15/03/2019 09:00,5.164,0.018,0,1.238,184.171,0.994,7.464,1.566
15/03/2019 10:00,5.509,0.028,0,1.235,160.913,0.995,6.935,1.313
15/03/2019 11:00,5.672,0.101,0,1.233,140.145,0.994,6.478,1.105
15/03/2019 12:00,5.693,0.36,0,1.231,143.275,0.99,6.839,1.138
15/03/2019 13:00,5.383,0.754,0,1.231,112.109,0.964,7.865,0.841
15/03/2019 14:00,4.778,1.597,0,1.231,72.286,0.931,8.695,0.471
15/03/2019 15:00,3.943,1.959,0,1.232,28.768,0.936,9.097,0.096
15/03/2019 16:00,3.73,1.192,0.002,1.23,4.762,0.94,8.974,0
16/03/2019 05:00,4.25,0.025,0,1.245,3.95,0.904,9.002,0
16/03/2019 06:00,4.493,0.025,0,1.245,30.048,0.918,9.307,0.107
16/03/2019 07:00,4.79,0.023,0,1.245,67.789,0.951,9.577,0.432
16/03/2019 08:00,5.129,0.019,0,1.244,110.109,0.985,9.936,0.826
16/03/2019 09:00,5.396,0.011,0,1.244,143.606,0.994,9.589,1.145
16/03/2019 10:00,5.83,0.008,0,1.242,195.068,0.997,9.195,1.654
16/03/2019 11:00,6.163,0.011,0,1.241,195.731,0.997,8.684,1.658
16/03/2019 12:00,6.298,0.013,0,1.24,184.419,0.996,8.021,1.548
16/03/2019 13:00,6.217,0.01,0,1.239,138.826,0.995,7.233,1.1
16/03/2019 14:00,5.899,0.015,0,1.24,86.387,0.993,6.62,0.6
16/03/2019 15:00,5.268,0.087,0,1.242,41.399,0.993,6.175,0.199
16/03/2019 16:00,4.433,0.299,0,1.246,8.76,0.993,6.116,0
17/03/2019 05:00,6.671,0.13,0,1.222,5.927,0.981,11.49,0
17/03/2019 06:00,6.751,0.236,0,1.222,38.655,0.981,11.717,0.178
17/03/2019 07:00,6.85,0.468,0,1.222,81.842,0.962,11.624,0.564
17/03/2019 08:00,6.701,0.629,0,1.223,117.417,0.964,10.75,0.901
17/03/2019 09:00,6.632,0.367,0,1.225,172.677,0.937,10.388,1.456
17/03/2019 10:00,6.877,0.062,0,1.226,295.014,0.743,10.616,2.903
17/03/2019 11:00,7.37,0.008,0,1.226,456.043,0.243,10.909,5.59
17/03/2019 12:00,7.636,0.005,0,1.225,486.972,0.132,11.567,6.379
17/03/2019 13:00,7.44,0.013,0,1.226,355.36,0.321,11.992,4.342
17/03/2019 14:00,7.048,0.021,0,1.227,221.181,0.329,12.017,2.343
17/03/2019 15:00,6.565,0.016,0,1.229,133.659,0.369,11.946,1.284
17/03/2019 16:00,5.947,0.009,0,1.231,28.178,0.597,12.031,0.105
17/03/2019 17:00,5.483,0.01,0,1.234,0.003,0.649,12.265,0
18/03/2019 05:00,4.299,0.105,0,1.242,9.597,0.674,12.009,0
18/03/2019 06:00,4.428,0.12,0,1.242,59.177,0.808,11.568,0.376
18/03/2019 07:00,4.766,0.097,0,1.242,122.713,0.747,11.124,1.012
18/03/2019 08:00,5.382,0.052,0,1.241,231.989,0.506,10.712,2.315
18/03/2019 09:00,6.198,0.02,0,1.239,403.745,0.175,10.195,4.978
18/03/2019 10:00,6.797,0.012,0,1.238,499.354,0.141,9.72,6.497
18/03/2019 11:00,7.04,0.012,0,1.239,501.036,0.183,9.36,6.461
18/03/2019 12:00,6.815,0.011,0,1.24,372.374,0.383,9.189,4.31
18/03/2019 13:00,6.462,0.009,0,1.243,287.913,0.405,9.254,3.099
18/03/2019 14:00,5.917,0.005,0,1.247,206.603,0.411,9.432,2.098
18/03/2019 15:00,5.313,0.001,0,1.251,127.077,0.233,9.176,1.196
18/03/2019 16:00,4.512,0,0,1.254,46.196,0.085,8.643,0.317
18/03/2019 17:00,3.618,0,0,1.259,0.026,0.07,8.207,0
19/03/2019 05:00,0.524,0,0,1.283,27.918,0.066,6.008,0.14
19/03/2019 06:00,2.424,0,0,1.283,155.347,0.231,6.149,2.097
19/03/2019 07:00,3.726,0,0,1.281,302.097,0.05,6.365,4.369
19/03/2019 08:00,4.671,0,0,1.279,432.653,0.001,6.749,6.185
19/03/2019 09:00,5.383,0,0,1.277,528.883,0.001,6.968,7.384
19/03/2019 10:00,5.882,0,0,1.276,581.294,0.002,7.079,7.981
19/03/2019 11:00,6.174,0,0,1.275,587.701,0.001,7.274,8.038
19/03/2019 12:00,6.245,0,0,1.275,547.443,0,7.488,7.56
19/03/2019 13:00,6.11,0,0,1.275,463.289,0,7.589,6.517
19/03/2019 14:00,5.811,0,0,1.276,343.49,0,7.411,4.9
19/03/2019 15:00,5.285,0,0,1.278,200.708,0.001,6.678,2.764
19/03/2019 16:00,3.834,0,0,1.28,59.39,0.001,5.357,0.57
19/03/2019 17:00,2.349,0,0,1.282,0.127,0.002,4.879,0
20/03/2019 05:00,2.666,0.011,0,1.291,7.702,0.997,7.226,0
20/03/2019 06:00,3.342,0.049,0,1.288,43.778,0.997,7.728,0.222
20/03/2019 07:00,3.99,0.116,0,1.285,72.552,0.997,8.166,0.475
20/03/2019 08:00,4.522,0.167,0,1.282,101.54,0.997,8.348,0.74
20/03/2019 09:00,4.874,0.216,0,1.28,110.948,0.994,8.564,0.824
20/03/2019 10:00,5.123,0.267,0,1.279,94.826,0.989,8.841,0.67
20/03/2019 11:00,5.552,0.17,0,1.276,75.522,0.986,9.025,0.492
20/03/2019 12:00,6.223,0.066,0,1.272,87.964,0.985,8.777,0.604
20/03/2019 13:00,6.828,0.046,0,1.268,78.887,0.991,8.182,0.52
20/03/2019 14:00,7.227,0.032,0,1.265,54.75,0.992,7.803,0.306
20/03/2019 15:00,7.257,0.016,0,1.264,39.165,0.996,7.31,0.176
20/03/2019 16:00,6.982,0.01,0,1.265,16.625,0.989,6.73,0.006
20/03/2019 17:00,6.368,0.006,0,1.267,0.14,0.987,6.37,0
21/03/2019 05:00,5.363,0.023,0,1.278,9.39,0.788,7.232,0
21/03/2019 06:00,5.526,0.019,0,1.278,42.431,0.86,7.979,0.208
21/03/2019 07:00,5.844,0.016,0,1.277,73.221,0.824,8.174,0.479
21/03/2019 08:00,6.405,0.01,0,1.274,136.361,0.754,8.501,1.078
21/03/2019 09:00,7.05,0.007,0,1.271,212.677,0.758,9.187,1.846
21/03/2019 10:00,7.624,0.008,0,1.268,248.774,0.849,9.424,2.215
21/03/2019 11:00,8.259,0.007,0,1.264,253.507,0.856,9.575,2.26
21/03/2019 12:00,8.941,0.006,0,1.259,255.28,0.817,9.674,2.297
21/03/2019 13:00,9.361,0.007,0,1.256,225.98,0.746,9.513,2.017
21/03/2019 14:00,9.472,0.007,0,1.254,175.599,0.687,9.221,1.517
21/03/2019 15:00,9.356,0.005,0,1.254,109.217,0.562,8.96,0.851
21/03/2019 16:00,8.992,0.006,0,1.255,38.562,0.619,8.927,0.181
21/03/2019 17:00,8.502,0.007,0,1.258,0.275,0.71,8.738,0
22/03/2019 05:00,4.52,0.01,0,1.289,16.136,0.952,2.516,0.004
22/03/2019 06:00,4.317,0.018,0,1.292,60.53,0.975,2.565,0.376
22/03/2019 07:00,4.231,0.019,0,1.294,114.054,0.964,2.797,0.89
22/03/2019 08:00,4.375,0.017,0,1.295,167.094,0.962,3.305,1.421
22/03/2019 09:00,4.686,0.012,0,1.293,219.537,0.967,3.712,1.964
22/03/2019 10:00,5.143,0.008,0,1.291,265.911,0.844,3.992,2.475
22/03/2019 11:00,5.787,0.005,0,1.288,349.66,0.568,4.45,3.58
22/03/2019 12:00,6.418,0.002,0,1.284,403.838,0.258,4.866,4.592
22/03/2019 13:00,6.712,0.002,0,1.281,395.338,0.409,5.323,4.813
22/03/2019 14:00,6.615,0.002,0,1.279,303.194,0.726,5.807,3.638
22/03/2019 15:00,6.095,0.003,0,1.28,154.098,0.829,6.288,1.496
22/03/2019 16:00,5.352,0.005,0,1.282,42.908,0.872,6.53,0.228
22/03/2019 17:00,4.77,0.011,0,1.284,0.381,0.928,6.504,0
23/03/2019 05:00,5.358,0.017,0,1.273,6.845,0.995,5.882,0
23/03/2019 06:00,5.642,0.009,0,1.272,37.593,0.994,5.83,0.167
23/03/2019 07:00,6.107,0.006,0,1.27,88.148,0.993,6.244,0.619
23/03/2019 08:00,6.673,0.006,0,1.267,146.237,0.997,6.691,1.178
23/03/2019 09:00,7.235,0.005,0,1.264,162.059,0.982,7.236,1.323
23/03/2019 10:00,7.938,0.003,0,1.261,249.713,0.838,7.871,2.238
23/03/2019 11:00,8.724,0.001,0,1.258,367.78,0.62,8.432,3.772
23/03/2019 12:00,9.233,0,0,1.256,466.665,0.294,8.885,5.585
23/03/2019 13:00,9.272,0,0,1.256,465.937,0.183,9.356,5.967
23/03/2019 14:00,8.785,0,0,1.259,351.717,0.356,9.513,4.481
23/03/2019 15:00,7.936,0,0,1.262,181.066,0.643,8.917,1.921
23/03/2019 16:00,6.847,0,0,1.266,59.9,0.283,8.077,0.409
23/03/2019 17:00,5.46,0,0,1.271,1.325,0.026,7.734,0
24/03/2019 05:00,3.552,0.001,0,1.287,11.031,0.997,6.306,0
24/03/2019 06:00,3.872,0.001,0,1.286,41.694,0.997,6.168,0.203
24/03/2019 07:00,4.199,0,0,1.285,75.037,0.996,5.958,0.499
24/03/2019 08:00,4.752,0,0,1.281,123.927,0.994,5.887,0.962
24/03/2019 09:00,5.295,0,0,1.278,161.63,0.991,5.873,1.328
24/03/2019 10:00,5.999,0,0,1.275,247.302,0.806,6.119,2.238
24/03/2019 11:00,7.141,0,0,1.269,493.943,0.273,6.581,5.836
24/03/2019 12:00,7.813,0,0,1.264,551.703,0.054,6.982,7.016
24/03/2019 13:00,7.909,0,0,1.262,468.919,0.204,7.312,6.004
24/03/2019 14:00,7.679,0,0,1.26,332.977,0.702,7.567,4.07
24/03/2019 15:00,7.119,0,0,1.26,158.139,0.884,7.331,1.498
24/03/2019 16:00,6.276,0,0,1.261,46.394,0.768,7.158,0.253
24/03/2019 17:00,5.368,0.001,0,1.263,1.414,0.619,7.56,0
25/03/2019 05:00,3.276,0.201,0.035,1.264,8.382,0.921,6.485,0
25/03/2019 06:00,3.397,0.082,0.008,1.264,55.065,0.832,7.046,0.324
25/03/2019 07:00,3.82,0.047,0,1.264,209.87,0.678,7.206,2.044
25/03/2019 08:00,4.392,0.039,0,1.263,265.015,0.614,6.923,2.648
25/03/2019 09:00,5.021,0.038,0,1.262,356.787,0.615,6.641,3.802
25/03/2019 10:00,5.708,0.032,0,1.26,406.386,0.495,6.496,4.452
25/03/2019 11:00,6.38,0.028,0,1.258,454.214,0.461,6.471,5.214
25/03/2019 12:00,6.947,0.022,0,1.256,460.502,0.44,6.539,5.456
25/03/2019 13:00,7.259,0.016,0,1.255,371.339,0.417,6.721,4.222
25/03/2019 14:00,7.318,0.01,0,1.254,241.67,0.493,6.921,2.44
25/03/2019 15:00,7.144,0.002,0,1.255,152.041,0.351,6.68,1.396
25/03/2019 16:00,6.428,0,0,1.257,71.195,0.163,6.724,0.525
25/03/2019 17:00,5.16,0,0,1.263,2.652,0.041,7.422,0
26/03/2019 04:00,3.231,0.018,0,1.276,0.012,0.763,9.734,0
26/03/2019 05:00,3.524,0.006,0,1.275,23.004,0.669,9.813,0.052
26/03/2019 06:00,4.035,0.001,0,1.274,111.227,0.252,9.768,0.921
26/03/2019 07:00,5.052,0,0,1.27,326.251,0.012,9.553,4.089
26/03/2019 08:00,6.21,0,0,1.266,465.085,0.172,9.136,6.031
26/03/2019 09:00,6.932,0,0,1.263,532.318,0.799,8.874,6.755
26/03/2019 10:00,7.192,0,0,1.263,515.539,0.942,8.634,6.261
26/03/2019 11:00,7.183,0,0,1.263,458.432,0.961,8.397,5.244
26/03/2019 12:00,6.998,0,0,1.264,384.799,0.988,8.336,4.144
26/03/2019 13:00,6.712,0,0,1.266,308.122,0.993,8.392,3.132
26/03/2019 14:00,6.16,0,0,1.268,167.906,0.993,8.12,1.442
26/03/2019 15:00,5.461,0,0,1.271,75.92,0.993,7.295,0.51
26/03/2019 16:00,4.691,0,0,1.274,24.79,0.994,6.574,0.065
26/03/2019 17:00,4.003,0,0,1.276,1.25,0.99,6.203,0
27/03/2019 04:00,4.763,0.032,0,1.276,0.014,0.979,7.029,0
27/03/2019 05:00,5.058,0.034,0,1.275,6.057,0.96,7.047,0
27/03/2019 06:00,5.444,0.03,0,1.273,29.842,0.912,7.305,0.102
27/03/2019 07:00,5.89,0.03,0,1.271,79.289,0.865,7.429,0.528
27/03/2019 08:00,6.34,0.035,0,1.269,110.763,0.882,7.384,0.816
27/03/2019 09:00,6.73,0.043,0,1.267,103.698,0.91,7.304,0.746
27/03/2019 10:00,7.148,0.042,0,1.264,108.001,0.895,7.367,0.783
27/03/2019 11:00,7.629,0.037,0,1.261,121.454,0.877,7.412,0.906
27/03/2019 12:00,8.086,0.034,0,1.258,135.501,0.815,7.448,1.037
27/03/2019 13:00,8.427,0.059,0,1.256,151.253,0.725,7.502,1.191
27/03/2019 14:00,8.498,0.064,0,1.256,145.04,0.74,7.303,1.143
27/03/2019 15:00,8.238,0.028,0,1.256,86.252,0.777,7.03,0.591
27/03/2019 16:00,7.74,0.009,0,1.258,31.815,0.78,6.606,0.116
27/03/2019 17:00,6.937,0.003,0,1.261,1.877,0.677,6.432,0
28/03/2019 04:00,5.749,0.03,0,1.275,0.028,0.939,4.739,0
28/03/2019 05:00,5.986,0.043,0,1.275,9.656,0.89,4.804,0
28/03/2019 06:00,6.466,0.022,0,1.274,52.931,0.912,4.744,0.294
28/03/2019 07:00,6.867,0.014,0,1.274,87.53,0.887,4.639,0.604
28/03/2019 08:00,7.258,0.012,0,1.272,136.942,0.902,4.791,1.068
28/03/2019 09:00,7.677,0.013,0,1.271,177.402,0.926,4.653,1.454
28/03/2019 10:00,8.06,0.015,0,1.27,203.965,0.939,4.651,1.709
28/03/2019 11:00,8.429,0.018,0,1.268,220.953,0.912,5.09,1.877
28/03/2019 12:00,8.818,0.012,0,1.266,226.706,0.766,5.675,1.946
28/03/2019 13:00,9.334,0.003,0,1.263,246.534,0.576,6.006,2.207
28/03/2019 14:00,9.871,0.001,0,1.259,278.437,0.314,6.091,2.808
28/03/2019 15:00,10.051,0,0,1.256,217.158,0.109,5.747,2.259
28/03/2019 16:00,9.288,0,0,1.255,91.274,0.097,4.825,0.712
28/03/2019 17:00,7.596,0,0,1.257,5.228,0.138,4.88,0
29/03/2019 04:00,4.636,0.003,0,1.286,0.377,0.818,6.992,0
29/03/2019 05:00,5.006,0.003,0,1.284,29,0.678,7.415,0.096
29/03/2019 06:00,5.935,0.001,0,1.28,166.571,0.484,7.52,1.653
29/03/2019 07:00,7.346,0,0,1.273,287.707,0.243,8.209,3.306
29/03/2019 08:00,8.873,0,0,1.265,417.758,0.245,9.107,5.086
29/03/2019 09:00,9.939,0,0,1.259,520.22,0.15,9.674,6.403
29/03/2019 10:00,10.478,0,0,1.255,573.368,0.155,9.612,7.037
29/03/2019 11:00,10.858,0,0,1.252,599.203,0.148,9.46,7.368
29/03/2019 12:00,11.119,0,0,1.249,569.877,0.099,9.286,7.048
29/03/2019 13:00,11.204,0,0,1.247,503.025,0.387,9.094,6.276
29/03/2019 14:00,11.011,0,0,1.246,378.503,0.838,8.776,4.662
29/03/2019 15:00,10.527,0,0,1.246,231.206,0.923,8.135,2.6
29/03/2019 16:00,9.562,0,0,1.249,91.853,0.936,7.45,0.733
29/03/2019 17:00,8.125,0,0,1.252,6.679,0.898,7.173,0
30/03/2019 04:00,3.866,0.004,0,1.279,0.639,0.904,6.188,0
30/03/2019 05:00,4.169,0.005,0,1.279,27.328,0.874,6.051,0.083
30/03/2019 06:00,4.794,0.002,0,1.277,114.175,0.748,5.993,0.929
30/03/2019 07:00,6.109,0,0,1.27,291.506,0.697,6.296,3.312
30/03/2019 08:00,7.758,0,0,1.262,452.255,0.736,6.656,5.608
30/03/2019 09:00,9.154,0,0,1.254,545.482,0.497,7.251,6.757
30/03/2019 10:00,10.149,0,0,1.248,618.534,0.14,7.709,7.617
30/03/2019 11:00,10.908,0,0,1.243,626.989,0.018,7.908,7.688
30/03/2019 12:00,11.457,0,0,1.238,583.479,0,7.982,7.164
30/03/2019 13:00,11.769,0,0,1.233,495.625,0,8.045,6.088
30/03/2019 14:00,11.827,0,0,1.23,373.069,0.002,7.903,4.487
30/03/2019 15:00,11.524,0,0,1.229,228.313,0.016,7.377,2.479
30/03/2019 16:00,10.598,0,0,1.23,88.454,0.021,7.161,0.667
30/03/2019 17:00,9.228,0,0,1.233,6.676,0.004,7.209,0
31/03/2019 04:00,4.586,0,0,1.268,1.521,0.056,9.411,0
31/03/2019 05:00,4.696,0,0,1.269,74.849,0.012,9.615,0.494
31/03/2019 06:00,5.357,0,0,1.269,222.834,0.006,10.078,2.565
31/03/2019 07:00,5.796,0,0,1.27,375.912,0.001,10.808,4.773
31/03/2019 08:00,6.125,0,0,1.271,508.433,0.001,10.729,6.52
31/03/2019 09:00,6.603,0,0,1.271,602.521,0.003,10.306,7.638
31/03/2019 10:00,7.067,0,0,1.269,651.439,0.012,9.787,8.17
31/03/2019 11:00,7.337,0,0,1.269,652.848,0.018,9.368,8.167
31/03/2019 12:00,7.42,0,0,1.269,611.37,0.014,9.037,7.692
31/03/2019 13:00,7.322,0,0,1.269,534.66,0.006,8.758,6.794
31/03/2019 14:00,6.996,0,0,1.27,417.001,0.003,8.514,5.302
31/03/2019 15:00,6.393,0,0,1.272,272.381,0.002,8.171,3.294
31/03/2019 16:00,5.414,0,0,1.275,120.089,0.001,7.329,1.1
31/03/2019 17:00,3.536,0,0,1.279,11.004,0.001,6.337,0
01/04/2019 04:00,0.186,0,0,1.3,2.405,0.003,3.369,0
01/04/2019 05:00,0.46,0,0,1.303,85.086,0.009,3.219,0.593
01/04/2019 06:00,1.519,0,0,1.304,234.679,0.002,3.217,2.758
01/04/2019 07:00,3.072,0,0,1.298,385.282,0,3.212,4.927
01/04/2019 08:00,5.378,0,0,1.288,514.067,0,3.694,6.571
01/04/2019 09:00,6.352,0,0,1.285,609.788,0,4.104,7.693
01/04/2019 10:00,6.979,0,0,1.282,662.144,0,4.493,8.259
01/04/2019 11:00,7.301,0,0,1.28,667.895,0,4.942,8.307
01/04/2019 12:00,7.391,0,0,1.278,627.542,0,5.414,7.852
01/04/2019 13:00,7.259,0,0,1.277,543.427,0,5.815,6.866
01/04/2019 14:00,6.888,0,0,1.277,423.317,0,6.14,5.347
01/04/2019 15:00,6.244,0,0,1.278,278.316,0,6.402,3.34
01/04/2019 16:00,5.16,0,0,1.28,125.904,0,6.292,1.151
01/04/2019 17:00,3.267,0,0,1.283,13.095,0,6.276,0
02/04/2019 04:00,2.568,0,0,1.278,3.066,0.002,8.402,0
02/04/2019 05:00,3.482,0,0,1.277,87.045,0.012,9.211,0.593
02/04/2019 06:00,4.454,0,0,1.276,235.69,0.032,9.457,2.683
02/04/2019 07:00,5.339,0,0,1.272,385.496,0.031,10.142,4.817
02/04/2019 08:00,5.921,0,0,1.27,514.854,0.014,10.708,6.506
02/04/2019 09:00,6.296,0,0,1.269,611.264,0.002,10.866,7.658
02/04/2019 10:00,6.692,0,0,1.266,664.954,0.004,10.995,8.25
02/04/2019 11:00,7.044,0,0,1.263,671.65,0.061,11.092,8.309
02/04/2019 12:00,7.476,0,0,1.259,630.375,0.159,11.092,7.828
02/04/2019 13:00,7.97,0,0,1.254,545.888,0.222,10.934,6.818
02/04/2019 14:00,8.211,0,0,1.25,424.588,0.052,10.604,5.271
02/04/2019 15:00,7.941,0,0,1.248,278.034,0.008,10.102,3.251
02/04/2019 16:00,7.116,0,0,1.25,125.71,0.028,9.991,1.105
02/04/2019 17:00,5.926,0,0,1.253,13.987,0.204,9.911,0
03/04/2019 04:00,4.863,0,0,1.253,2.233,0.983,7.68,0
03/04/2019 05:00,4.958,0.01,0,1.255,54.973,0.973,7.409,0.306
03/04/2019 06:00,5.589,0.034,0,1.254,125.673,0.985,6.783,0.998
03/04/2019 07:00,6.346,0.013,0,1.251,182.904,0.975,6.281,1.575
03/04/2019 08:00,7.604,0.004,0,1.246,351.75,0.978,6.733,3.568
03/04/2019 09:00,8.573,0.001,0,1.241,398.186,0.992,6.708,4.025
03/04/2019 10:00,8.873,0,0,1.239,333.719,0.995,6.559,3.103
03/04/2019 11:00,8.936,0,0,1.238,305.64,0.995,6.747,2.758
03/04/2019 12:00,8.947,0,0,1.237,264.167,0.995,7.136,2.32
03/04/2019 13:00,8.894,0,0,1.236,211.218,0.994,7.602,1.789
03/04/2019 14:00,8.739,0,0,1.236,158.255,0.995,7.624,1.273
03/04/2019 15:00,8.421,0,0,1.236,104.383,0.994,7.497,0.759
03/04/2019 16:00,8.001,0,0,1.237,50.783,0.994,7.767,0.271
03/04/2019 17:00,7.58,0,0,1.238,7.381,0.994,8.23,0
04/04/2019 04:00,5.456,0,0,1.246,3.834,0.947,8.605,0
04/04/2019 05:00,5.474,0,0,1.248,63.358,0.952,8.662,0.374
04/04/2019 06:00,6.102,0,0,1.247,163.914,0.965,8.53,1.482
04/04/2019 07:00,7.238,0,0,1.242,277.267,0.96,8.699,2.892
04/04/2019 08:00,8.558,0,0,1.236,401.693,0.902,8.896,4.535
04/04/2019 09:00,9.718,0,0,1.23,519.83,0.785,8.881,6.094
04/04/2019 10:00,10.664,0,0,1.225,603.314,0.774,8.995,7.139
04/04/2019 11:00,11.209,0,0,1.223,628.22,0.838,9.19,7.443
04/04/2019 12:00,11.468,0,0,1.221,598.087,0.718,9.306,7.109
04/04/2019 13:00,11.523,0,0,1.219,520.667,0.488,9.346,6.2
04/04/2019 14:00,11.366,0,0,1.219,405.895,0.205,9.34,4.758
04/04/2019 15:00,10.718,0,0,1.221,266.626,0.061,9.199,2.892
04/04/2019 16:00,9.5,0,0,1.227,122.957,0.029,9.283,0.999
04/04/2019 17:00,7.979,0,0,1.234,16.281,0.011,9.134,0
05/04/2019 04:00,5.62,0,0,1.251,4.487,0.314,7.87,0
05/04/2019 05:00,5.858,0,0,1.252,71.256,0.308,8.143,0.438
05/04/2019 06:00,6.787,0,0,1.25,200.602,0.085,8.285,1.972
05/04/2019 07:00,8.036,0,0,1.245,353.112,0.13,8.673,4.054
05/04/2019 08:00,9.358,0,0,1.239,477.795,0.282,9.092,5.671
05/04/2019 09:00,10.384,0,0,1.234,569.297,0.425,9.297,6.758
05/04/2019 10:00,10.978,0,0,1.231,618.207,0.498,9.231,7.299
05/04/2019 11:00,11.29,0,0,1.229,624.8,0.468,9.105,7.359
05/04/2019 12:00,11.402,0,0,1.228,585.257,0.362,8.873,6.9
05/04/2019 13:00,11.295,0,0,1.228,508.808,0.16,8.738,5.995
05/04/2019 14:00,10.982,0,0,1.229,396.552,0.013,8.743,4.58
05/04/2019 15:00,10.289,0,0,1.231,259.159,0.03,8.728,2.744
05/04/2019 16:00,9.109,0,0,1.237,119.022,0.049,8.443,0.94
05/04/2019 17:00,7.691,0,0,1.244,16.896,0.069,8.568,0
06/04/2019 04:00,5.404,0.006,0,1.259,4.235,0.926,6.958,0
06/04/2019 05:00,5.907,0.004,0,1.258,53.373,0.939,7.074,0.288
06/04/2019 06:00,6.825,0.002,0,1.254,166.905,0.834,6.934,1.476
06/04/2019 07:00,7.873,0.001,0,1.25,305.754,0.676,7.013,3.238
06/04/2019 08:00,9.247,0.001,0,1.243,429.082,0.525,7.313,4.848
06/04/2019 09:00,10.39,0.001,0,1.237,531.87,0.436,7.489,6.137
06/04/2019 10:00,11.251,0,0,1.233,584.193,0.384,7.596,6.743
06/04/2019 11:00,11.783,0,0,1.23,604.023,0.327,7.611,6.981
06/04/2019 12:00,12.092,0,0,1.227,575.313,0.282,7.618,6.66
06/04/2019 13:00,12.178,0,0,1.226,503.354,0.215,7.49,5.814
06/04/2019 14:00,12.013,0,0,1.225,395.401,0.137,7.272,4.465
06/04/2019 15:00,11.378,0,0,1.227,258.113,0.145,6.927,2.657
06/04/2019 16:00,10.127,0,0,1.233,120.843,0.185,6.565,0.938
06/04/2019 17:00,8.401,0,0,1.24,19.176,0.13,6.629,0
07/04/2019 04:00,3.947,0,0,1.255,7.785,0.771,4.748,0
07/04/2019 05:00,5.168,0,0,1.256,95.053,0.815,4.608,0.634
07/04/2019 06:00,6.488,0,0,1.255,228.38,0.903,4.575,2.314
07/04/2019 07:00,7.561,0,0,1.251,360.273,0.948,4.002,4.087
07/04/2019 08:00,8.982,0,0,1.244,475.472,0.945,3.615,5.548
07/04/2019 09:00,11.095,0,0,1.233,565.487,0.922,3.495,6.584
07/04/2019 10:00,12.952,0,0,1.225,617.846,0.882,3.242,7.126
07/04/2019 11:00,14.458,0,0,1.218,623.136,0.85,2.865,7.132
07/04/2019 12:00,15.034,0,0,1.216,597.885,0.848,2.701,6.846
07/04/2019 13:00,15.13,0,0,1.215,518.73,0.874,2.669,5.922
07/04/2019 14:00,14.891,0,0,1.214,395.914,0.914,2.787,4.385
07/04/2019 15:00,14.3,0,0,1.215,246.718,0.947,2.948,2.431
07/04/2019 16:00,13.103,0.001,0,1.219,108.932,0.964,3.155,0.792
07/04/2019 17:00,11.316,0.002,0,1.223,15.408,0.968,3.627,0
08/04/2019 04:00,5.086,0.002,0,1.261,7.531,0.698,6.823,0
08/04/2019 05:00,5.002,0.001,0,1.264,81.188,0.457,7.001,0.519
08/04/2019 06:00,5.754,0,0,1.263,242.559,0.119,7.232,2.491
08/04/2019 07:00,6.937,0,0,1.259,386.049,0.185,7.52,4.451
08/04/2019 08:00,7.889,0.001,0,1.255,489.902,0.281,7.226,5.759
08/04/2019 09:00,8.537,0,0,1.253,576.196,0.188,6.498,6.79
08/04/2019 10:00,9.075,0,0,1.251,659.814,0.065,5.868,7.77
08/04/2019 11:00,9.447,0,0,1.249,677.962,0.083,5.37,7.972
08/04/2019 12:00,9.659,0,0,1.247,649.592,0.023,4.921,7.66
08/04/2019 13:00,9.688,0,0,1.246,566.486,0.142,4.623,6.688
08/04/2019 14:00,9.49,0,0,1.246,395.044,0.342,4.45,4.47
08/04/2019 15:00,9.086,0,0,1.247,260.827,0.391,4.282,2.674
08/04/2019 16:00,8.392,0,0,1.249,122.079,0.386,3.872,0.94
08/04/2019 17:00,6.927,0,0,1.253,23.823,0.278,3.541,0.022
09/04/2019 04:00,2.453,0.008,0,1.277,8.327,0.501,3.712,0
09/04/2019 05:00,2.979,0.005,0.002,1.279,80.623,0.35,4.503,0.519
09/04/2019 06:00,3.604,0.005,0,1.28,241.575,0.093,5.473,2.478
09/04/2019 07:00,4.28,0.004,0,1.279,386.99,0.084,6.053,4.493
09/04/2019 08:00,4.75,0.003,0,1.278,506.608,0.13,6.358,6.049
09/04/2019 09:00,5.1,0.001,0,1.277,570.911,0.118,6.357,6.806
09/04/2019 10:00,5.658,0,0,1.275,642.783,0.071,6.082,7.659
09/04/2019 11:00,6.19,0,0,1.272,681.755,0.042,5.745,8.113
09/04/2019 12:00,6.563,0,0,1.27,658.751,0.009,5.458,7.857
09/04/2019 13:00,6.741,0,0,1.268,586.379,0.005,5.287,7.016
09/04/2019 14:00,6.682,0,0,1.267,468.756,0.002,5.195,5.553
09/04/2019 15:00,6.362,0,0,1.267,323.978,0.001,5.164,3.601
09/04/2019 16:00,5.668,0,0,1.268,168.438,0.004,5.04,1.434
09/04/2019 17:00,3.911,0,0,1.27,34.676,0.005,4.91,0.031
10/04/2019 04:00,0.349,0.001,0,1.288,12.678,0.393,5.036,0
10/04/2019 05:00,1.518,0.001,0,1.289,108.075,0.168,5.488,0.75
10/04/2019 06:00,2.624,0.001,0,1.288,270.298,0.039,5.892,2.822
10/04/2019 07:00,3.51,0.009,0,1.285,421.153,0.078,5.876,4.884
10/04/2019 08:00,3.97,0.014,0,1.284,472.749,0.288,5.56,5.434
10/04/2019 09:00,4.275,0.014,0,1.283,473.85,0.349,5.152,5.218
10/04/2019 10:00,4.661,0.011,0,1.282,486.907,0.364,4.715,5.257
10/04/2019 11:00,4.994,0.011,0,1.28,483.372,0.362,4.367,5.173
10/04/2019 12:00,5.297,0.012,0,1.279,461.646,0.352,4.146,4.925
10/04/2019 13:00,5.514,0.015,0,1.277,400.5,0.373,4.043,4.193
10/04/2019 14:00,5.575,0.02,0,1.276,310.438,0.539,4.037,3.092
10/04/2019 15:00,5.312,0.013,0,1.276,177.068,0.571,4.231,1.529
10/04/2019 16:00,4.799,0.009,0,1.278,99.943,0.488,4.455,0.718
10/04/2019 17:00,3.749,0.007,0,1.28,20.62,0.465,4.579,0.023
11/04/2019 04:00,0.171,0.002,0,1.296,13.638,0.214,4.606,0
11/04/2019 05:00,1.529,0.004,0,1.297,106.742,0.211,4.597,0.738
11/04/2019 06:00,2.47,0.009,0,1.297,227.929,0.267,4.816,2.224
11/04/2019 07:00,2.821,0.007,0,1.297,338.776,0.299,4.939,3.665
11/04/2019 08:00,3.364,0.005,0,1.296,446.416,0.301,5.032,5.043
11/04/2019 09:00,3.997,0.004,0,1.294,518.85,0.251,4.995,5.928
11/04/2019 10:00,4.604,0.002,0,1.292,612.191,0.257,4.793,7.12
11/04/2019 11:00,5.172,0.001,0,1.289,622.691,0.308,4.544,7.24
11/04/2019 12:00,5.631,0.001,0,1.286,590.225,0.417,4.328,6.844
11/04/2019 13:00,5.891,0,0,1.284,501.061,0.427,4.2,5.73
11/04/2019 14:00,5.944,0,0,1.282,406.362,0.403,4.195,4.531
11/04/2019 15:00,5.695,0,0,1.282,268.081,0.395,4.266,2.703
11/04/2019 16:00,5.085,0,0,1.284,135.948,0.353,4.287,1.064
11/04/2019 17:00,3.719,0,0,1.287,32.248,0.42,4.255,0.076
12/04/2019 04:00,-0.193,0.002,0,1.304,16.348,0.233,5.336,0
12/04/2019 05:00,1.13,0.005,0,1.305,109.891,0.307,5.507,0.768
12/04/2019 06:00,1.848,0.015,0,1.305,224.365,0.362,5.678,2.143
12/04/2019 07:00,2.409,0.017,0,1.304,345.898,0.238,5.831,3.704
12/04/2019 08:00,3.015,0.01,0,1.302,465.087,0.252,5.953,5.231
12/04/2019 09:00,3.481,0.008,0,1.3,503.014,0.381,5.835,5.574
12/04/2019 10:00,3.824,0.006,0,1.298,468.715,0.405,5.662,4.951
12/04/2019 11:00,4.2,0.005,0,1.296,470.657,0.394,5.539,4.935
12/04/2019 12:00,4.491,0.004,0,1.294,457.669,0.395,5.466,4.811
12/04/2019 13:00,4.581,0.003,0,1.293,393.777,0.424,5.451,4.054
12/04/2019 14:00,4.521,0.003,0,1.292,316.227,0.426,5.528,3.148
12/04/2019 15:00,4.292,0.003,0,1.291,218.82,0.425,5.623,2.008
12/04/2019 16:00,3.878,0.002,0,1.292,117.63,0.448,5.593,0.883
12/04/2019 17:00,2.941,0.001,0,1.293,28.202,0.338,5.388,0.069
12/04/2019 18:00,1.765,0.001,0,1.295,0.002,0.225,5.483,0
13/04/2019 04:00,-0.596,0.001,0.001,1.309,19.59,0.132,6.771,0
13/04/2019 05:00,0.43,0.003,0.002,1.31,130.718,0.134,6.977,0.923
13/04/2019 06:00,1.152,0.005,0.004,1.309,265.145,0.117,7.051,2.694
13/04/2019 07:00,2.363,0.007,0,1.304,399.649,0.131,7.088,4.507
13/04/2019 08:00,3.56,0.01,0,1.299,502.361,0.139,7.134,5.799
13/04/2019 09:00,4.629,0.016,0,1.294,579.127,0.168,7.372,6.694
13/04/2019 10:00,5.412,0.016,0,1.29,631.466,0.194,7.825,7.276
13/04/2019 11:00,5.882,0.016,0,1.287,602.121,0.232,8.28,6.85
13/04/2019 12:00,6.005,0.014,0,1.286,539.473,0.299,8.651,6.034
13/04/2019 13:00,5.896,0.01,0,1.285,462.246,0.387,8.869,5.063
13/04/2019 14:00,5.569,0.006,0,1.286,349.185,0.361,8.959,3.628
13/04/2019 15:00,5.134,0.003,0,1.287,248.751,0.335,8.974,2.389
13/04/2019 16:00,4.477,0.002,0,1.289,135.668,0.28,8.802,1.049
13/04/2019 17:00,3.477,0.001,0,1.293,38.695,0.156,8.333,0.113
13/04/2019 18:00,2.505,0.001,0,1.296,0.02,0.116,7.921,0
14/04/2019 04:00,0.894,0,0,1.306,16.538,0.944,8.034,0
14/04/2019 05:00,1.637,0,0,1.304,102.06,0.934,8.156,0.701
14/04/2019 06:00,2.725,0,0,1.301,202.921,0.938,8.399,1.847
14/04/2019 07:00,4.315,0,0,1.294,315.244,0.935,8.834,3.212
14/04/2019 08:00,5.792,0,0,1.287,437.96,0.949,9.076,4.765
14/04/2019 09:00,6.921,0,0,1.282,555.375,0.953,9.224,6.25
14/04/2019 10:00,7.676,0,0,1.279,630.303,0.954,9.232,7.155
14/04/2019 11:00,8.143,0,0,1.277,656.011,0.948,9.085,7.458
14/04/2019 12:00,8.334,0,0,1.276,626.367,0.943,8.905,7.126
14/04/2019 13:00,8.271,0,0,1.275,557.297,0.78,8.794,6.326
14/04/2019 14:00,8.002,0,0,1.276,456.639,0.577,8.72,5.092
14/04/2019 15:00,7.493,0,0,1.277,328.064,0.32,8.603,3.405
14/04/2019 16:00,6.656,0,0,1.28,181.124,0.191,8.167,1.457
14/04/2019 17:00,5.208,0,0,1.285,48.827,0.173,7.465,0.133
14/04/2019 18:00,3.628,0,0,1.29,0.079,0.179,7.007,0
15/04/2019 04:00,-0.472,0,0,1.314,27.025,0.101,6.628,0.007
15/04/2019 05:00,0.957,0,0,1.313,150.957,0.023,6.675,1.051
15/04/2019 06:00,2.408,0,0,1.307,311.029,0,6.426,3.234
15/04/2019 07:00,4.22,0,0,1.299,460.963,0,6.42,5.266
15/04/2019 08:00,5.808,0,0,1.292,588.035,0,6.51,6.83
15/04/2019 09:00,7.102,0,0,1.285,681.11,0,6.744,7.865
15/04/2019 10:00,7.929,0,0,1.281,732.787,0,6.943,8.395
15/04/2019 11:00,8.358,0,0,1.278,738.934,0,7.057,8.44
15/04/2019 12:00,8.527,0,0,1.276,697.436,0,7.064,7.982
15/04/2019 13:00,8.482,0,0,1.275,615.516,0,7.004,7.052
15/04/2019 14:00,8.216,0,0,1.275,497.806,0,6.987,5.621
15/04/2019 15:00,7.742,0,0,1.276,354.318,0.002,7.007,3.73
15/04/2019 16:00,6.956,0,0,1.278,198.885,0.007,6.857,1.604
15/04/2019 17:00,5.341,0,0,1.281,57.578,0.006,6.292,0.12
15/04/2019 18:00,3.519,0,0,1.285,0.211,0.002,6.158,0
16/04/2019 04:00,0.313,0,0,1.303,24.602,0.536,6.76,0.025
16/04/2019 05:00,1.605,0,0,1.301,113.205,0.538,6.823,0.786
16/04/2019 06:00,3.231,0,0,1.294,234.112,0.53,7.185,2.201
16/04/2019 07:00,4.881,0.001,0,1.287,352.953,0.612,7.609,3.696
16/04/2019 08:00,6.151,0.003,0,1.281,440.56,0.6,7.884,4.76
16/04/2019 09:00,7.145,0.003,0,1.277,543.101,0.465,8.038,6.034
16/04/2019 10:00,7.976,0.001,0,1.273,660.948,0.137,8.002,7.474
16/04/2019 11:00,8.555,0,0,1.27,706.182,0.036,7.8,7.991
16/04/2019 12:00,8.881,0,0,1.268,686.713,0.007,7.54,7.776
16/04/2019 13:00,8.992,0,0,1.267,612.771,0.001,7.342,6.932
16/04/2019 14:00,8.946,0,0,1.266,495.107,0.001,7.365,5.501
16/04/2019 15:00,8.7,0,0,1.266,351.646,0.001,7.78,3.624
16/04/2019 16:00,7.918,0,0,1.269,197.379,0.001,8.145,1.566
16/04/2019 17:00,6.407,0,0,1.275,58.383,0.001,8.284,0.155
16/04/2019 18:00,4.896,0,0,1.282,0.394,0.001,8.671,0
17/04/2019 04:00,1.556,0,0,1.295,32.901,0.029,6.242,0.029
17/04/2019 05:00,3.336,0,0,1.295,160.033,0.006,6.089,1.102
17/04/2019 06:00,4.687,0,0,1.292,313.877,0,5.451,3.168
17/04/2019 07:00,6.753,0,0,1.283,457.824,0,5.165,5.079
17/04/2019 08:00,8.642,0,0,1.273,577.624,0.004,5.17,6.525
17/04/2019 09:00,10.003,0,0,1.266,666.621,0.015,5.329,7.504
17/04/2019 10:00,11.098,0,0,1.259,710.201,0.032,5.62,7.933
17/04/2019 11:00,11.939,0,0,1.254,710.166,0.035,5.936,7.894
17/04/2019 12:00,12.36,0,0,1.251,674.102,0.05,6.14,7.485
17/04/2019 13:00,12.427,0,0,1.25,593.128,0.054,6.235,6.566
17/04/2019 14:00,12.221,0,0,1.25,479.037,0.071,6.253,5.193
17/04/2019 15:00,11.723,0,0,1.251,342.837,0.007,6.108,3.441
17/04/2019 16:00,10.749,0,0,1.254,196.426,0,5.598,1.521
17/04/2019 17:00,8.785,0,0,1.259,60.501,0,5.218,0.16
17/04/2019 18:00,6.97,0,0,1.265,0.681,0,5.523,0
18/04/2019 04:00,3.227,0,0,1.291,37.592,0,6.426,0.047
18/04/2019 05:00,4.922,0,0,1.292,170.534,0,6.578,1.161
18/04/2019 06:00,6.203,0,0,1.289,326.57,0,5.949,3.267
18/04/2019 07:00,7.96,0,0,1.281,476.156,0,5.452,5.239
18/04/2019 08:00,9.943,0,0,1.271,603.615,0,5.783,6.751
18/04/2019 09:00,11.262,0,0,1.264,696.976,0,5.922,7.758
18/04/2019 10:00,12.254,0,0,1.258,748.507,0,6.004,8.264
18/04/2019 11:00,12.809,0,0,1.255,753.582,0,6.054,8.29
18/04/2019 12:00,13.097,0,0,1.252,711.346,0,6.098,7.832
18/04/2019 13:00,13.131,0,0,1.251,627.785,0,6.148,6.907
18/04/2019 14:00,12.858,0,0,1.251,508.88,0,6.215,5.502
18/04/2019 15:00,12.199,0,0,1.253,365.029,0,6.242,3.666
18/04/2019 16:00,11.036,0,0,1.258,210.61,0,5.978,1.625
18/04/2019 17:00,9.051,0,0,1.264,68.607,0,5.75,0.161
18/04/2019 18:00,7.106,0,0,1.271,1.102,0,6.102,0
19/04/2019 04:00,3.216,0,0,1.292,41.346,0,5.725,0.059
19/04/2019 05:00,5.067,0,0,1.293,177.232,0,5.704,1.202
19/04/2019 06:00,6.3,0,0,1.291,334.973,0,5.215,3.335
19/04/2019 07:00,7.943,0,0,1.284,485.805,0,4.652,5.32
19/04/2019 08:00,9.63,0,0,1.275,613.757,0,4.503,6.841
19/04/2019 09:00,10.622,0,0,1.27,706.202,0,4.3,7.847
19/04/2019 10:00,11.562,0,0,1.266,758.514,0,4.09,8.361
19/04/2019 11:00,12.409,0,0,1.261,764.947,0,3.887,8.389
19/04/2019 12:00,13.025,0,0,1.258,723.955,0,3.715,7.933
19/04/2019 13:00,13.45,0,0,1.255,641.456,0,3.563,7.012
19/04/2019 14:00,13.551,0,0,1.253,522.803,0,3.456,5.61
19/04/2019 15:00,13.183,0,0,1.253,378.475,0,3.392,3.771
19/04/2019 16:00,12.242,0,0,1.255,221.846,0,3.283,1.693
19/04/2019 17:00,10.205,0,0,1.26,75.53,0,3.176,0.158
19/04/2019 18:00,8.458,0,0,1.266,1.655,0,3.101,0
20/04/2019 03:00,5.647,0,0,1.277,0.003,0.814,3.306,0
20/04/2019 04:00,5.675,0,0,1.278,38.974,0.875,3.397,0.09
20/04/2019 05:00,6.597,0,0,1.278,128.879,0.969,3.388,0.889
20/04/2019 06:00,7.837,0,0,1.278,208.906,0.989,3.372,1.808
20/04/2019 07:00,8.628,0,0,1.275,329.093,0.977,3.013,3.209
20/04/2019 08:00,10.175,0,0,1.269,476.041,0.947,2.77,5.016
20/04/2019 09:00,12.962,0,0,1.255,611.04,0.859,2.924,6.588
20/04/2019 10:00,15.149,0,0,1.245,698.88,0.698,2.927,7.506
20/04/2019 11:00,15.994,0,0,1.241,720.259,0.745,2.766,7.705
20/04/2019 12:00,16.422,0,0,1.238,679.015,0.764,2.677,7.251
20/04/2019 13:00,16.559,0,0,1.236,598.736,0.678,2.855,6.36
20/04/2019 14:00,16.359,0,0,1.235,495.125,0.559,3.215,5.149
20/04/2019 15:00,15.817,0,0,1.235,372.057,0.491,3.506,3.601
20/04/2019 16:00,14.703,0,0,1.236,222.734,0.386,3.679,1.669
20/04/2019 17:00,12.419,0,0,1.24,78.762,0.135,3.862,0.192
20/04/2019 18:00,10.393,0,0,1.244,2.266,0.02,4.126,0
21/04/2019 03:00,5.809,0,0,1.264,0.024,0.406,3.825,0
21/04/2019 04:00,5.816,0,0,1.265,49.757,0.145,3.954,0.08
21/04/2019 05:00,7.435,0,0,1.265,187.979,0.022,3.884,1.255
21/04/2019 06:00,8.962,0,0,1.263,344.211,0.013,3.797,3.34
21/04/2019 07:00,10.259,0,0,1.257,491.776,0.101,3.538,5.258
21/04/2019 08:00,12.367,0,0,1.245,616.111,0.356,4.099,6.701
21/04/2019 09:00,14.036,0,0,1.236,705.763,0.515,4.675,7.637
21/04/2019 10:00,14.716,0,0,1.232,754.686,0.44,4.788,8.119
21/04/2019 11:00,15.185,0,0,1.23,757.554,0.484,4.775,8.126
21/04/2019 12:00,15.5,0,0,1.227,715.152,0.551,4.674,7.669
21/04/2019 13:00,15.658,0,0,1.226,631.34,0.432,4.498,6.749
21/04/2019 14:00,15.654,0,0,1.225,515.735,0.203,4.273,5.394
21/04/2019 15:00,15.25,0,0,1.225,374.387,0.044,4.098,3.62
21/04/2019 16:00,14.357,0,0,1.226,220.343,0.014,3.85,1.637
21/04/2019 17:00,12.435,0,0,1.229,78.223,0.002,3.738,0.201
21/04/2019 18:00,10.752,0,0,1.233,2.726,0.001,3.816,0
22/04/2019 03:00,5.544,0,0,1.261,0.082,0.032,6.232,0
22/04/2019 04:00,5.974,0,0,1.264,48.139,0.037,6.734,0.105
22/04/2019 05:00,7.219,0,0,1.264,181.518,0.001,7.014,1.219
22/04/2019 06:00,8.405,0,0,1.261,335.08,0,6.973,3.22
22/04/2019 07:00,9.809,0,0,1.255,483.151,0,7.6,5.134
22/04/2019 08:00,10.579,0,0,1.253,610.719,0,8.019,6.663
22/04/2019 09:00,11.141,0,0,1.251,708.166,0,8.143,7.735
22/04/2019 10:00,11.636,0,0,1.248,758.316,0,8.233,8.246
22/04/2019 11:00,11.977,0,0,1.246,762.69,0,8.308,8.273
22/04/2019 12:00,12.173,0,0,1.244,723.849,0,8.232,7.852
22/04/2019 13:00,12.216,0,0,1.243,643.323,0,8.143,6.959
22/04/2019 14:00,12.081,0,0,1.242,528.078,0.001,8.168,5.595
22/04/2019 15:00,11.69,0,0,1.242,387.19,0.002,8.292,3.796
22/04/2019 16:00,10.9,0,0,1.244,233.464,0.001,8.167,1.755
22/04/2019 17:00,9.591,0,0,1.249,86.812,0.001,8.01,0.198
22/04/2019 18:00,8.161,0,0,1.256,3.681,0.003,8.595,0
23/04/2019 03:00,7.548,0,0,1.257,0.184,0.044,8.945,0
23/04/2019 04:00,7.677,0,0,1.257,49.876,0.056,8.715,0.122
23/04/2019 05:00,8.628,0,0,1.255,182.117,0.011,8.877,1.217
23/04/2019 06:00,9.846,0,0,1.251,345.474,0,8.973,3.284
23/04/2019 07:00,11.084,0,0,1.245,495.468,0,9.693,5.208
23/04/2019 08:00,11.95,0,0,1.241,621.409,0,10.465,6.699
23/04/2019 09:00,12.813,0,0,1.237,715.734,0,11.499,7.713
23/04/2019 10:00,13.502,0,0,1.233,767.631,0,12.355,8.225
23/04/2019 11:00,13.867,0,0,1.23,770.497,0,12.892,8.236
23/04/2019 12:00,14.016,0,0,1.228,726.066,0,13.177,7.764
23/04/2019 13:00,13.822,0,0,1.227,638.401,0,12.763,6.81
23/04/2019 14:00,13.385,0,0,1.228,515.298,0,12.257,5.373
23/04/2019 15:00,12.663,0,0,1.229,368.978,0.001,11.763,3.541
23/04/2019 16:00,11.717,0,0,1.232,216.058,0.002,11.383,1.607
23/04/2019 17:00,10.507,0,0,1.237,78.313,0.007,11.038,0.254
23/04/2019 18:00,9.662,0.01,0,1.24,3.781,0.03,11.114,0
24/04/2019 03:00,8.798,0.038,0,1.24,0.226,0.528,9.372,0
24/04/2019 04:00,8.568,0.032,0,1.242,29.639,0.502,8.942,0.08
24/04/2019 05:00,8.663,0.006,0,1.243,112.536,0.439,8.918,0.77
24/04/2019 06:00,9.375,0,0,1.241,242.181,0.288,9.054,2.098
24/04/2019 07:00,10.547,0,0,1.236,413.189,0.089,9.532,4.114
24/04/2019 08:00,11.737,0.002,0,1.23,554.995,0.178,9.961,5.806
24/04/2019 09:00,12.483,0.007,0,1.227,619.629,0.601,10.352,6.491
24/04/2019 10:00,12.705,0.02,0,1.225,563.967,0.814,10.342,5.696
24/04/2019 11:00,12.8,0.035,0,1.224,467.176,0.865,9.984,4.445
24/04/2019 12:00,13.088,0.047,0,1.221,408.103,0.841,9.464,3.764
24/04/2019 13:00,13.497,0.039,0,1.217,387.757,0.771,8.9,3.577
24/04/2019 14:00,13.791,0.025,0,1.214,345.216,0.642,8.405,3.159
24/04/2019 15:00,13.708,0.008,0,1.213,284.589,0.36,8.062,2.498
24/04/2019 16:00,13.049,0.001,0,1.216,180.523,0.241,7.692,1.335
24/04/2019 17:00,11.985,0,0,1.221,65.941,0.265,7.706,0.291
24/04/2019 18:00,11.003,0,0,1.225,3.886,0.338,7.997,0
25/04/2019 03:00,9.154,0.01,0,1.233,0.57,0.21,7.145,0
25/04/2019 04:00,9.314,0.016,0,1.235,48.583,0.143,7.066,0.153
25/04/2019 05:00,10.058,0.01,0,1.234,167.614,0.079,6.564,1.136
25/04/2019 06:00,11.18,0.004,0,1.229,317.468,0.265,5.869,2.902
25/04/2019 07:00,12.395,0.003,0,1.224,404.288,0.546,5.276,4.005
25/04/2019 08:00,13.438,0.001,0,1.22,500.814,0.491,4.77,5.138
25/04/2019 09:00,14.497,0,0,1.216,661.981,0.288,4.654,6.968
25/04/2019 10:00,15.3,0.001,0,1.213,712.437,0.187,4.758,7.489
25/04/2019 11:00,15.955,0.001,0,1.21,718.35,0.08,4.763,7.521
25/04/2019 12:00,16.454,0.001,0,1.208,677.363,0.066,4.557,7.065
25/04/2019 13:00,16.751,0,0,1.207,616.327,0.057,4.25,6.382
25/04/2019 14:00,16.843,0,0,1.206,515.408,0.341,3.869,5.197
25/04/2019 15:00,16.612,0,0,1.207,355.088,0.692,3.589,3.256
25/04/2019 16:00,15.799,0,0,1.21,192.574,0.76,3.516,1.392
25/04/2019 17:00,14.167,0,0,1.214,81.431,0.508,3.474,0.296
25/04/2019 18:00,12.238,0,0,1.219,6.353,0.475,3.572,0
26/04/2019 03:00,8.107,0.013,0,1.246,0.605,0.978,6.739,0
26/04/2019 04:00,8.313,0.01,0,1.246,31.513,0.974,6.674,0.093
26/04/2019 05:00,9.184,0.001,0,1.242,117.373,0.956,6.582,0.806
26/04/2019 06:00,10.165,0,0,1.237,227.513,0.961,6.43,1.921
26/04/2019 07:00,11.541,0,0,1.23,344.362,0.977,6.592,3.211
26/04/2019 08:00,12.794,0,0,1.224,452.649,0.983,6.668,4.437
26/04/2019 09:00,13.845,0,0,1.218,541.179,0.945,6.664,5.445
26/04/2019 10:00,14.882,0,0,1.212,657.4,0.627,6.782,6.783
26/04/2019 11:00,15.65,0,0,1.208,712.893,0.565,6.925,7.392
26/04/2019 12:00,15.993,0.001,0,1.205,696.678,0.644,6.966,7.213
26/04/2019 13:00,15.948,0.001,0,1.204,595.149,0.865,6.774,6.088
26/04/2019 14:00,15.707,0.001,0,1.204,457.039,0.924,6.321,4.471
26/04/2019 15:00,15.179,0.001,0,1.206,303.759,0.939,5.61,2.672
26/04/2019 16:00,14.311,0.002,0,1.21,163.461,0.95,4.664,1.186
26/04/2019 17:00,12.994,0.002,0,1.216,62.536,0.951,3.786,0.284
26/04/2019 18:00,11.509,0.003,0,1.223,5.557,0.951,3.138,0
27/04/2019 03:00,8.834,0.098,0,1.237,0.803,0.986,7.545,0
27/04/2019 04:00,8.763,0.207,0,1.239,15.01,0.986,8.101,0
27/04/2019 05:00,8.603,0.621,0,1.241,27.855,0.99,8.245,0.082
27/04/2019 06:00,8.481,1.483,0,1.242,52.302,0.992,8.295,0.279
27/04/2019 07:00,8.52,1.127,0,1.243,120.837,0.977,8.735,0.89
27/04/2019 08:00,8.758,0.528,0,1.243,197.391,0.897,8.778,1.604
27/04/2019 09:00,9.255,0.238,0,1.241,271.593,0.829,8.462,2.306
27/04/2019 10:00,9.995,0.199,0,1.238,378.793,0.962,8.061,3.338
27/04/2019 11:00,10.418,0.57,0,1.235,289.315,0.987,7.313,2.453
27/04/2019 12:00,10.43,1.265,0,1.234,190.911,0.981,6.117,1.527
27/04/2019 13:00,10.387,0.869,0,1.233,156.927,0.978,5.205,1.212
27/04/2019 14:00,10.354,0.327,0,1.233,131.957,0.974,4.669,0.984
27/04/2019 15:00,10.618,0.111,0,1.232,215.896,0.953,4.461,1.765
27/04/2019 16:00,10.576,0.045,0,1.232,152.049,0.937,3.954,1.127
27/04/2019 17:00,9.957,0.03,0,1.234,72.217,0.898,3.285,0.371
27/04/2019 18:00,8.939,0.033,0,1.236,6.882,0.841,3.122,0
28/04/2019 03:00,7.856,0.058,0,1.242,0.558,0.972,5.101,0
28/04/2019 04:00,8.038,0.025,0,1.243,22.109,0.962,5.263,0.037
28/04/2019 05:00,8.657,0.016,0,1.244,73.822,0.942,5.495,0.454
28/04/2019 06:00,9.253,0.018,0,1.243,156.428,0.954,5.686,1.216
28/04/2019 07:00,9.924,0.031,0,1.241,229.568,0.964,6.067,1.926
28/04/2019 08:00,10.71,0.044,0,1.238,348.059,0.937,6.319,3.127
28/04/2019 09:00,11.527,0.035,0,1.236,485.619,0.731,6.305,4.655
28/04/2019 10:00,12.298,0.025,0,1.233,619.689,0.676,6.068,6.222
28/04/2019 11:00,12.638,0.017,0,1.23,564.586,0.88,6.026,5.523
28/04/2019 12:00,12.601,0.008,0,1.23,446.221,0.955,6.14,4.134
28/04/2019 13:00,12.451,0.009,0,1.23,387.341,0.964,6.145,3.512
28/04/2019 14:00,12.254,0.012,0,1.231,341.94,0.957,5.901,3.062
28/04/2019 15:00,11.939,0.013,0,1.233,265.408,0.959,5.62,2.256
28/04/2019 16:00,11.406,0.016,0,1.236,150.003,0.95,5.452,1.099
28/04/2019 17:00,10.664,0.029,0,1.239,63.549,0.905,5.14,0.315
28/04/2019 18:00,9.56,0.049,0,1.243,6.842,0.858,4.906,0
29/04/2019 03:00,7.237,0,0,1.259,2.309,0.889,7.377,0
29/04/2019 04:00,7.15,0,0,1.262,68.23,0.722,7.327,0.197
29/04/2019 05:00,7.877,0,0,1.262,207.058,0.465,7.266,1.375
29/04/2019 06:00,9.266,0,0,1.257,363.622,0.219,7.269,3.353
29/04/2019 07:00,10.851,0,0,1.25,514.536,0.023,7.436,5.249
29/04/2019 08:00,12.08,0,0,1.245,643.055,0,7.491,6.74
29/04/2019 09:00,12.875,0,0,1.241,738.619,0,7.141,7.759
29/04/2019 10:00,13.561,0,0,1.237,790.469,0,6.637,8.265
29/04/2019 11:00,14.075,0,0,1.234,796.495,0,6.085,8.299
29/04/2019 12:00,14.444,0,0,1.232,755.802,0,5.516,7.862
29/04/2019 13:00,14.691,0,0,1.229,673.571,0.001,4.991,6.963
29/04/2019 14:00,14.866,0,0,1.227,556.851,0.008,4.515,5.605
29/04/2019 15:00,14.813,0,0,1.227,415.262,0.022,4.103,3.838
29/04/2019 16:00,14.381,0,0,1.228,260.978,0.096,3.604,1.849
29/04/2019 17:00,13.322,0,0,1.231,112.924,0.116,3.099,0.262
29/04/2019 18:00,11.956,0,0,1.235,12.146,0.017,2.756,0
30/04/2019 03:00,7.554,0.001,0,1.253,3,0.34,2.887,0
30/04/2019 04:00,8.191,0.001,0,1.253,71.64,0.726,2.636,0.25
30/04/2019 05:00,9.143,0,0,1.253,192.157,0.754,2.392,1.313
30/04/2019 06:00,10.091,0,0,1.25,342.733,0.478,2.179,3.086
30/04/2019 07:00,12.616,0,0,1.239,490.349,0.284,2.304,4.863
30/04/2019 08:00,13.894,0,0,1.234,608.685,0.239,2.496,6.218
30/04/2019 09:00,14.334,0.001,0,1.231,650.522,0.289,3.083,6.655
30/04/2019 10:00,14.481,0.013,0,1.229,631.065,0.603,3.597,6.333
30/04/2019 11:00,14.317,0.057,0,1.227,418.503,0.802,3.88,3.798
30/04/2019 12:00,14.166,0.083,0,1.227,328.492,0.832,3.917,2.843
30/04/2019 13:00,14.174,0.049,0,1.225,299.401,0.785,3.95,2.563
30/04/2019 14:00,14.382,0.006,0,1.223,293.243,0.67,4.028,2.52
30/04/2019 15:00,14.639,0.002,0,1.22,264.226,0.617,3.973,2.216
30/04/2019 16:00,14.449,0.002,0,1.22,195.627,0.697,3.795,1.425
30/04/2019 17:00,13.362,0.001,0,1.222,83.86,0.798,3.612,0.388
30/04/2019 18:00,11.729,0,0,1.224,10.244,0.679,3.877,0
01/05/2019 03:00,9.224,0.242,0,1.239,1.058,0.852,6.071,0
01/05/2019 04:00,9.036,0.174,0,1.241,31.171,0.801,6.009,0.096
01/05/2019 05:00,9.031,0.086,0,1.242,109.39,0.948,6.138,0.749
01/05/2019 06:00,9.282,0.03,0,1.242,200.664,0.971,6.266,1.636
01/05/2019 07:00,9.768,0.011,0,1.24,334.121,0.967,6.64,3.042
01/05/2019 08:00,10.432,0.008,0,1.237,487.438,0.876,7.274,4.8
01/05/2019 09:00,11.317,0.005,0,1.232,595.706,0.665,7.91,6.053
01/05/2019 10:00,12.357,0.001,0,1.226,700.479,0.498,8.423,7.208
01/05/2019 11:00,13.179,0,0,1.221,710.781,0.442,8.822,7.3
01/05/2019 12:00,13.706,0,0,1.217,701.303,0.48,9.175,7.181
01/05/2019 13:00,13.844,0,0,1.215,628.535,0.429,9.531,6.376
01/05/2019 14:00,13.655,0,0,1.215,522.216,0.52,9.781,5.132
01/05/2019 15:00,13.128,0.001,0,1.216,335.826,0.781,9.815,2.958
01/05/2019 16:00,12.368,0.006,0,1.218,142.952,0.955,9.69,1.03
01/05/2019 17:00,11.471,0.01,0,1.221,38.433,0.986,9.393,0.149
01/05/2019 18:00,10.626,0.016,0,1.225,3.974,0.993,9.3,0
02/05/2019 03:00,8.406,0.019,0,1.229,1.326,0.984,11.766,0
02/05/2019 04:00,8.428,0.019,0,1.228,33.61,0.959,11.917,0.113
02/05/2019 05:00,8.569,0.023,0,1.228,121.347,0.913,12.289,0.846
02/05/2019 06:00,9.006,0.018,0,1.227,250.702,0.753,12.679,2.127
02/05/2019 07:00,9.7,0.017,0,1.225,425.745,0.433,12.786,4.103
02/05/2019 08:00,10.297,0.016,0,1.223,545.674,0.235,12.768,5.514
02/05/2019 09:00,10.735,0.022,0,1.221,612.905,0.151,12.715,6.266
02/05/2019 10:00,11.08,0.038,0,1.22,689.937,0.181,12.659,7.095
02/05/2019 11:00,11.132,0.064,0,1.219,606.139,0.301,12.408,6.091
02/05/2019 12:00,11.051,0.076,0,1.219,525.349,0.357,12.045,5.121
02/05/2019 13:00,10.887,0.085,0,1.219,452.866,0.333,11.701,4.311
02/05/2019 14:00,10.67,0.068,0,1.219,404.65,0.364,11.381,3.784
02/05/2019 15:00,10.197,0.024,0,1.221,264.517,0.389,10.934,2.255
02/05/2019 16:00,9.655,0.006,0,1.223,185.41,0.327,10.267,1.381
02/05/2019 17:00,8.87,0.002,0,1.226,94.611,0.221,9.389,0.446
02/05/2019 18:00,7.733,0.001,0,1.23,14.608,0.117,8.443,0
03/05/2019 03:00,4.466,0.018,0,1.242,5.06,0.186,5.343,0
03/05/2019 04:00,5.4,0.03,0,1.243,77.658,0.218,5.025,0.318
03/05/2019 05:00,6.849,0.05,0,1.243,189.402,0.278,5.019,1.339
03/05/2019 06:00,7.503,0.076,0,1.242,290.306,0.34,5.334,2.53
03/05/2019 07:00,7.94,0.089,0,1.241,378.43,0.366,6.121,3.545
03/05/2019 08:00,8.165,0.078,0,1.241,446.278,0.37,7.03,4.29
03/05/2019 09:00,8.507,0.039,0,1.24,519.976,0.363,7.663,5.097
03/05/2019 10:00,8.878,0.026,0,1.239,572.308,0.392,8.129,5.665
03/05/2019 11:00,8.988,0.03,0,1.238,546.828,0.508,8.551,5.327
03/05/2019 12:00,8.799,0.046,0,1.238,441.938,0.578,8.753,4.123
03/05/2019 13:00,8.553,0.08,0,1.238,392.293,0.698,8.69,3.59
03/05/2019 14:00,8.002,0.158,0,1.24,269.818,0.725,8.549,2.327
03/05/2019 15:00,7.302,0.212,0,1.242,161.81,0.722,8.455,1.275
03/05/2019 16:00,6.84,0.174,0,1.243,100.077,0.65,8.435,0.691
03/05/2019 17:00,6.219,0.271,0,1.245,59.505,0.551,8.495,0.309
03/05/2019 18:00,5.299,0.149,0,1.248,9.809,0.572,8.473,0
04/05/2019 03:00,2.879,0.104,0,1.256,3.435,0.574,7.311,0
04/05/2019 04:00,3.193,0.134,0,1.256,50.157,0.589,7.023,0.232
04/05/2019 05:00,3.592,0.104,0,1.256,120.182,0.567,6.715,0.861
04/05/2019 06:00,4.109,0.1,0,1.255,237.864,0.532,6.405,2.031
04/05/2019 07:00,4.61,0.123,0,1.255,354.109,0.497,6.253,3.296
04/05/2019 08:00,5.241,0.111,0,1.253,404.424,0.61,6.378,3.815
04/05/2019 09:00,6.014,0.101,0,1.25,368.699,0.754,6.504,3.365
04/05/2019 10:00,6.547,0.092,0,1.249,408.639,0.622,6.683,3.756
04/05/2019 11:00,6.904,0.069,0,1.249,432.371,0.545,7.14,4.007
04/05/2019 12:00,7.211,0.055,0,1.248,434.736,0.51,7.588,4.047
04/05/2019 13:00,7.485,0.039,0,1.247,387.469,0.479,7.805,3.559
04/05/2019 14:00,7.792,0.014,0,1.246,353.172,0.391,7.861,3.213
04/05/2019 15:00,8.004,0.002,0,1.245,315.369,0.271,7.758,2.775
04/05/2019 16:00,7.853,0,0,1.245,236.89,0.169,7.359,1.762
04/05/2019 17:00,7.096,0,0,1.247,125.029,0.101,6.642,0.462
04/05/2019 18:00,5.268,0,0,1.251,21.35,0.056,6.09,0.005
05/05/2019 03:00,2.71,0,0,1.259,7.832,0.103,5.168,0
05/05/2019 04:00,3.969,0,0,1.26,95.91,0.105,5.3,0.277
05/05/2019 05:00,6.149,0,0,1.259,236.253,0.092,5.604,1.574
05/05/2019 06:00,7.517,0.001,0,1.255,386.348,0.083,5.829,3.487
05/05/2019 07:00,8.6,0.007,0,1.252,520.847,0.104,5.875,5.193
05/05/2019 08:00,9.458,0.014,0,1.248,609.079,0.167,5.991,6.252
05/05/2019 09:00,10.119,0.017,0,1.245,643.614,0.271,6.122,6.616
05/05/2019 10:00,10.518,0.009,0,1.243,608.591,0.366,6.324,6.152
05/05/2019 11:00,10.762,0.007,0,1.241,571.242,0.438,6.65,5.667
05/05/2019 12:00,10.868,0.004,0,1.24,522.754,0.478,7.034,5.099
05/05/2019 13:00,10.886,0.002,0,1.24,472.293,0.446,7.354,4.544
05/05/2019 14:00,10.805,0.002,0,1.239,417.16,0.384,7.538,3.931
05/05/2019 15:00,10.621,0.001,0,1.239,346.12,0.429,7.462,3.064
05/05/2019 16:00,10.196,0,0,1.239,238.203,0.467,7.1,1.729
05/05/2019 17:00,9.286,0,0,1.241,112.591,0.673,6.606,0.46
05/05/2019 18:00,7.75,0,0,1.245,18.027,0.869,6.584,0
06/05/2019 03:00,5.605,0.046,0,1.258,5.358,0.573,7.742,0
06/05/2019 04:00,5.932,0.167,0,1.257,58.709,0.469,7.896,0.278
06/05/2019 05:00,6.294,0.159,0,1.257,160.851,0.291,8.294,1.158
06/05/2019 06:00,6.835,0.078,0,1.255,315.182,0.215,8.434,2.762
06/05/2019 07:00,7.391,0.044,0,1.254,434.521,0.228,8.428,4.18
06/05/2019 08:00,7.78,0.069,0,1.254,509.273,0.353,8.548,5.038
06/05/2019 09:00,8.009,0.052,0,1.253,536.754,0.328,8.763,5.303
06/05/2019 10:00,8.339,0.048,0,1.252,580.64,0.375,8.895,5.753
06/05/2019 11:00,8.427,0.04,0,1.251,521.222,0.438,8.955,5.03
06/05/2019 12:00,8.669,0.021,0,1.25,485.388,0.42,8.972,4.619
06/05/2019 13:00,9.012,0.009,0,1.247,450.332,0.395,9.004,4.247
06/05/2019 14:00,9.217,0.006,0,1.245,381.872,0.435,9.13,3.497
06/05/2019 15:00,9.057,0.003,0,1.245,271.919,0.46,9.298,2.313
06/05/2019 16:00,8.606,0.002,0,1.246,179.745,0.412,9.186,1.345
06/05/2019 17:00,7.963,0.003,0,1.247,96.769,0.277,8.763,0.501
06/05/2019 18:00,7.046,0.005,0,1.25,20.299,0.173,8.204,0.011
07/05/2019 03:00,4.501,0.01,0,1.264,8.199,0.212,8.173,0
07/05/2019 04:00,4.908,0.01,0,1.264,87.757,0.179,8.537,0.362
07/05/2019 05:00,5.591,0.008,0,1.263,214.51,0.165,9.193,1.491
07/05/2019 06:00,6.402,0.007,0,1.261,350.942,0.171,9.346,3.117
07/05/2019 07:00,7.132,0.012,0,1.258,465.75,0.21,9.318,4.539
07/05/2019 08:00,7.727,0.017,0,1.256,538.823,0.266,9.259,5.39
07/05/2019 09:00,8.22,0.024,0,1.254,549.431,0.358,9.154,5.447
07/05/2019 10:00,8.641,0.035,0,1.252,555.104,0.396,9.117,5.44
07/05/2019 11:00,8.793,0.032,0,1.252,524.838,0.436,9.139,5.058
07/05/2019 12:00,8.911,0.024,0,1.251,488.412,0.462,9.106,4.644
07/05/2019 13:00,9.017,0.012,0,1.25,425.592,0.445,8.945,3.962
07/05/2019 14:00,9.071,0.012,0,1.249,366.726,0.452,8.633,3.328
07/05/2019 15:00,8.945,0.009,0,1.249,276.838,0.413,8.249,2.358
07/05/2019 16:00,8.619,0.004,0,1.249,183.979,0.401,7.648,1.376
07/05/2019 17:00,8.044,0.002,0,1.25,90.522,0.377,6.629,0.485
07/05/2019 18:00,6.876,0.001,0,1.251,17.884,0.347,5.825,0.002
08/05/2019 03:00,4.748,0.332,0,1.257,4.32,0.825,4.607,0
08/05/2019 04:00,5.431,0.257,0,1.256,36.504,0.833,4.706,0.142
08/05/2019 05:00,6.487,0.161,0,1.255,94.152,0.822,5.224,0.636
08/05/2019 06:00,7.338,0.08,0,1.252,186.709,0.799,5.975,1.499
08/05/2019 07:00,8.421,0.024,0,1.247,314.892,0.731,6.755,2.763
08/05/2019 08:00,9.71,0.01,0,1.241,484.567,0.626,7.476,4.576
08/05/2019 09:00,10.643,0.008,0,1.237,582.763,0.689,7.643,5.659
08/05/2019 10:00,11.139,0.005,0,1.234,645.188,0.78,7.466,6.341
08/05/2019 11:00,11.503,0.003,0,1.232,677.978,0.955,7.343,6.668
08/05/2019 12:00,11.485,0.002,0,1.23,499.397,0.991,7.411,4.607
08/05/2019 13:00,11.089,0.002,0,1.229,281.788,0.992,7.549,2.379
08/05/2019 14:00,10.63,0.006,0,1.23,188.142,0.993,7.666,1.497
08/05/2019 15:00,10.073,0.029,0,1.231,117.188,0.995,7.7,0.845
08/05/2019 16:00,9.512,0.061,0,1.233,83.396,0.986,7.891,0.539
08/05/2019 17:00,8.968,0.044,0,1.234,45.866,0.989,8.236,0.213
08/05/2019 18:00,8.58,0.019,0,1.234,9.139,0.989,8.689,0
09/05/2019 03:00,8.399,0.833,0,1.227,1.797,0.993,8.871,0
09/05/2019 04:00,8.316,0.714,0,1.228,16.953,0.993,8.372,0.005
09/05/2019 05:00,8.374,0.666,0,1.228,45.448,0.995,8.272,0.22
09/05/2019 06:00,8.534,0.627,0,1.228,68.237,0.998,8.166,0.415
09/05/2019 07:00,8.738,0.639,0,1.227,90.292,0.998,7.871,0.61
09/05/2019 08:00,8.995,0.536,0,1.226,107.08,0.997,7.316,0.761
09/05/2019 09:00,9.423,0.32,0,1.225,147.332,0.995,6.592,1.126
09/05/2019 10:00,10.007,0.158,0,1.223,201.611,0.995,5.814,1.622
09/05/2019 11:00,10.733,0.072,0,1.219,272.503,0.995,5.073,2.271
09/05/2019 12:00,11.448,0.037,0,1.216,305.696,0.994,4.403,2.576
09/05/2019 13:00,12.113,0.02,0,1.214,324.36,0.993,3.937,2.751
09/05/2019 14:00,12.555,0.015,0,1.212,284.425,0.992,3.719,2.374
09/05/2019 15:00,12.52,0.011,0,1.211,218.541,0.984,3.721,1.749
09/05/2019 16:00,11.993,0.008,0,1.213,147.631,0.979,3.925,1.081
09/05/2019 17:00,10.978,0.008,0,1.217,72.654,0.966,4.177,0.412
09/05/2019 18:00,9.641,0.006,0,1.221,16.247,0.958,4.464,0
10/05/2019 03:00,7.147,0.012,0,1.233,11.529,0.35,4.083,0
10/05/2019 04:00,7.939,0.016,0,1.235,85.636,0.43,4.055,0.418
10/05/2019 05:00,8.683,0.016,0,1.235,188.416,0.414,4.134,1.351
10/05/2019 06:00,9.493,0.011,0,1.232,313.024,0.366,4.221,2.665
10/05/2019 07:00,10.47,0.014,0,1.228,419.834,0.388,4.522,3.86
10/05/2019 08:00,11.57,0.029,0,1.223,509.435,0.468,4.918,4.813
10/05/2019 09:00,12.109,0.064,0,1.221,472.079,0.601,5.215,4.321
10/05/2019 10:00,12.196,0.097,0,1.22,426.641,0.687,5.415,3.788
10/05/2019 11:00,12.105,0.131,0,1.221,363.223,0.741,5.525,3.141
10/05/2019 12:00,11.959,0.138,0,1.221,300.184,0.752,5.56,2.536
10/05/2019 13:00,11.824,0.129,0,1.222,254.992,0.749,5.614,2.111
10/05/2019 14:00,11.552,0.11,0,1.223,185.674,0.76,5.822,1.467
10/05/2019 15:00,11.255,0.075,0,1.225,144.089,0.672,6.029,1.082
10/05/2019 16:00,10.989,0.047,0,1.226,122.504,0.492,5.942,0.869
10/05/2019 17:00,10.601,0.02,0,1.228,91.068,0.304,5.572,0.521
10/05/2019 18:00,9.585,0.005,0,1.231,24.503,0.21,5.362,0.043
10/05/2019 19:00,8.513,0.002,0,1.234,0.002,0.123,5.556,0
11/05/2019 03:00,4.662,0,0,1.255,16.792,0.001,5.9,0
11/05/2019 04:00,6.029,0,0,1.256,122.249,0.001,5.833,0.248
11/05/2019 05:00,7.199,0,0,1.255,271.009,0.001,5.975,1.731
11/05/2019 06:00,8.085,0,0,1.253,427.413,0,5.608,3.77
11/05/2019 07:00,9.036,0,0,1.25,573.28,0,5.242,5.61
11/05/2019 08:00,10.026,0,0,1.246,695.574,0,5.03,7.023
11/05/2019 09:00,10.91,0,0,1.243,784.197,0,4.977,7.959
11/05/2019 10:00,11.62,0,0,1.239,832.686,0,5.116,8.428
11/05/2019 11:00,12.148,0,0,1.236,837.784,0,5.436,8.451
11/05/2019 12:00,12.516,0,0,1.234,799.68,0,5.883,8.038
11/05/2019 13:00,12.647,0,0,1.232,720.937,0,6.44,7.18
11/05/2019 14:00,12.494,0,0,1.232,608.047,0,6.999,5.876
11/05/2019 15:00,12.088,0,0,1.234,469.519,0,7.309,4.152
11/05/2019 16:00,11.478,0,0,1.237,316.762,0.001,7.287,2.149
11/05/2019 17:00,10.592,0,0,1.24,164.878,0.01,6.808,0.349
11/05/2019 18:00,8.892,0,0,1.243,39.743,0.03,6.383,0.064
11/05/2019 19:00,7.608,0,0,1.247,0.012,0.041,6.57,0
12/05/2019 03:00,5.745,0.001,0,1.267,15.076,0.394,6.995,0
12/05/2019 04:00,6.587,0.002,0,1.268,82.856,0.45,7.002,0.362
12/05/2019 05:00,7.611,0,0,1.266,239.788,0.049,7.155,1.588
12/05/2019 06:00,9.047,0,0,1.261,426.215,0,7.296,3.724
12/05/2019 07:00,10.156,0,0,1.258,571.036,0,7.516,5.531
12/05/2019 08:00,10.832,0.001,0,1.256,692.472,0.002,7.75,6.936
12/05/2019 09:00,11.316,0.003,0,1.255,780.179,0.014,7.744,7.873
12/05/2019 10:00,11.626,0.003,0,1.254,815.521,0.045,7.697,8.236
12/05/2019 11:00,11.717,0.002,0,1.255,790.301,0.072,7.776,7.992
12/05/2019 12:00,11.648,0.001,0,1.255,744.52,0.071,7.928,7.509
12/05/2019 13:00,11.51,0,0,1.256,676.888,0.054,8.13,6.755
12/05/2019 14:00,11.347,0,0,1.257,584.351,0.031,8.286,5.647
12/05/2019 15:00,11.052,0,0,1.258,462.538,0.018,8.318,4.089
12/05/2019 16:00,10.588,0,0,1.26,315.289,0.013,7.912,2.152
12/05/2019 17:00,9.861,0,0,1.262,166.565,0.009,6.885,0.39
12/05/2019 18:00,8.224,0,0,1.265,41.873,0.005,5.635,0.08
12/05/2019 19:00,6.792,0,0,1.268,0.035,0.003,5.2,0
13/05/2019 03:00,5.068,0.002,0,1.275,19.947,0.131,5.834,0
13/05/2019 04:00,6.906,0.002,0,1.276,119.659,0.145,5.918,0.347
13/05/2019 05:00,8.521,0.004,0,1.274,267.732,0.028,6.024,1.729
13/05/2019 06:00,9.866,0.003,0,1.269,417.107,0.057,5.969,3.611
13/05/2019 07:00,10.821,0.001,0,1.266,546.642,0.068,5.988,5.237
13/05/2019 08:00,11.445,0.002,0,1.264,655.739,0.084,6.25,6.507
13/05/2019 09:00,11.851,0.004,0,1.262,720.361,0.13,6.742,7.217
13/05/2019 10:00,11.997,0.007,0,1.262,717.399,0.212,7.224,7.183
13/05/2019 11:00,11.849,0.008,0,1.262,655.524,0.321,7.482,6.491
13/05/2019 12:00,11.556,0.005,0,1.263,560.454,0.375,7.466,5.417
13/05/2019 13:00,11.338,0.006,0,1.264,503.412,0.361,7.207,4.784
13/05/2019 14:00,11.203,0.005,0,1.264,446.539,0.313,6.816,4.137
13/05/2019 15:00,11.007,0.002,0,1.264,354.532,0.307,6.404,3.053
13/05/2019 16:00,10.69,0.001,0,1.264,243.261,0.295,6.076,1.754
13/05/2019 17:00,10.099,0.001,0,1.265,130.787,0.251,5.522,0.585
13/05/2019 18:00,8.662,0,0,1.267,36.337,0.172,5.206,0.094
13/05/2019 19:00,7.428,0,0,1.27,0.077,0.092,5.38,0
14/05/2019 03:00,4.071,0,0,1.288,22.461,0.082,4.11,0
14/05/2019 04:00,5.37,0,0,1.289,130.336,0.29,3.664,0.302
14/05/2019 05:00,6.873,0,0,1.287,274.373,0.135,3.288,1.765
14/05/2019 06:00,9.116,0,0,1.278,429.14,0.116,2.889,3.719
14/05/2019 07:00,10.63,0,0,1.271,563.228,0.196,3.197,5.395
14/05/2019 08:00,11.28,0,0,1.268,644.768,0.228,3.373,6.398
14/05/2019 09:00,11.796,0,0,1.266,740.362,0.142,3.449,7.418
14/05/2019 10:00,12.261,0,0,1.263,794.003,0.17,3.37,7.953
14/05/2019 11:00,12.642,0,0,1.26,781.375,0.349,3.253,7.814
14/05/2019 12:00,12.929,0,0,1.258,732.858,0.409,3.239,7.289
14/05/2019 13:00,12.973,0,0,1.256,629.52,0.549,3.444,6.152
14/05/2019 14:00,12.67,0,0,1.255,426.961,0.58,3.822,3.915
14/05/2019 15:00,12.398,0,0,1.254,357.035,0.409,4.186,3.051
14/05/2019 16:00,12.058,0,0,1.254,263.673,0.272,4.467,1.852
14/05/2019 17:00,11.321,0,0,1.255,154.906,0.211,4.406,0.523
14/05/2019 18:00,9.634,0,0,1.258,42.827,0.26,4.45,0.106
14/05/2019 19:00,8.327,0,0,1.261,0.164,0.444,4.809,0
15/05/2019 03:00,5.523,0,0,1.273,22.469,0.536,5.262,0.002
15/05/2019 04:00,7.017,0,0,1.273,122.164,0.628,5.127,0.352
15/05/2019 05:00,8.239,0,0,1.272,259.714,0.655,4.734,1.681
15/05/2019 06:00,10.136,0,0,1.264,413.26,0.775,4.491,3.548
15/05/2019 07:00,11.598,0,0,1.257,559.514,0.755,4.658,5.32
15/05/2019 08:00,12.492,0,0,1.253,684.039,0.64,5.081,6.733
15/05/2019 09:00,13.026,0,0,1.251,768.213,0.423,5.364,7.631
15/05/2019 10:00,13.412,0,0,1.248,824.771,0.208,5.566,8.182
15/05/2019 11:00,13.659,0,0,1.246,797.458,0.196,5.713,7.922
15/05/2019 12:00,13.872,0,0,1.244,764.15,0.132,5.738,7.554
15/05/2019 13:00,13.948,0,0,1.242,690.972,0.117,5.772,6.749
15/05/2019 14:00,13.853,0,0,1.241,569.554,0.147,5.743,5.374
15/05/2019 15:00,13.584,0,0,1.241,442.365,0.16,5.656,3.812
15/05/2019 16:00,13.054,0,0,1.242,299.57,0.23,5.316,2.035
15/05/2019 17:00,11.97,0,0,1.246,157.53,0.187,4.609,0.511
15/05/2019 18:00,10.116,0,0,1.252,45.134,0.122,4.21,0.114
15/05/2019 19:00,8.622,0,0,1.257,0.267,0.155,4.211,0
16/05/2019 03:00,5.689,0,0,1.274,19.479,0.616,7.634,0.005
16/05/2019 04:00,6.345,0,0,1.273,87.523,0.633,7.571,0.432
16/05/2019 05:00,7.448,0,0,1.269,188.671,0.715,7.349,1.341
16/05/2019 06:00,9.357,0.001,0,1.26,341.502,0.794,7.854,2.898
16/05/2019 07:00,11.468,0.002,0,1.249,466.737,0.954,8.452,4.327
16/05/2019 08:00,13.159,0.002,0,1.239,536.948,0.968,9.225,5.118
16/05/2019 09:00,14.349,0.001,0,1.232,637.831,0.963,9.727,6.198
16/05/2019 10:00,15.297,0,0,1.227,759.537,0.953,10.062,7.432
16/05/2019 11:00,15.869,0,0,1.223,775.26,0.95,10.201,7.569
16/05/2019 12:00,16.153,0,0,1.221,742.972,0.921,10.176,7.217
16/05/2019 13:00,16.163,0,0,1.22,673.897,0.811,10.22,6.464
16/05/2019 14:00,15.874,0,0,1.221,557.191,0.755,10.282,5.161
16/05/2019 15:00,15.319,0,0,1.222,421.657,0.728,10.098,3.577
16/05/2019 16:00,14.546,0,0,1.225,281.178,0.695,9.603,1.939
16/05/2019 17:00,13.571,0,0,1.228,143.701,0.722,9.073,0.617
16/05/2019 18:00,12.433,0.004,0,1.232,36.286,0.846,8.903,0.104
16/05/2019 19:00,11.491,0.013,0,1.236,0.347,0.925,8.817,0
17/05/2019 03:00,9.154,0.186,0,1.246,5.673,0.994,8.195,0
17/05/2019 04:00,9.218,0.222,0,1.246,29.631,0.995,8.233,0.092
17/05/2019 05:00,9.511,0.314,0,1.245,62.786,0.992,8.365,0.362
17/05/2019 06:00,9.989,0.439,0,1.242,91.808,0.99,8.484,0.616
17/05/2019 07:00,10.505,0.967,0,1.24,143.11,0.992,8.6,1.078
17/05/2019 08:00,10.972,1.501,0,1.237,177.323,0.994,8.597,1.388
17/05/2019 09:00,11.316,1.217,0,1.235,208.51,0.991,8.745,1.671
17/05/2019 10:00,11.651,0.96,0,1.233,253.882,0.989,8.822,2.081
17/05/2019 11:00,11.731,1.181,0,1.232,227.702,0.987,8.758,1.841
17/05/2019 12:00,11.56,1.073,0,1.233,182.083,0.987,8.619,1.427
17/05/2019 13:00,11.185,0.688,0,1.234,147.157,0.987,8.438,1.112
17/05/2019 14:00,10.768,0.435,0,1.236,134.287,0.981,8.173,0.996
17/05/2019 15:00,10.489,0.306,0,1.238,117.387,0.974,8.025,0.843
17/05/2019 16:00,10.275,0.2,0,1.238,86.394,0.967,7.746,0.563
17/05/2019 17:00,10.077,0.138,0,1.238,49.969,0.949,7.475,0.248
17/05/2019 18:00,9.796,0.112,0,1.239,18.63,0.93,7.149,0.014
17/05/2019 19:00,9.464,0.091,0,1.24,0.247,0.89,6.96,0
18/05/2019 03:00,8.372,0.021,0,1.242,24.269,0.232,5.339,0.027
18/05/2019 04:00,9.472,0.026,0,1.241,117.288,0.2,5.544,0.439
18/05/2019 05:00,10.619,0.021,0,1.237,253.04,0.095,5.209,1.652
18/05/2019 06:00,12.042,0.005,0,1.23,409.206,0.1,5.254,3.443
18/05/2019 07:00,13.389,0.001,0,1.224,547.34,0.147,5.477,5.093
18/05/2019 08:00,14.662,0.001,0,1.217,662.368,0.179,5.862,6.381
18/05/2019 09:00,15.476,0.002,0,1.213,743.436,0.194,6.177,7.231
18/05/2019 10:00,16.027,0.003,0,1.21,793.209,0.169,6.427,7.716
18/05/2019 11:00,16.332,0.004,0,1.209,801.539,0.175,6.636,7.778
18/05/2019 12:00,16.491,0.002,0,1.207,752.508,0.203,6.624,7.273
18/05/2019 13:00,16.545,0.001,0,1.206,672.261,0.218,6.384,6.412
18/05/2019 14:00,16.45,0,0,1.205,564.009,0.222,6.144,5.19
18/05/2019 15:00,16.158,0,0,1.205,435.471,0.211,6.136,3.665
18/05/2019 16:00,15.564,0,0,1.207,296.522,0.17,6.308,2.003
18/05/2019 17:00,14.572,0.001,0,1.211,161.333,0.117,6.245,0.587
18/05/2019 18:00,13.128,0.001,0,1.217,49.468,0.054,5.959,0.147
18/05/2019 19:00,11.668,0.005,0,1.223,0.8,0.026,5.78,0
19/05/2019 02:00,9.926,0.013,0,1.232,0.001,0.072,6.477,0
19/05/2019 03:00,10.173,0.023,0,1.232,28.698,0.176,6.574,0.04
19/05/2019 04:00,10.979,0.03,0,1.231,130.74,0.578,6.408,0.408
19/05/2019 05:00,12.171,0.03,0,1.225,262.85,0.776,6.035,1.685
19/05/2019 06:00,13.34,0.028,0,1.22,407.615,0.811,5.972,3.397
19/05/2019 07:00,14.678,0.025,0,1.213,543.15,0.809,6.422,5.004
19/05/2019 08:00,15.663,0.021,0,1.208,651.385,0.933,6.729,6.219
19/05/2019 09:00,16.349,0.016,0,1.205,680.474,0.949,6.807,6.556
19/05/2019 10:00,16.798,0.012,0,1.203,718.268,0.915,6.726,6.932
19/05/2019 11:00,17.264,0.005,0,1.2,750.823,0.55,6.545,7.238
19/05/2019 12:00,17.689,0.002,0,1.198,767.322,0.115,6.391,7.347
19/05/2019 13:00,17.926,0.003,0,1.195,691.597,0.05,6.329,6.538
19/05/2019 14:00,17.977,0.005,0,1.194,581.323,0.052,6.294,5.303
19/05/2019 15:00,17.782,0.012,0,1.193,457.236,0.066,6.309,3.813
19/05/2019 16:00,17.155,0.024,0,1.195,306.581,0.112,6.274,2.041
19/05/2019 17:00,16.089,0.038,0,1.2,162.049,0.376,5.95,0.608
19/05/2019 18:00,14.653,0.064,0,1.206,44.468,0.635,5.629,0.141
19/05/2019 19:00,13.523,0.077,0,1.211,0.916,0.836,5.721,0
20/05/2019 02:00,11.105,0.011,0,1.221,0.002,0.367,4.213,0
20/05/2019 03:00,11.222,0.016,0,1.222,24.756,0.349,4.12,0.037
20/05/2019 04:00,11.881,0.02,0,1.222,109.129,0.357,4.08,0.511
20/05/2019 05:00,12.508,0.019,0,1.22,225.211,0.351,3.762,1.542
20/05/2019 06:00,13.663,0.015,0,1.215,357.109,0.373,3.691,2.945
20/05/2019 07:00,15.587,0.01,0,1.206,501.22,0.551,3.798,4.521
20/05/2019 08:00,16.885,0.003,0,1.201,594.061,0.828,3.789,5.536
20/05/2019 09:00,17.67,0.002,0,1.197,615.242,0.789,3.753,5.763
20/05/2019 10:00,18.542,0.003,0,1.194,764.309,0.709,3.716,7.25
20/05/2019 11:00,19.227,0.004,0,1.19,790.074,0.774,3.693,7.48
20/05/2019 12:00,19.716,0.004,0,1.188,756.062,0.775,3.736,7.112
20/05/2019 13:00,19.948,0.004,0,1.185,663.49,0.794,3.91,6.133
20/05/2019 14:00,19.683,0.006,0,1.184,458.326,0.858,4.169,3.985
20/05/2019 15:00,19.093,0.002,0,1.185,256.61,0.939,4.329,2.019
20/05/2019 16:00,18.359,0.002,0,1.186,130.367,0.966,4.218,0.898
20/05/2019 17:00,17.33,0.002,0,1.188,53.173,0.964,4.138,0.256
20/05/2019 18:00,16.237,0.002,0,1.191,16.625,0.952,4.276,0
20/05/2019 19:00,15.349,0.003,0,1.194,0.494,0.949,4.568,0
21/05/2019 02:00,13.103,0.099,0,1.209,0.006,0.928,5.478,0
21/05/2019 03:00,12.857,0.15,0,1.212,12.561,0.91,5.261,0
21/05/2019 04:00,12.922,0.109,0,1.213,51.75,0.923,4.885,0.248
21/05/2019 05:00,13.244,0.098,0,1.213,122.604,0.85,4.528,0.85
21/05/2019 06:00,13.915,0.167,0,1.211,220.178,0.782,4.367,1.736
21/05/2019 07:00,14.793,0.237,0,1.207,266.956,0.752,4.315,2.182
21/05/2019 08:00,15.825,0.167,0,1.202,333.908,0.696,4.11,2.802
21/05/2019 09:00,16.846,0.127,0,1.198,466.832,0.623,3.83,4.073
21/05/2019 10:00,17.805,0.154,0,1.194,549.526,0.631,3.736,4.882
21/05/2019 11:00,18.292,0.202,0,1.192,487.983,0.631,3.614,4.241
21/05/2019 12:00,18.423,0.216,0,1.192,451.189,0.586,3.48,3.875
21/05/2019 13:00,18.35,0.217,0,1.192,419.75,0.58,3.47,3.579
21/05/2019 14:00,18.046,0.19,0,1.193,364.845,0.616,3.644,3.053
21/05/2019 15:00,17.523,0.14,0,1.194,284.722,0.588,3.875,2.277
21/05/2019 16:00,16.842,0.081,0,1.197,211.284,0.5,4.11,1.538
21/05/2019 17:00,15.925,0.046,0,1.201,129.158,0.372,4.222,0.729
21/05/2019 18:00,14.612,0.016,0,1.207,47.661,0.271,4.052,0.181
21/05/2019 19:00,12.998,0.013,0,1.213,1.493,0.314,3.879,0
22/05/2019 02:00,10.713,0.01,0,1.226,0.025,0.822,3.24,0
22/05/2019 03:00,10.895,0.01,0,1.226,25.184,0.808,3.018,0.042
22/05/2019 04:00,11.637,0.01,0,1.226,105.145,0.695,2.73,0.513
22/05/2019 05:00,12.555,0.009,0,1.224,240.062,0.423,2.178,1.616
22/05/2019 06:00,14.146,0.008,0,1.218,384.173,0.262,2.404,3.155
22/05/2019 07:00,15.276,0.007,0,1.213,521.442,0.214,2.98,4.714
22/05/2019 08:00,16.164,0.005,0,1.209,644.37,0.151,3.576,6.06
22/05/2019 09:00,16.72,0.007,0,1.206,724.998,0.132,4.124,6.905
22/05/2019 10:00,17.047,0.009,0,1.204,764.821,0.126,4.725,7.302
22/05/2019 11:00,17.197,0.014,0,1.203,775.55,0.208,5.477,7.39
22/05/2019 12:00,17.017,0.018,0,1.204,706.115,0.543,6.283,6.688
22/05/2019 13:00,16.501,0.014,0,1.206,597.92,0.74,7.12,5.548
22/05/2019 14:00,15.486,0.017,0,1.212,462.096,0.825,7.942,4.094
22/05/2019 15:00,14.165,0.02,0,1.22,290.87,0.867,8.702,2.372
22/05/2019 16:00,13.156,0.015,0,1.225,166.914,0.888,9.045,1.219
22/05/2019 17:00,12.588,0.011,0,1.228,86.036,0.896,8.938,0.501
22/05/2019 18:00,12.117,0.007,0,1.23,29.097,0.867,8.647,0.078
22/05/2019 19:00,11.665,0.005,0,1.232,1.363,0.769,8.667,0
23/05/2019 02:00,8.979,0,0,1.244,0.07,0.926,6.941,0
23/05/2019 03:00,8.995,0.001,0,1.245,34.881,0.936,6.663,0.077
23/05/2019 04:00,9.862,0.001,0,1.245,132.732,0.943,6.529,0.475
23/05/2019 05:00,10.698,0,0,1.243,267.215,0.941,6.615,1.73
23/05/2019 06:00,11.603,0,0,1.24,414.536,0.941,6.435,3.445
23/05/2019 07:00,12.522,0,0,1.237,556.41,0.941,6.309,5.123
23/05/2019 08:00,13.377,0,0,1.234,673.901,0.941,6.246,6.445
23/05/2019 09:00,14.167,0,0,1.23,754.06,0.94,6.164,7.289
23/05/2019 10:00,14.929,0,0,1.226,804.21,0.943,6.116,7.773
23/05/2019 11:00,15.622,0,0,1.221,839.005,0.944,6.102,8.059
23/05/2019 12:00,16.103,0,0,1.218,808.178,0.877,6.059,7.716
23/05/2019 13:00,16.367,0,0,1.215,727.247,0.737,6.029,6.854
23/05/2019 14:00,16.426,0,0,1.213,582.427,0.92,5.981,5.286
23/05/2019 15:00,16.19,0.001,0,1.212,352.126,0.952,5.856,2.891
23/05/2019 16:00,15.782,0,0,1.212,207.955,0.961,5.476,1.494
23/05/2019 17:00,15.078,0,0,1.213,118.935,0.968,5.13,0.662
23/05/2019 18:00,13.945,0,0,1.215,38.608,0.958,5.158,0.13
23/05/2019 19:00,12.819,0,0,1.218,2.083,0.892,5.492,0
24/05/2019 02:00,10.909,0.005,0,1.231,0.125,0.46,7.704,0
24/05/2019 03:00,10.687,0.005,0,1.233,37.158,0.444,7.117,0.091
24/05/2019 04:00,11.272,0.002,0,1.233,145.566,0.309,6.685,0.474
24/05/2019 05:00,12.121,0,0,1.23,290.643,0.088,6.453,1.838
24/05/2019 06:00,13.115,0,0,1.226,439.242,0.155,6.503,3.615
24/05/2019 07:00,14.04,0.001,0,1.222,564.353,0.235,6.701,5.135
24/05/2019 08:00,14.834,0.002,0,1.218,679.305,0.295,7.107,6.417
24/05/2019 09:00,15.458,0.004,0,1.215,766.608,0.156,7.715,7.321
24/05/2019 10:00,15.95,0.01,0,1.212,803.458,0.282,8.419,7.675
24/05/2019 11:00,16.211,0.034,0,1.209,723.796,0.534,9.172,6.856
24/05/2019 12:00,16.042,0.053,0,1.208,479.67,0.616,9.6,4.273
24/05/2019 13:00,15.854,0.038,0,1.207,414.33,0.615,9.455,3.594
24/05/2019 14:00,15.603,0.028,0,1.207,337.036,0.712,9.222,2.831
24/05/2019 15:00,14.935,0.021,0,1.21,209.114,0.794,8.987,1.635
24/05/2019 16:00,13.987,0.013,0,1.215,137.676,0.593,8.799,0.977
24/05/2019 17:00,13.108,0.008,0,1.22,124.166,0.637,8.005,0.726
24/05/2019 18:00,12.361,0.003,0,1.223,35.196,0.667,7.067,0.116
24/05/2019 19:00,11.726,0.003,0,1.225,1.471,0.665,6.807,0
25/05/2019 02:00,8.654,0.002,0,1.238,0.208,0.938,6.567,0
25/05/2019 03:00,9.153,0.003,0,1.238,32.702,0.946,6.678,0.082
25/05/2019 04:00,10.003,0.003,0,1.238,101.371,0.863,7.041,0.515
25/05/2019 05:00,10.706,0.001,0,1.236,213.324,0.666,7.074,1.481
25/05/2019 06:00,11.688,0,0,1.233,403.24,0.298,6.891,3.332
25/05/2019 07:00,12.841,0,0,1.229,586.239,0.165,6.724,5.362
25/05/2019 08:00,13.833,0,0,1.224,690.848,0.083,6.61,6.557
25/05/2019 09:00,14.504,0,0,1.221,754.344,0.067,6.575,7.242
25/05/2019 10:00,14.997,0,0,1.219,794.067,0.063,6.592,7.634
25/05/2019 11:00,15.391,0,0,1.217,805.597,0.096,6.662,7.724
25/05/2019 12:00,15.644,0,0,1.215,771.324,0.078,6.75,7.355
25/05/2019 13:00,15.768,0,0,1.213,691.99,0.313,6.86,6.5
25/05/2019 14:00,15.662,0,0,1.212,517.103,0.276,7.019,4.648
25/05/2019 15:00,15.463,0,0,1.212,408.258,0.443,7.261,3.377
25/05/2019 16:00,14.965,0,0,1.213,226.383,0.524,7.332,1.628
25/05/2019 17:00,14.274,0.001,0,1.215,122.704,0.619,7.306,0.696
25/05/2019 18:00,13.4,0.001,0,1.219,36.012,0.768,7.517,0.12
25/05/2019 19:00,12.422,0.002,0,1.225,1.774,0.921,7.814,0
26/05/2019 02:00,9.716,0.035,0,1.236,0.13,0.985,8.219,0
26/05/2019 03:00,9.827,0.035,0,1.235,10.689,0.989,8.186,0
26/05/2019 04:00,10.092,0.059,0,1.234,49.651,0.987,8.303,0.242
26/05/2019 05:00,10.559,0.115,0,1.232,112.571,0.984,8.88,0.782
26/05/2019 06:00,11.138,0.197,0,1.229,200.068,0.968,9.821,1.576
26/05/2019 07:00,11.792,0.288,0,1.225,298.921,0.897,10.537,2.494
26/05/2019 08:00,12.411,0.273,0,1.222,381.788,0.667,10.87,3.268
26/05/2019 09:00,12.8,0.237,0,1.22,381.522,0.714,10.845,3.247
26/05/2019 10:00,12.892,0.235,0,1.218,272.926,0.803,10.327,2.242
26/05/2019 11:00,12.899,0.185,0,1.217,196.314,0.841,9.419,1.547
26/05/2019 12:00,13.214,0.115,0,1.215,228.516,0.844,8.543,1.835
26/05/2019 13:00,13.74,0.094,0,1.213,289.835,0.943,7.776,2.384
26/05/2019 14:00,13.897,0.093,0,1.212,256.612,0.991,7.074,2.078
26/05/2019 15:00,13.381,0.214,0,1.213,114.55,0.992,6.106,0.804
26/05/2019 16:00,12.889,0.279,0,1.215,78.928,0.991,5.08,0.491
26/05/2019 17:00,12.462,0.322,0,1.216,46.615,0.989,4.448,0.219
26/05/2019 18:00,11.952,0.336,0,1.217,14.848,0.986,3.995,0
26/05/2019 19:00,11.621,0.43,0,1.217,0.986,0.956,3.909,0
27/05/2019 02:00,12.338,0.065,0,1.21,0.236,0.807,7.518,0
27/05/2019 03:00,12.345,0.06,0,1.211,24.612,0.604,8.34,0.046
27/05/2019 04:00,12.375,0.064,0,1.212,94.021,0.597,8.511,0.526
27/05/2019 05:00,12.526,0.081,0,1.213,170.997,0.53,8.542,1.23
27/05/2019 06:00,12.747,0.061,0,1.213,266.743,0.569,8.729,2.147
27/05/2019 07:00,13.032,0.056,0,1.213,341.684,0.542,8.869,2.897
27/05/2019 08:00,13.278,0.044,0,1.213,389.674,0.516,9.053,3.376
27/05/2019 09:00,13.711,0.058,0,1.213,535.254,0.317,9.347,4.842
27/05/2019 10:00,14.306,0.053,0,1.212,644.563,0.265,9.521,5.988
27/05/2019 11:00,14.847,0.028,0,1.209,665.13,0.305,9.496,6.169
27/05/2019 12:00,14.904,0.031,0,1.208,491.763,0.773,9.333,4.346
27/05/2019 13:00,14.705,0.028,0,1.209,368.798,0.792,9.126,3.14
27/05/2019 14:00,14.649,0.023,0,1.209,386.152,0.825,8.931,3.287
27/05/2019 15:00,14.428,0.008,0,1.209,270.687,0.944,8.414,2.179
27/05/2019 16:00,14.049,0.003,0,1.21,169.666,0.973,7.642,1.244
27/05/2019 17:00,13.521,0.002,0,1.211,106.13,0.961,6.963,0.648
27/05/2019 18:00,12.81,0.001,0,1.214,43.841,0.96,6.763,0.175
27/05/2019 19:00,12.038,0.001,0,1.216,2.918,0.974,6.818,0
28/05/2019 02:00,9.887,0.013,0,1.225,0.518,0.732,6.715,0
28/05/2019 03:00,10.213,0.011,0,1.227,30.629,0.849,6.591,0.079
28/05/2019 04:00,10.456,0.013,0,1.228,91.753,0.907,6.331,0.496
28/05/2019 05:00,10.679,0.011,0,1.229,196.502,0.93,6.044,1.399
28/05/2019 06:00,11.13,0.004,0,1.228,310.91,0.924,5.825,2.543
28/05/2019 07:00,11.742,0.001,0,1.227,450.075,0.899,5.703,4.016
28/05/2019 08:00,12.361,0,0,1.226,597.175,0.858,5.722,5.608
28/05/2019 09:00,12.822,0,0,1.225,686.052,0.897,5.821,6.561
28/05/2019 10:00,13.141,0,0,1.224,716.619,0.933,5.971,6.879
28/05/2019 11:00,13.41,0,0,1.223,735.173,0.898,6.189,7.059
28/05/2019 12:00,13.629,0,0,1.222,750.882,0.793,6.421,7.18
28/05/2019 13:00,13.68,0,0,1.222,698.266,0.777,6.627,6.584
28/05/2019 14:00,13.51,0,0,1.222,547.039,0.899,6.767,4.945
28/05/2019 15:00,13.119,0,0,1.222,309.954,0.973,6.758,2.542
28/05/2019 16:00,12.852,0,0,1.223,221.104,0.791,6.617,1.614
28/05/2019 17:00,12.53,0,0,1.224,185.533,0.412,6.412,0.776
28/05/2019 18:00,11.498,0,0,1.226,75.534,0.163,6.212,0.251
28/05/2019 19:00,10.16,0,0,1.229,4.834,0.218,6.499,0
29/05/2019 02:00,6.993,0,0,1.252,0.796,0.025,7.66,0
29/05/2019 03:00,7.275,0,0,1.253,53.951,0.019,7.641,0.106
29/05/2019 04:00,8.242,0,0,1.253,178.243,0.003,7.85,0.285
29/05/2019 05:00,9.212,0,0,1.252,327.738,0.001,8.191,1.975
29/05/2019 06:00,10.07,0,0,1.25,480.391,0,8.108,3.954
29/05/2019 07:00,10.859,0,0,1.248,621.37,0.001,7.896,5.702
29/05/2019 08:00,11.568,0,0,1.246,738.639,0.001,7.665,7.043
29/05/2019 09:00,12.129,0,0,1.245,823.289,0.003,7.437,7.936
29/05/2019 10:00,12.528,0,0,1.245,867.196,0.008,7.203,8.371
29/05/2019 11:00,12.808,0,0,1.244,867.793,0.013,6.96,8.368
29/05/2019 12:00,13.012,0,0,1.243,829.285,0.013,6.671,7.964
29/05/2019 13:00,13.144,0,0,1.242,751.917,0.011,6.32,7.132
29/05/2019 14:00,13.185,0,0,1.241,642.582,0.04,5.881,5.882
29/05/2019 15:00,13.072,0,0,1.241,500.534,0.135,5.413,4.178
29/05/2019 16:00,12.82,0,0,1.241,349.972,0.328,4.943,2.298
29/05/2019 17:00,12.381,0,0,1.241,199.131,0.639,4.4,0.639
29/05/2019 18:00,11.283,0,0,1.242,70.33,0.706,3.77,0.229
29/05/2019 19:00,10.262,0,0,1.244,5.173,0.878,3.655,0
30/05/2019 02:00,7.743,0,0,1.253,0.983,0.788,6.567,0
30/05/2019 03:00,8.438,0,0,1.253,51.808,0.828,6.922,0.164
30/05/2019 04:00,9.865,0,0,1.252,160.823,0.806,7.304,0.565
30/05/2019 05:00,10.93,0,0,1.249,302.299,0.548,7.988,1.939
30/05/2019 06:00,12.048,0,0,1.244,458.783,0.49,8.819,3.74
30/05/2019 07:00,13.088,0.001,0,1.239,556.738,0.816,9.53,4.983
30/05/2019 08:00,13.64,0.011,0,1.236,532.704,0.976,10.138,4.804
30/05/2019 09:00,13.559,0.06,0,1.234,364.727,0.991,10.365,3.105
30/05/2019 10:00,13.418,0.218,0,1.233,279.092,0.993,10.019,2.301
30/05/2019 11:00,13.256,0.517,0,1.232,217.921,0.996,9.669,1.743
30/05/2019 12:00,13.197,0.772,0,1.231,164.747,0.99,9.597,1.261
30/05/2019 13:00,13.298,0.612,0,1.23,168.033,0.941,9.305,1.289
30/05/2019 14:00,13.461,0.377,0,1.228,176.826,0.972,8.693,1.365
30/05/2019 15:00,13.846,0.194,0,1.226,194.684,0.974,9.014,1.511
30/05/2019 16:00,14.26,0.122,0,1.223,181.871,0.967,9.22,1.346
30/05/2019 17:00,14.397,0.092,0,1.221,97.09,0.973,9.354,0.594
30/05/2019 18:00,14.335,0.122,0,1.22,31.391,0.979,9.382,0.096
30/05/2019 19:00,13.838,0.08,0,1.223,2.722,0.985,8.698,0
31/05/2019 02:00,12.555,0.258,0,1.23,0.293,0.951,5.91,0
31/05/2019 03:00,12.53,0.715,0,1.229,11.657,0.936,5.189,0
31/05/2019 04:00,12.706,1.164,0,1.229,31.45,0.924,4.894,0.101
31/05/2019 05:00,12.891,0.814,0,1.229,64.815,0.95,4.895,0.369
31/05/2019 06:00,13.139,0.191,0,1.229,136.437,0.982,4.896,0.997
31/05/2019 07:00,13.608,0.046,0,1.228,292.699,0.976,4.863,2.426
31/05/2019 08:00,14.113,0.015,0,1.228,442.408,0.973,5.29,3.884
31/05/2019 09:00,14.585,0.004,0,1.227,522.874,0.958,5.644,4.716
31/05/2019 10:00,15.113,0.001,0,1.226,668.901,0.621,5.891,6.241
31/05/2019 11:00,15.482,0,0,1.226,755.253,0.125,6.28,7.127
31/05/2019 12:00,15.718,0,0,1.225,799.792,0.269,6.359,7.513
31/05/2019 13:00,15.771,0,0,1.225,731.974,0.12,6.152,6.793
31/05/2019 14:00,15.694,0,0,1.224,623.866,0.114,5.783,5.592
31/05/2019 15:00,15.535,0,0,1.224,491.605,0.316,5.342,4.039
31/05/2019 16:00,15.31,0.001,0,1.224,347.914,0.167,4.917,2.308
31/05/2019 17:00,14.939,0.001,0,1.224,204.601,0.074,4.189,0.754
31/05/2019 18:00,14.154,0,0,1.226,79.962,0.064,3.228,0.278
31/05/2019 19:00,13.428,0,0,1.227,6.509,0.092,2.782,0
01/06/2019 02:00,12.768,0.036,0,1.23,0.691,0.958,6.115,0
01/06/2019 03:00,12.885,0.022,0,1.231,28.197,0.817,6.443,0.069
01/06/2019 04:00,13.199,0.013,0,1.231,123.786,0.899,6.682,0.653
01/06/2019 05:00,13.698,0.006,0,1.229,200.506,0.954,6.765,1.423
01/06/2019 06:00,14.483,0.004,0,1.226,323.223,0.948,7.261,2.596
01/06/2019 07:00,15.407,0.006,0,1.222,472.403,0.957,7.845,4.091
01/06/2019 08:00,15.842,0.021,0,1.219,391.302,0.898,8.003,3.341
01/06/2019 09:00,16.244,0.01,0,1.216,426.691,0.545,8.318,3.671
01/06/2019 10:00,17.115,0.012,0,1.212,639.675,0.471,8.929,5.771
01/06/2019 11:00,17.386,0.024,0,1.21,508.67,0.576,9.196,4.443
01/06/2019 12:00,17.426,0.032,0,1.209,454.629,0.612,9.249,3.895
01/06/2019 13:00,17.285,0.024,0,1.209,365.53,0.662,9.127,3.056
01/06/2019 14:00,17.078,0.012,0,1.209,329.401,0.634,9.136,2.712
01/06/2019 15:00,16.646,0.005,0,1.211,251.689,0.822,8.959,1.986
01/06/2019 16:00,15.946,0.001,0,1.215,164.848,0.953,8.311,1.194
01/06/2019 17:00,15.153,0,0,1.218,120.156,0.94,7.298,0.736
01/06/2019 18:00,14.211,0,0,1.222,55.833,0.812,6.494,0.246
01/06/2019 19:00,12.846,0,0,1.226,6.698,0.422,5.85,0
02/06/2019 02:00,10.475,0.007,0,1.24,0.966,0.958,5.592,0
02/06/2019 03:00,10.83,0.007,0,1.24,22.401,0.97,5.188,0.034
02/06/2019 04:00,11.644,0.004,0,1.239,104.834,0.783,4.795,0.555
02/06/2019 05:00,12.674,0,0,1.237,299.356,0.405,4.389,1.883
02/06/2019 06:00,13.918,0,0,1.232,458.39,0.195,3.814,3.677
02/06/2019 07:00,15.142,0,0,1.227,596.923,0.228,3.595,5.306
02/06/2019 08:00,16.057,0,0,1.223,704.85,0.832,3.703,6.512
02/06/2019 09:00,16.676,0,0,1.22,767.67,0.934,3.896,7.174
02/06/2019 10:00,17.008,0,0,1.217,685.782,0.966,3.989,6.401
02/06/2019 11:00,17.307,0,0,1.215,701.194,0.961,4.129,6.537
02/06/2019 12:00,17.673,0,0,1.213,757.784,0.951,4.356,7.047
02/06/2019 13:00,17.838,0,0,1.21,684.442,0.953,4.592,6.271
02/06/2019 14:00,17.631,0,0,1.21,528.377,0.96,4.82,4.635
02/06/2019 15:00,17.106,0,0,1.21,335.879,0.961,5.135,2.705
02/06/2019 16:00,16.359,0,0,1.212,188.372,0.968,5.614,1.363
02/06/2019 17:00,15.519,0,0,1.215,112.173,0.818,6.227,0.668
02/06/2019 18:00,14.716,0,0,1.218,58.666,0.727,7.026,0.251
02/06/2019 19:00,13.893,0.001,0,1.222,6.142,0.894,7.669,0
03/06/2019 02:00,14.208,0.003,0,1.211,1.627,0.173,6.872,0
03/06/2019 03:00,14.474,0.002,0,1.212,51.464,0.112,6.751,0.162
03/06/2019 04:00,14.983,0.008,0,1.211,157.582,0.104,6.43,0.539
03/06/2019 05:00,15.701,0.003,0,1.209,297.375,0.077,6.084,1.838
03/06/2019 06:00,16.669,0.001,0,1.205,443.864,0.043,5.963,3.51
03/06/2019 07:00,17.793,0,0,1.2,579.985,0.052,5.989,5.075
03/06/2019 08:00,19.17,0,0,1.193,685.24,0.059,6.183,6.22
03/06/2019 09:00,20.548,0.008,0,1.187,771.407,0.027,5.605,7.064
03/06/2019 10:00,22.03,0.036,0,1.182,806.509,0.076,4.316,7.366
03/06/2019 11:00,22.763,0.021,0,1.179,795.937,0.22,4.131,7.24
03/06/2019 12:00,22.672,0.007,0,1.178,720.978,0.54,4.676,6.522
03/06/2019 13:00,22.188,0.062,0,1.178,631.251,0.906,5.279,5.585
03/06/2019 14:00,20.687,0.443,0,1.183,282.803,0.982,5.905,2.26
03/06/2019 15:00,19.097,0.362,0,1.19,171.435,0.97,6.206,1.271
03/06/2019 16:00,18.41,0.057,0,1.194,169.698,0.849,5.613,1.214
03/06/2019 17:00,18,0.109,0,1.196,121.53,0.952,4.902,0.726
03/06/2019 18:00,17.23,0.224,0,1.199,33.511,0.983,4.794,0.106
03/06/2019 19:00,16.503,0.137,0,1.202,2.161,0.981,5.085,0
04/06/2019 02:00,13.46,0.097,0,1.222,0.788,0.826,4.605,0
04/06/2019 03:00,13.375,0.053,0,1.223,26.01,0.66,4.339,0.055
04/06/2019 04:00,13.664,0.017,0,1.225,101.352,0.53,4.045,0.548
04/06/2019 05:00,14.202,0.007,0,1.223,230.352,0.549,3.652,1.565
04/06/2019 06:00,15.163,0.003,0,1.22,413.604,0.602,3.521,3.296
04/06/2019 07:00,16.198,0.002,0,1.217,553.56,0.817,3.568,4.867
04/06/2019 08:00,17.053,0.002,0,1.213,667.026,0.906,3.557,6.109
04/06/2019 09:00,17.856,0.001,0,1.21,748.852,0.867,3.471,6.948
04/06/2019 10:00,18.592,0,0,1.207,793.626,0.722,3.38,7.369
04/06/2019 11:00,19.092,0,0,1.204,746.106,0.478,3.395,6.906
04/06/2019 12:00,19.318,0.001,0,1.202,688.029,0.34,3.426,6.305
04/06/2019 13:00,19.426,0,0,1.201,602.226,0.379,3.326,5.405
04/06/2019 14:00,19.471,0,0,1.2,487.477,0.475,3.061,4.196
04/06/2019 15:00,19.495,0,0,1.2,387.496,0.413,2.669,3.101
04/06/2019 16:00,19.376,0,0,1.199,294.954,0.315,2.311,2.008
04/06/2019 17:00,18.947,0,0,1.199,171.203,0.363,2.56,0.832
04/06/2019 18:00,17.768,0,0,1.2,67.373,0.543,3.051,0.277
04/06/2019 19:00,16.252,0,0,1.202,7.238,0.639,3.562,0
05/06/2019 02:00,14.278,0.001,0,1.214,1.871,0.761,7.994,0
05/06/2019 03:00,14.308,0.002,0,1.215,31.348,0.812,7.857,0.085
05/06/2019 04:00,14.538,0.005,0,1.215,94.864,0.759,7.355,0.509
05/06/2019 05:00,15.305,0.001,0,1.212,249.898,0.845,7.199,1.652
05/06/2019 06:00,16.569,0,0,1.206,411.506,0.945,7.153,3.251
05/06/2019 07:00,18.05,0,0,1.198,504.403,0.94,7.272,4.365
05/06/2019 08:00,19.331,0,0,1.191,571.731,0.806,6.963,5.113
05/06/2019 09:00,20.243,0,0,1.187,639.798,0.451,6.578,5.806
05/06/2019 10:00,21.021,0,0,1.183,724.993,0.259,6.183,6.632
05/06/2019 11:00,21.847,0,0,1.179,754.775,0.239,5.917,6.89
05/06/2019 12:00,22.319,0,0,1.177,727.306,0.222,5.523,6.594
05/06/2019 13:00,22.714,0,0,1.175,664.627,0.175,5.183,5.927
05/06/2019 14:00,22.865,0.001,0,1.174,583.468,0.061,5.023,5.016
05/06/2019 15:00,22.716,0,0,1.173,468.082,0.024,5.157,3.694
05/06/2019 16:00,22.073,0,0,1.175,330.455,0.017,5.425,2.143
05/06/2019 17:00,20.82,0,0,1.179,194.335,0.011,5.715,0.788
05/06/2019 18:00,19.135,0.001,0,1.186,78.178,0.001,6.176,0.288
05/06/2019 19:00,17.608,0,0,1.193,8.345,0,6.841,0
06/06/2019 02:00,15.798,0.035,0,1.203,2.272,0,7.757,0
06/06/2019 03:00,15.886,0.012,0,1.204,56.804,0,7.791,0.171
06/06/2019 04:00,16.551,0.001,0,1.202,172.269,0,7.705,0.466
06/06/2019 05:00,17.537,0,0,1.198,313.738,0,7.443,1.862
06/06/2019 06:00,18.583,0,0,1.193,459.947,0,7.651,3.578
06/06/2019 07:00,19.636,0,0,1.188,597.174,0.002,7.898,5.162
06/06/2019 08:00,20.574,0,0,1.184,712.785,0.012,8.356,6.408
06/06/2019 09:00,21.057,0.001,0,1.182,793.224,0.048,8.937,7.229
06/06/2019 10:00,21.284,0,0,1.182,839.304,0.06,9.306,7.673
06/06/2019 11:00,21.552,0.001,0,1.18,840.931,0.096,9.235,7.679
06/06/2019 12:00,21.894,0.006,0,1.177,791.87,0.28,8.722,7.194
06/06/2019 13:00,22.132,0.026,0,1.175,688.167,0.334,7.98,6.16
06/06/2019 14:00,22.144,0.074,0,1.173,567.143,0.306,7.14,4.881
06/06/2019 15:00,21.7,0.155,0,1.175,408.079,0.402,6.129,3.231
06/06/2019 16:00,20.979,0.307,0,1.179,235.048,0.593,4.988,1.653
06/06/2019 17:00,19.957,0.252,0,1.184,83.81,0.847,4.346,0.475
06/06/2019 18:00,18.495,0.123,0,1.19,21.963,0.928,4.655,0.03
06/06/2019 19:00,17.315,0.107,0,1.197,2.266,0.947,5.609,0
07/06/2019 02:00,13.209,1.583,0,1.224,0.175,0.989,7.566,0
07/06/2019 03:00,12.924,0.81,0,1.226,6.971,0.987,7.512,0
07/06/2019 04:00,12.862,0.278,0,1.228,48.309,0.945,7.505,0.221
07/06/2019 05:00,13.211,0.051,0,1.228,204.052,0.775,7.407,1.433
07/06/2019 06:00,14.029,0.003,0,1.226,380.418,0.553,7.004,3.04
07/06/2019 07:00,15.09,0.001,0,1.222,536.936,0.702,6.468,4.717
07/06/2019 08:00,16.018,0,0,1.219,609.472,0.552,5.83,5.573
07/06/2019 09:00,16.758,0,0,1.216,762.107,0.135,5.223,7.088
07/06/2019 10:00,17.315,0,0,1.213,839.861,0.012,4.698,7.82
07/06/2019 11:00,17.844,0,0,1.211,850.468,0.002,4.039,7.897
07/06/2019 12:00,18.336,0,0,1.209,817.052,0,3.326,7.539
07/06/2019 13:00,18.631,0,0,1.207,743.551,0,2.835,6.764
07/06/2019 14:00,18.556,0,0,1.206,637.179,0.008,3,5.597
07/06/2019 15:00,18.211,0,0,1.205,504.682,0.249,3.297,4.062
07/06/2019 16:00,17.558,0,0,1.207,317.676,0.687,3.6,2.124
07/06/2019 17:00,16.766,0,0,1.21,202.765,0.078,3.875,0.805
07/06/2019 18:00,15.609,0,0,1.214,90.569,0,3.921,0.291
07/06/2019 19:00,13.872,0.001,0,1.219,10.403,0,4.15,0
08/06/2019 02:00,13.69,0.061,0,1.219,2.09,0.476,7.805,0
08/06/2019 03:00,14.298,0.161,0,1.217,38.996,0.431,7.545,0.132
08/06/2019 04:00,15.054,0.314,0,1.214,105.445,0.473,6.917,0.578
08/06/2019 05:00,15.513,0.221,0,1.213,167.159,0.582,5.833,1.174
08/06/2019 06:00,15.79,0.12,0,1.213,263.075,0.593,4.919,2.068
08/06/2019 07:00,16.005,0.112,0,1.214,318.407,0.632,5.372,2.629
08/06/2019 08:00,16.29,0.134,0,1.214,409.294,0.457,6.469,3.513
08/06/2019 09:00,16.905,0.078,0,1.213,591.591,0.368,7.361,5.344
08/06/2019 10:00,17.457,0.025,0,1.212,705.245,0.352,8.25,6.505
08/06/2019 11:00,17.756,0.006,0,1.211,735.279,0.167,9.001,6.812
08/06/2019 12:00,17.885,0.003,0,1.211,800.996,0.028,9.325,7.386
08/06/2019 13:00,17.826,0.002,0,1.211,738.384,0.03,9.283,6.726
08/06/2019 14:00,17.63,0.003,0,1.212,626.378,0.061,9.308,5.512
08/06/2019 15:00,17.29,0.008,0,1.213,463.923,0.125,9.152,3.752
08/06/2019 16:00,16.869,0.02,0,1.214,313.765,0.129,8.727,2.135
08/06/2019 17:00,16.311,0.039,0,1.215,186.674,0.141,7.777,0.88
08/06/2019 18:00,15.497,0.007,0,1.218,74.036,0.175,7.105,0.313
08/06/2019 19:00,14.671,0.007,0,1.22,8.216,0.192,7.163,0
09/06/2019 02:00,13.063,0.001,0,1.23,3.066,0.035,7.831,0
09/06/2019 03:00,13.318,0.001,0,1.231,63.965,0.019,8.024,0.175
09/06/2019 04:00,13.905,0.003,0,1.231,182.503,0.01,8.121,0.412
09/06/2019 05:00,14.548,0.003,0,1.231,323.212,0.014,9.255,1.906
09/06/2019 06:00,15.128,0.003,0,1.23,463.659,0.02,9.537,3.648
09/06/2019 07:00,15.734,0.004,0,1.228,594.688,0.025,9.668,5.223
09/06/2019 08:00,16.267,0.005,0,1.227,704.218,0.03,9.795,6.456
09/06/2019 09:00,16.691,0.007,0,1.226,781.508,0.036,9.667,7.273
09/06/2019 10:00,17.036,0.008,0,1.226,823.478,0.148,9.241,7.688
09/06/2019 11:00,17.29,0.006,0,1.224,797.005,0.837,8.592,7.418
09/06/2019 12:00,16.997,0.003,0,1.224,471.63,0.954,7.763,4.176
09/06/2019 13:00,17.079,0.002,0,1.223,519.473,0.38,6.926,4.637
09/06/2019 14:00,17.352,0.001,0,1.222,610.988,0.077,6.149,5.387
09/06/2019 15:00,17.308,0,0,1.221,500.078,0.024,5.428,4.039
09/06/2019 16:00,17.089,0,0,1.22,360.062,0.026,4.86,2.332
09/06/2019 17:00,16.687,0,0,1.221,217.853,0.285,4.257,0.759
09/06/2019 18:00,15.611,0,0,1.222,81.673,0.498,3.822,0.295
09/06/2019 19:00,14.283,0,0,1.224,10.28,0.928,3.75,0
10/06/2019 02:00,12.093,0,0,1.234,2.334,0.884,4.914,0
10/06/2019 03:00,12.731,0.001,0,1.234,34.604,0.967,5.194,0.116
10/06/2019 04:00,13.638,0.012,0,1.233,85.403,0.972,5.499,0.501
10/06/2019 05:00,14.016,0.095,0,1.232,107.136,0.985,5.51,0.722
10/06/2019 06:00,14.247,0.101,0,1.23,131.436,0.982,5.793,0.946
10/06/2019 07:00,14.762,0.065,0,1.228,217.819,0.938,6.42,1.719
10/06/2019 08:00,15.728,0.087,0,1.223,365.534,0.972,7.147,3.047
10/06/2019 09:00,16.548,0.049,0,1.219,420.08,0.973,7.792,3.534
10/06/2019 10:00,16.91,0.155,0,1.216,349.41,0.984,7.733,2.879
10/06/2019 11:00,16.569,0.234,0,1.216,209.95,0.983,7.615,1.64
10/06/2019 12:00,16.326,0.104,0,1.217,236.625,0.972,8.058,1.88
10/06/2019 13:00,16.592,0.21,0,1.217,410.926,0.816,8.204,3.438
10/06/2019 14:00,16.365,0.208,0,1.217,280.087,0.779,8,2.261
10/06/2019 15:00,15.988,0.106,0,1.218,203.059,0.953,8.07,1.566
10/06/2019 16:00,15.564,0.039,0,1.219,117.612,0.954,8.124,0.811
10/06/2019 17:00,15.155,0.032,0,1.22,81.784,0.794,8.046,0.49
10/06/2019 18:00,14.738,0.092,0,1.221,50.092,0.467,8.072,0.227
10/06/2019 19:00,14.265,0.036,0,1.221,7.718,0.488,8.077,0
11/06/2019 02:00,13.512,0.126,0,1.221,0.73,0.956,7.615,0
11/06/2019 03:00,13.548,0.345,0,1.221,12.447,0.939,7.93,0
11/06/2019 04:00,13.714,0.944,0,1.22,33.875,0.955,8.593,0.119
11/06/2019 05:00,13.949,3.255,0,1.218,50.562,0.981,8.472,0.252
11/06/2019 06:00,14.21,4.801,0,1.218,95.603,0.986,7.898,0.634
11/06/2019 07:00,14.642,2.568,0,1.216,161.451,0.947,7.502,1.218
11/06/2019 08:00,15.76,0.943,0,1.212,477.535,0.557,7.69,4.131
11/06/2019 09:00,17.377,0.183,0,1.204,679.764,0.204,7.714,6.157
11/06/2019 10:00,18.852,0.014,0,1.197,754.889,0.233,7.645,6.876
11/06/2019 11:00,19.753,0.008,0,1.192,764.531,0.644,7.658,6.916
11/06/2019 12:00,19.735,0.014,0,1.192,562.269,0.903,7.707,4.894
11/06/2019 13:00,19.189,0.018,0,1.194,391.689,0.916,7.686,3.256
11/06/2019 14:00,18.744,0.02,0,1.196,335.529,0.897,7.592,2.736
11/06/2019 15:00,18.419,0.023,0,1.197,306.894,0.783,7.44,2.434
11/06/2019 16:00,18.16,0.03,0,1.199,257.534,0.427,7.159,1.86
11/06/2019 17:00,17.7,0.038,0,1.2,163.881,0.308,6.623,0.943
11/06/2019 18:00,16.971,0.097,0,1.204,65.997,0.675,6.138,0.309
11/06/2019 19:00,16.264,0.103,0,1.207,7.503,0.872,6.25,0
12/06/2019 02:00,14.518,0.115,0,1.216,2.126,0.712,8.108,0
12/06/2019 03:00,14.437,0.126,0,1.216,39.72,0.554,8.361,0.138
12/06/2019 04:00,14.605,0.125,0,1.216,120.58,0.562,8.582,0.636
12/06/2019 05:00,15.109,0.131,0,1.214,217.087,0.565,8.892,1.498
12/06/2019 06:00,15.981,0.13,0,1.21,336.326,0.492,9.064,2.654
12/06/2019 07:00,16.988,0.1,0,1.205,478.234,0.596,9.078,4.095
12/06/2019 08:00,17.972,0.059,0,1.2,569.92,0.702,8.99,5.073
12/06/2019 09:00,18.607,0.091,0,1.197,642.757,0.8,8.787,5.821
12/06/2019 10:00,18.993,0.1,0,1.195,699.916,0.843,8.596,6.381
12/06/2019 11:00,19.254,0.047,0,1.193,655.608,0.854,8.294,5.934
12/06/2019 12:00,19.362,0.023,0,1.192,634.236,0.578,7.95,5.713
12/06/2019 13:00,19.485,0.012,0,1.191,643.025,0.284,7.656,5.754
12/06/2019 14:00,19.45,0.01,0,1.19,545.616,0.282,7.473,4.713
12/06/2019 15:00,19.257,0.009,0,1.189,417.534,0.288,7.412,3.338
12/06/2019 16:00,18.888,0.01,0,1.19,295.425,0.268,7.269,2.034
12/06/2019 17:00,18.213,0.01,0,1.192,172.877,0.238,6.684,0.897
12/06/2019 18:00,17.286,0.004,0,1.197,73.162,0.149,5.92,0.318
12/06/2019 19:00,16.176,0.006,0,1.201,9.845,0.137,5.283,0
13/06/2019 02:00,15.224,2.983,0,1.209,1.357,0.806,6.421,0
13/06/2019 03:00,15.317,0.588,0,1.209,37.672,0.368,5.702,0.123
13/06/2019 04:00,15.662,0.044,0,1.209,149.024,0.161,5.785,0.616
13/06/2019 05:00,15.978,0.005,0,1.21,318.957,0.027,6.571,1.896
13/06/2019 06:00,16.45,0.001,0,1.211,472.574,0.449,5.945,3.678
13/06/2019 07:00,16.607,0,0,1.211,299.543,0.926,5.423,2.454
13/06/2019 08:00,16.724,0.001,0,1.211,289.279,0.88,5.466,2.375
13/06/2019 09:00,17.446,0.007,0,1.209,539.055,0.389,4.831,4.8
13/06/2019 10:00,18.515,0.012,0,1.206,829.501,0.042,4.721,7.629
13/06/2019 11:00,19.154,0.004,0,1.203,850.601,0.016,4.696,7.812
13/06/2019 12:00,19.449,0,0,1.201,815.376,0.008,4.914,7.452
13/06/2019 13:00,19.543,0,0,1.2,744.526,0.015,5.044,6.713
13/06/2019 14:00,19.454,0,0,1.2,631.806,0.047,5.211,5.502
13/06/2019 15:00,19.202,0.001,0,1.2,488.349,0.082,5.209,3.904
13/06/2019 16:00,18.762,0.001,0,1.201,344.315,0.086,5.212,2.261
13/06/2019 17:00,18.034,0.003,0,1.204,207.706,0.079,5.381,0.839
13/06/2019 18:00,16.906,0.046,0,1.208,89.939,0.063,5.654,0.319
13/06/2019 19:00,15.634,0.043,0,1.212,11.96,0.078,6.039,0
14/06/2019 02:00,13.835,0.123,0,1.221,3.422,0.098,5.621,0
14/06/2019 03:00,14.226,0.091,0,1.222,63.075,0.087,5.208,0.192
14/06/2019 04:00,15.055,0.046,0,1.222,181.31,0.112,4.927,0.44
14/06/2019 05:00,15.749,0.027,0,1.221,325.013,0.009,4.476,1.887
14/06/2019 06:00,16.753,0.012,0,1.217,473.708,0.011,4.309,3.668
14/06/2019 07:00,18.103,0.002,0,1.212,608.252,0.01,4.435,5.252
14/06/2019 08:00,19.153,0.001,0,1.208,722.354,0.008,4.554,6.498
14/06/2019 09:00,19.787,0,0,1.206,804.829,0.005,4.682,7.34
14/06/2019 10:00,20.302,0,0,1.203,852.09,0.002,4.735,7.789
14/06/2019 11:00,20.684,0,0,1.201,859.774,0.091,4.632,7.845
14/06/2019 12:00,20.886,0,0,1.199,824.46,0.433,4.869,7.489
14/06/2019 13:00,20.835,0,0,1.199,750.109,0.087,5.502,6.73
14/06/2019 14:00,20.61,0,0,1.199,637.017,0.159,5.848,5.523
14/06/2019 15:00,20.198,0,0,1.2,482.945,0.426,5.952,3.843
14/06/2019 16:00,19.497,0,0,1.202,287.943,0.453,5.995,1.955
14/06/2019 17:00,18.624,0,0,1.204,166.48,0.326,5.955,0.842
14/06/2019 18:00,17.639,0,0,1.207,80.104,0.181,6.312,0.311
14/06/2019 19:00,16.507,0,0,1.211,11.973,0.127,6.785,0
15/06/2019 02:00,15.119,0.001,0,1.219,2.759,0.57,7.315,0
15/06/2019 03:00,15.066,0.002,0,1.22,44.966,0.615,7.525,0.176
15/06/2019 04:00,15.56,0.002,0,1.218,120.415,0.721,7.528,0.682
15/06/2019 05:00,16.429,0.005,0,1.213,213.237,0.804,7.531,1.504
15/06/2019 06:00,17.443,0.035,0,1.208,330.737,0.934,7.595,2.598
15/06/2019 07:00,18.258,0.093,0,1.204,390.531,0.96,8.082,3.224
15/06/2019 08:00,18.587,0.204,0,1.203,371.002,0.953,8.585,3.065
15/06/2019 09:00,18.509,0.247,0,1.204,374.855,0.957,8.795,3.095
15/06/2019 10:00,18.377,0.048,0,1.204,346.758,0.833,9.23,2.846
15/06/2019 11:00,18.602,0.036,0,1.202,468.803,0.694,10.064,3.951
15/06/2019 12:00,18.754,0.193,0,1.201,454.016,0.739,10.37,3.81
15/06/2019 13:00,18.196,0.909,0,1.202,272.315,0.791,10.213,2.179
15/06/2019 14:00,17.461,1.036,0,1.204,210.287,0.776,9.71,1.631
15/06/2019 15:00,17.253,0.616,0,1.204,178.75,0.719,10.473,1.345
15/06/2019 16:00,16.966,0.484,0,1.204,132.07,0.781,10.028,0.926
15/06/2019 17:00,16.566,0.464,0,1.206,70.219,0.677,9.406,0.396
15/06/2019 18:00,16.149,0.16,0,1.207,37.003,0.534,8.632,0.136
15/06/2019 19:00,15.704,0.093,0,1.209,6.086,0.482,7.651,0
16/06/2019 02:00,15.246,0.101,0,1.211,2.549,0.907,5.268,0
16/06/2019 03:00,15.548,0.136,0,1.212,32.888,0.628,5.98,0.1
16/06/2019 04:00,15.867,0.124,0,1.213,102.151,0.695,6.84,0.578
16/06/2019 05:00,15.977,0.082,0,1.214,190.024,0.877,7.79,1.338
16/06/2019 06:00,16.008,0.051,0,1.216,311.936,0.815,8.564,2.458
16/06/2019 07:00,16.49,0.029,0,1.216,455.026,0.818,8.866,3.872
16/06/2019 08:00,17.402,0.017,0,1.214,637.07,0.569,8.688,5.711
16/06/2019 09:00,18.121,0.008,0,1.211,755.721,0.307,8.297,6.9
16/06/2019 10:00,18.67,0.002,0,1.21,810.872,0.556,7.887,7.431
16/06/2019 11:00,19.01,0.001,0,1.209,823.409,0.539,7.553,7.534
16/06/2019 12:00,19.127,0,0,1.208,769.435,0.81,7.258,6.982
16/06/2019 13:00,18.788,0,0,1.208,466.349,0.953,6.962,3.992
16/06/2019 14:00,18.304,0,0,1.209,261.985,0.975,6.578,2.087
16/06/2019 15:00,17.851,0,0,1.21,161.612,0.977,5.843,1.193
16/06/2019 16:00,17.55,0,0,1.211,132.907,0.866,5.059,0.926
16/06/2019 17:00,17.413,0,0,1.211,128.698,0.708,4.569,0.796
16/06/2019 18:00,16.82,0,0,1.212,62.229,0.47,4.373,0.287
16/06/2019 19:00,15.725,0,0,1.213,11.365,0.21,4.604,0
17/06/2019 02:00,13.325,0.004,0,1.225,3.779,0.197,4.527,0
17/06/2019 03:00,14.027,0.003,0,1.226,56.042,0.114,4.357,0.195
17/06/2019 04:00,15.252,0.001,0,1.226,177.845,0.008,4.348,0.498
17/06/2019 05:00,16.284,0,0,1.223,323.774,0.003,4.345,1.881
17/06/2019 06:00,17.261,0,0,1.22,474.911,0.001,4.621,3.657
17/06/2019 07:00,18.032,0,0,1.218,614.011,0.001,4.929,5.286
17/06/2019 08:00,18.64,0,0,1.215,729.268,0,5.163,6.557
17/06/2019 09:00,19.142,0,0,1.213,813.391,0,5.289,7.419
17/06/2019 10:00,19.588,0,0,1.211,857.336,0.003,5.366,7.844
17/06/2019 11:00,19.976,0,0,1.208,855.004,0.01,5.429,7.817
17/06/2019 12:00,20.282,0,0,1.206,814.62,0.023,5.447,7.413
17/06/2019 13:00,20.453,0,0,1.204,731.511,0.244,5.419,6.56
17/06/2019 14:00,20.335,0.001,0,1.203,506.479,0.495,5.265,4.342
17/06/2019 15:00,20.089,0.001,0,1.202,322.036,0.566,5.004,2.542
17/06/2019 16:00,19.889,0,0,1.202,237.12,0.512,4.634,1.677
17/06/2019 17:00,19.494,0,0,1.203,156.801,0.39,4.086,0.85
17/06/2019 18:00,18.639,0,0,1.205,80.596,0.178,3.668,0.321
17/06/2019 19:00,17.064,0,0,1.209,13.558,0.024,3.578,0
18/06/2019 02:00,13.751,0,0,1.222,4.819,0.1,5.547,0
18/06/2019 03:00,14.7,0,0,1.222,69.718,0.447,5.845,0.201
18/06/2019 04:00,16.002,0,0,1.221,180.669,0.69,6.274,0.482
18/06/2019 05:00,16.852,0,0,1.218,302.918,0.86,6.295,1.814
18/06/2019 06:00,17.823,0,0,1.214,384.466,0.946,6.601,2.979
18/06/2019 07:00,18.78,0,0,1.209,494.76,0.948,6.947,4.214
18/06/2019 08:00,19.566,0,0,1.205,628.164,0.914,7.23,5.601
18/06/2019 09:00,20.111,0,0,1.202,680.626,0.92,7.364,6.171
18/06/2019 10:00,20.611,0,0,1.199,721.928,0.792,7.389,6.58
18/06/2019 11:00,21.102,0,0,1.196,760.429,0.664,7.358,6.931
18/06/2019 12:00,21.497,0,0,1.193,780.239,0.528,7.26,7.062
18/06/2019 13:00,21.719,0,0,1.191,718.883,0.161,7.103,6.412
18/06/2019 14:00,21.688,0,0,1.19,604.679,0.119,6.953,5.204
18/06/2019 15:00,21.363,0,0,1.19,459.565,0.134,6.793,3.639
18/06/2019 16:00,20.747,0,0,1.191,330.679,0.182,6.76,2.179
18/06/2019 17:00,19.782,0,0,1.195,202.257,0.702,6.761,0.866
18/06/2019 18:00,18.651,0.001,0,1.199,78.06,0.927,6.93,0.319
18/06/2019 19:00,17.682,0.001,0,1.203,9.389,0.94,7.195,0
19/06/2019 02:00,17.048,0.006,0,1.202,2.385,0.951,5.927,0
19/06/2019 03:00,17.206,0.005,0,1.203,34.385,0.954,5.768,0.108
19/06/2019 04:00,17.527,0.004,0,1.203,86.027,0.986,5.689,0.477
19/06/2019 05:00,17.918,0.002,0,1.202,173.96,0.977,5.487,1.213
19/06/2019 06:00,18.618,0.001,0,1.199,279.572,0.97,5.362,2.166
19/06/2019 07:00,19.355,0.005,0,1.196,368.269,0.978,5.332,3.021
19/06/2019 08:00,20.147,0.006,0,1.191,448.97,0.958,5.468,3.799
19/06/2019 09:00,20.954,0.006,0,1.187,522.524,0.74,5.693,4.514
19/06/2019 10:00,21.93,0.004,0,1.182,674.994,0.611,6.173,6.008
19/06/2019 11:00,22.625,0.001,0,1.179,748.091,0.741,6.55,6.705
19/06/2019 12:00,22.84,0.001,0,1.178,731.901,0.802,6.673,6.533
19/06/2019 13:00,22.775,0.001,0,1.177,651.569,0.812,6.68,5.731
19/06/2019 14:00,22.607,0.001,0,1.177,566.773,0.814,6.742,4.818
19/06/2019 15:00,22.255,0.001,0,1.177,432.011,0.776,6.844,3.405
19/06/2019 16:00,21.558,0.003,0,1.179,279.014,0.79,6.744,1.936
19/06/2019 17:00,20.648,0.001,0,1.182,157.72,0.749,6.625,0.888
19/06/2019 18:00,19.666,0,0,1.186,73.454,0.643,6.693,0.326
19/06/2019 19:00,18.602,0,0,1.19,12.813,0.234,6.811,0
20/06/2019 02:00,16.352,0.037,0,1.195,3.835,0.662,4.458,0
20/06/2019 03:00,16.97,0.02,0,1.195,51.795,0.453,4.542,0.192
20/06/2019 04:00,17.84,0.009,0,1.195,155.774,0.388,4.572,0.628
20/06/2019 05:00,18.708,0.007,0,1.192,298.09,0.57,4.349,1.8
20/06/2019 06:00,19.749,0.014,0,1.188,442.139,0.392,4.613,3.373
20/06/2019 07:00,20.578,0.012,0,1.185,561.164,0.455,5.128,4.751
20/06/2019 08:00,21.105,0.016,0,1.183,646.653,0.733,5.681,5.714
20/06/2019 09:00,21.387,0.028,0,1.183,705.383,0.453,6.176,6.341
20/06/2019 10:00,21.519,0.056,0,1.183,763.188,0.183,6.448,6.907
20/06/2019 11:00,21.577,0.099,0,1.183,779.859,0.293,6.656,7.059
20/06/2019 12:00,21.527,0.123,0,1.183,716.604,0.782,6.909,6.435
20/06/2019 13:00,21.237,0.125,0,1.183,510.11,0.916,7.092,4.388
20/06/2019 14:00,20.79,0.094,0,1.185,315.328,0.959,7.109,2.542
20/06/2019 15:00,20.416,0.077,0,1.186,240.661,0.92,6.957,1.853
20/06/2019 16:00,20.132,0.058,0,1.188,217.659,0.814,6.787,1.562
20/06/2019 17:00,19.694,0.043,0,1.19,151.424,0.623,6.503,0.871
20/06/2019 18:00,18.952,0.024,0,1.193,71.194,0.418,6.021,0.316
20/06/2019 19:00,17.916,0.007,0,1.197,11.468,0.353,5.628,0
21/06/2019 02:00,14.836,0.013,0,1.212,3.258,0.686,4.446,0
21/06/2019 03:00,15.343,0.023,0,1.213,53.31,0.328,4.419,0.194
21/06/2019 04:00,16.232,0.055,0,1.213,150.87,0.241,4.639,0.617
21/06/2019 05:00,16.731,0.017,0,1.212,266.742,0.191,4.509,1.678
21/06/2019 06:00,17.208,0.015,0,1.212,420.738,0.097,4.409,3.253
21/06/2019 07:00,17.862,0.017,0,1.211,571.456,0.18,4.481,4.912
21/06/2019 08:00,18.512,0.023,0,1.21,694.401,0.604,4.709,6.24
21/06/2019 09:00,18.934,0.013,0,1.208,747.04,0.693,5.038,6.832
21/06/2019 10:00,19.276,0.009,0,1.207,780.971,0.439,5.532,7.18
21/06/2019 11:00,19.549,0.01,0,1.206,822.407,0.103,6.046,7.539
21/06/2019 12:00,19.559,0.022,0,1.206,753.559,0.156,6.495,6.888
21/06/2019 13:00,19.334,0.042,0,1.206,649.455,0.211,6.888,5.843
21/06/2019 14:00,18.871,0.066,0,1.208,514.885,0.258,7.219,4.452
21/06/2019 15:00,18.406,0.052,0,1.209,406.13,0.202,7.367,3.263
21/06/2019 16:00,18.124,0.03,0,1.21,313.848,0.159,7.326,2.132
21/06/2019 17:00,17.769,0.006,0,1.211,208.519,0.075,7.109,0.872
21/06/2019 18:00,17.039,0.001,0,1.213,94.245,0.062,6.612,0.318
21/06/2019 19:00,15.652,0.001,0,1.216,14.275,0.037,6.281,0
22/06/2019 02:00,12.207,0,0,1.236,5.248,0.026,6.528,0
22/06/2019 03:00,12.769,0,0,1.237,74.184,0.016,6.359,0.17
22/06/2019 04:00,13.646,0.001,0,1.238,197.749,0.013,6.194,0.328
22/06/2019 05:00,14.33,0.001,0,1.237,345.065,0.008,5.903,1.929
22/06/2019 06:00,15.085,0,0,1.235,494.305,0.005,5.627,3.818
22/06/2019 07:00,15.874,0,0,1.233,633.181,0.001,5.437,5.5
22/06/2019 08:00,16.61,0,0,1.231,748.536,0,5.274,6.793
22/06/2019 09:00,17.225,0,0,1.229,832.166,0,5.023,7.659
22/06/2019 10:00,17.73,0,0,1.227,877.887,0,4.76,8.102
22/06/2019 11:00,18.129,0,0,1.225,882.638,0,4.563,8.137
22/06/2019 12:00,18.411,0,0,1.224,846.816,0,4.417,7.773
22/06/2019 13:00,18.543,0,0,1.222,771.926,0.003,4.323,7
22/06/2019 14:00,18.519,0,0,1.222,664.322,0.03,4.301,5.822
22/06/2019 15:00,18.334,0,0,1.221,532.723,0.21,4.381,4.277
22/06/2019 16:00,17.991,0,0,1.221,385.447,0.401,4.415,2.468
22/06/2019 17:00,17.45,0,0,1.222,235.576,0.399,4.388,0.746
22/06/2019 18:00,16.47,0,0,1.224,106.31,0.1,4.226,0.237
22/06/2019 19:00,14.748,0,0,1.227,16.018,0.033,4.327,0
23/06/2019 02:00,11.957,0,0,1.237,5.477,0.248,4.083,0
23/06/2019 03:00,12.518,0,0,1.238,76.685,0.234,3.987,0.177
23/06/2019 04:00,14.097,0,0,1.238,201.184,0.347,3.957,0.344
23/06/2019 05:00,15.178,0,0,1.236,346.093,0.139,3.845,1.937
23/06/2019 06:00,16.365,0,0,1.232,494.466,0.041,3.795,3.796
23/06/2019 07:00,17.367,0,0,1.228,630.444,0.034,3.763,5.431
23/06/2019 08:00,18.316,0,0,1.225,745.843,0.156,3.666,6.703
23/06/2019 09:00,19.11,0,0,1.222,825.971,0.429,3.472,7.524
23/06/2019 10:00,19.684,0,0,1.219,870.779,0.574,3.208,7.953
23/06/2019 11:00,20.051,0,0,1.217,876.838,0.841,2.999,7.998
23/06/2019 12:00,20.34,0,0,1.215,825.885,0.928,2.929,7.509
23/06/2019 13:00,20.398,0,0,1.213,687.522,0.934,2.916,6.181
23/06/2019 14:00,20.221,0,0,1.213,501.183,0.928,2.865,4.304
23/06/2019 15:00,19.968,0,0,1.213,357.643,0.912,2.78,2.843
23/06/2019 16:00,19.686,0,0,1.214,262.129,0.906,2.727,1.831
23/06/2019 17:00,19.292,0,0,1.215,169.915,0.865,2.669,0.874
23/06/2019 18:00,18.319,0,0,1.217,78.719,0.861,2.633,0.318
23/06/2019 19:00,17.283,0,0,1.219,11.072,0.912,2.675,0
24/06/2019 02:00,12.753,0,0,1.235,5.165,0.187,4.369,0
24/06/2019 03:00,13.206,0,0,1.237,73.326,0.289,4.518,0.188
24/06/2019 04:00,14.579,0,0,1.237,188.335,0.623,4.598,0.427
24/06/2019 05:00,15.689,0,0,1.233,299.61,0.921,4.046,1.79
24/06/2019 06:00,17.504,0,0,1.226,337.079,0.941,3.85,2.617
24/06/2019 07:00,18.699,0,0,1.22,373.633,0.94,3.848,3.1
24/06/2019 08:00,19.487,0,0,1.217,482.702,0.844,4.002,4.201
24/06/2019 09:00,20.29,0,0,1.215,745.459,0.529,4.328,6.771
24/06/2019 10:00,20.846,0,0,1.213,866.399,0.729,4.646,7.866
24/06/2019 11:00,21.16,0,0,1.212,865.953,0.932,4.893,7.867
24/06/2019 12:00,21.273,0,0,1.211,825.24,0.913,5.196,7.475
24/06/2019 13:00,21.222,0,0,1.211,763.813,0.81,5.661,6.831
24/06/2019 14:00,20.944,0,0,1.211,657.994,0.9,6.237,5.697
24/06/2019 15:00,20.461,0,0,1.213,526.112,0.673,6.71,4.187
24/06/2019 16:00,19.732,0,0,1.215,384.944,0.573,7.009,2.463
24/06/2019 17:00,18.748,0,0,1.219,237.152,0.86,6.951,0.779
24/06/2019 18:00,17.468,0,0,1.222,101.531,0.924,6.685,0.278
24/06/2019 19:00,15.953,0,0,1.226,14.016,0.939,6.758,0
25/06/2019 02:00,14.952,0.007,0,1.227,4.738,0.576,7.006,0
25/06/2019 03:00,15.838,0.004,0,1.225,62.795,0.855,6.917,0.223
25/06/2019 04:00,16.878,0.001,0,1.222,134.92,0.93,6.437,0.652
25/06/2019 05:00,17.872,0,0,1.219,218.495,0.956,6.176,1.475
25/06/2019 06:00,19.061,0,0,1.213,328.394,0.959,6.306,2.54
25/06/2019 07:00,19.937,0,0,1.209,374.036,0.957,6.291,3.069
25/06/2019 08:00,20.656,0,0,1.205,448.13,0.925,6.239,3.791
25/06/2019 09:00,21.359,0,0,1.202,521.74,0.816,6.32,4.505
25/06/2019 10:00,21.894,0,0,1.2,614.093,0.841,6.554,5.409
25/06/2019 11:00,22.414,0,0,1.197,627.278,0.925,6.752,5.548
25/06/2019 12:00,22.931,0,0,1.194,686.811,0.638,6.807,6.116
25/06/2019 13:00,23.351,0,0,1.191,676.772,0.432,6.731,5.965
25/06/2019 14:00,23.69,0,0,1.188,602.042,0.844,6.531,5.123
25/06/2019 15:00,23.711,0,0,1.186,448.162,0.934,6.317,3.517
25/06/2019 16:00,23.107,0,0,1.187,257.697,0.902,6.113,1.786
25/06/2019 17:00,22.14,0,0,1.191,186.652,0.725,6.157,0.923
25/06/2019 18:00,20.947,0,0,1.196,87.853,0.782,6.268,0.34
25/06/2019 19:00,19.734,0,0,1.201,12.11,0.938,6.497,0
26/06/2019 02:00,17.678,0.003,0,1.204,3.633,0.935,5.205,0
26/06/2019 03:00,18.229,0.002,0,1.203,48.489,0.899,4.886,0.176
26/06/2019 04:00,19.167,0.001,0,1.203,140.285,0.816,4.657,0.634
26/06/2019 05:00,19.889,0.001,0,1.2,275.871,0.504,4.066,1.703
26/06/2019 06:00,20.876,0,0,1.196,383.255,0.812,3.717,2.923
26/06/2019 07:00,21.867,0.001,0,1.19,386.935,0.922,3.667,3.159
26/06/2019 08:00,22.775,0,0,1.185,378.394,0.94,3.897,3.103
26/06/2019 09:00,23.505,0,0,1.181,416.611,0.842,4.403,3.459
26/06/2019 10:00,24.528,0.001,0,1.176,651.177,0.339,5.212,5.724
26/06/2019 11:00,25.463,0.004,0,1.171,802.599,0.018,6.254,7.129
26/06/2019 12:00,25.616,0.004,0,1.17,777.177,0.001,7.295,6.884
26/06/2019 13:00,25.103,0.001,0,1.173,709.61,0,8.313,6.222
26/06/2019 14:00,24.084,0,0,1.179,608.966,0.112,9.152,5.185
26/06/2019 15:00,22.923,0,0,1.186,484.163,0.048,9.633,3.818
26/06/2019 16:00,21.887,0.001,0,1.191,350.241,0.038,9.639,2.292
26/06/2019 17:00,20.935,0.005,0,1.195,208.536,0.11,9.464,0.888
26/06/2019 18:00,19.793,0.009,0,1.201,82.52,0.352,9.18,0.33
26/06/2019 19:00,18.551,0.005,0,1.207,10.386,0.324,8.82,0
27/06/2019 02:00,14.4,0.004,0,1.228,4.369,0.051,8.419,0
27/06/2019 03:00,14.429,0.003,0,1.229,68.203,0.028,8.374,0.192
27/06/2019 04:00,14.906,0.001,0,1.229,185.657,0.015,8.455,0.42
27/06/2019 05:00,15.601,0,0,1.227,330.151,0.023,8.325,1.863
27/06/2019 06:00,16.336,0,0,1.225,476.579,0.004,8.236,3.661
27/06/2019 07:00,17.03,0,0,1.223,613.25,0.005,8.192,5.296
27/06/2019 08:00,17.732,0.001,0,1.221,728.61,0.004,8.138,6.58
27/06/2019 09:00,18.438,0.001,0,1.218,806.396,0.002,8.11,7.392
27/06/2019 10:00,19.141,0.002,0,1.215,853.232,0.002,8.062,7.838
27/06/2019 11:00,19.734,0.002,0,1.212,858.068,0.004,7.911,7.867
27/06/2019 12:00,20.158,0.002,0,1.21,818.543,0.012,7.674,7.47
27/06/2019 13:00,20.378,0.002,0,1.208,739.263,0.018,7.364,6.662
27/06/2019 14:00,20.424,0.004,0,1.206,629.389,0.047,7.074,5.479
27/06/2019 15:00,20.315,0.005,0,1.205,489.404,0.086,6.865,3.914
27/06/2019 16:00,20.062,0.008,0,1.205,335.157,0.276,6.749,2.224
27/06/2019 17:00,19.603,0.006,0,1.206,157.278,0.358,6.655,0.83
27/06/2019 18:00,19.01,0.001,0,1.207,73.962,0.215,6.502,0.302
27/06/2019 19:00,17.932,0,0,1.21,11.965,0.035,6.206,0
28/06/2019 02:00,14.137,0.003,0,1.227,4.505,0,6.247,0
28/06/2019 03:00,14.793,0.006,0,1.227,69.175,0.002,5.96,0.181
28/06/2019 04:00,15.923,0.001,0,1.226,189.183,0.023,5.524,0.381
28/06/2019 05:00,17.312,0,0,1.221,332.108,0.181,4.983,1.842
28/06/2019 06:00,18.91,0,0,1.216,476.601,0.513,4.472,3.613
28/06/2019 07:00,20.138,0,0,1.211,603.137,0.743,3.924,5.134
28/06/2019 08:00,20.842,0,0,1.208,702.651,0.858,3.506,6.263
28/06/2019 09:00,21.383,0,0,1.206,775.454,0.82,3.401,7.026
28/06/2019 10:00,21.799,0,0,1.204,791.061,0.731,3.612,7.216
28/06/2019 11:00,22.126,0,0,1.202,825.887,0.474,4.036,7.511
28/06/2019 12:00,22.317,0,0,1.201,810.633,0.565,4.416,7.329
28/06/2019 13:00,22.337,0,0,1.2,720.677,0.219,4.655,6.448
28/06/2019 14:00,22.253,0,0,1.199,645.833,0,4.857,5.576
28/06/2019 15:00,22.018,0,0,1.199,516.43,0,5.059,4.096
28/06/2019 16:00,21.642,0,0,1.199,374,0,5.196,2.39
28/06/2019 17:00,21.022,0,0,1.2,230.501,0.015,5.132,0.769
28/06/2019 18:00,19.879,0,0,1.202,101.563,0.123,4.851,0.251
28/06/2019 19:00,18.175,0,0,1.205,14.443,0.253,4.864,0
29/06/2019 02:00,14.381,0.011,0,1.221,4.618,0.13,5.868,0
29/06/2019 03:00,15.073,0.005,0,1.223,70.655,0.16,6.112,0.175
29/06/2019 04:00,15.804,0,0,1.223,189.288,0.547,6.336,0.379
29/06/2019 05:00,16.618,0,0,1.221,327.436,0.832,6.631,1.83
29/06/2019 06:00,17.666,0,0,1.217,472.859,0.737,6.935,3.608
29/06/2019 07:00,18.835,0,0,1.213,606.61,0.647,7.106,5.198
29/06/2019 08:00,20.03,0,0,1.208,717.618,0.612,7.109,6.419
29/06/2019 09:00,21.07,0,0,1.202,799.43,0.539,7.077,7.246
29/06/2019 10:00,21.941,0,0,1.197,842.279,0.552,7.111,7.648
29/06/2019 11:00,22.637,0,0,1.193,844.207,0.677,7.186,7.65
29/06/2019 12:00,23.151,0,0,1.189,808.348,0.671,7.161,7.285
29/06/2019 13:00,23.46,0,0,1.186,733.678,0.551,6.979,6.524
29/06/2019 14:00,23.572,0,0,1.184,627.647,0.437,6.668,5.391
29/06/2019 15:00,23.499,0,0,1.183,498.88,0.261,6.319,3.935
29/06/2019 16:00,23.241,0,0,1.182,358.46,0.063,6.041,2.298
29/06/2019 17:00,22.702,0,0,1.183,214.918,0.057,5.608,0.799
29/06/2019 18:00,21.541,0,0,1.184,90.442,0.076,4.958,0.283
29/06/2019 19:00,19.886,0,0,1.186,12.56,0.051,4.784,0
30/06/2019 02:00,15.741,0.001,0,1.202,4.473,0.56,4.92,0
30/06/2019 03:00,16.388,0.001,0,1.203,68.978,0.524,4.623,0.18
30/06/2019 04:00,17.968,0,0,1.202,179.195,0.44,4.557,0.432
30/06/2019 05:00,18.993,0,0,1.199,322.245,0.341,4.469,1.794
30/06/2019 06:00,20.352,0,0,1.193,482.333,0.229,4.832,3.63
30/06/2019 07:00,21.714,0,0,1.186,619.006,0.14,5.54,5.227
30/06/2019 08:00,23.061,0,0,1.179,732.23,0.204,6.309,6.446
30/06/2019 09:00,24.134,0,0,1.173,813.107,0.407,7.04,7.248
30/06/2019 10:00,25.097,0,0,1.167,854.871,0.495,7.649,7.629
30/06/2019 11:00,26.077,0,0,1.161,858.004,0.479,8.2,7.627
30/06/2019 12:00,26.928,0,0,1.155,799.027,0.56,8.535,7.063
30/06/2019 13:00,27.084,0,0,1.152,641.252,0.634,8.972,5.593
30/06/2019 14:00,26.509,0,0,1.154,546.721,0.466,9.612,4.61
30/06/2019 15:00,25.465,0,0,1.16,479.325,0.19,10.217,3.748
30/06/2019 16:00,24.181,0,0,1.167,340.645,0.071,10.394,2.205
30/06/2019 17:00,22.804,0,0,1.174,204.5,0.263,10.369,0.834
30/06/2019 18:00,21.277,0,0,1.182,78.071,0.619,9.829,0.293
30/06/2019 19:00,19.789,0,0,1.19,10.693,0.446,9.027,0
01/07/2019 02:00,15.723,0.006,0,1.208,4.247,0.015,7.912,0
01/07/2019 03:00,16.118,0.017,0,1.208,69.002,0.029,8.074,0.185
01/07/2019 04:00,16.837,0.029,0,1.207,185.134,0.035,8.564,0.427
01/07/2019 05:00,17.67,0.026,0,1.204,320.197,0.035,9.054,1.81
01/07/2019 06:00,18.485,0.035,0,1.202,459.591,0.035,9.339,3.503
01/07/2019 07:00,19.165,0.047,0,1.199,585.702,0.052,9.597,5.01
01/07/2019 08:00,19.662,0.074,0,1.197,684.927,0.059,9.938,6.138
01/07/2019 09:00,20.09,0.089,0,1.196,756.227,0.068,10.245,6.895
01/07/2019 10:00,20.513,0.082,0,1.194,794.887,0.076,10.509,7.282
01/07/2019 11:00,20.907,0.112,0,1.192,792.852,0.274,10.791,7.233
01/07/2019 12:00,20.641,0.081,0,1.191,506.093,0.372,10.899,4.45
01/07/2019 13:00,20.712,0.038,0,1.191,611.273,0.248,11.057,5.451
01/07/2019 14:00,20.534,0.023,0,1.192,568.263,0.101,11.14,4.937
01/07/2019 15:00,19.914,0.019,0,1.194,459.131,0.137,11.159,3.694
01/07/2019 16:00,18.982,0.042,0,1.198,309.004,0.392,10.901,2.121
01/07/2019 17:00,18.002,0.094,0,1.201,133.883,0.283,10.292,0.768
01/07/2019 18:00,17.186,0.049,0,1.204,80.184,0.095,9.632,0.321
01/07/2019 19:00,16.448,0.055,0,1.206,11.593,0.054,9.273,0
02/07/2019 02:00,13.691,0.048,0,1.22,3.609,0.097,9.963,0
02/07/2019 03:00,13.597,0.061,0,1.222,62.675,0.088,10.394,0.185
02/07/2019 04:00,13.533,0.059,0,1.224,174.51,0.076,10.932,0.46
02/07/2019 05:00,13.745,0.013,0,1.225,316.535,0.048,11.492,1.816
02/07/2019 06:00,14.29,0.005,0,1.225,462.336,0.043,11.969,3.593
02/07/2019 07:00,14.816,0.003,0,1.224,595.021,0.05,12.315,5.207
02/07/2019 08:00,15.335,0.002,0,1.223,699.913,0.052,12.54,6.42
02/07/2019 09:00,15.866,0.001,0,1.221,769.648,0.052,12.579,7.183
02/07/2019 10:00,16.424,0.001,0,1.219,817.821,0.049,12.473,7.659
02/07/2019 11:00,16.78,0.001,0,1.218,828.763,0.046,12.203,7.754
02/07/2019 12:00,16.964,0,0,1.218,792.737,0.05,11.768,7.388
02/07/2019 13:00,16.933,0,0,1.218,721.6,0.053,11.248,6.645
02/07/2019 14:00,16.792,0,0,1.219,620.126,0.063,10.794,5.522
02/07/2019 15:00,16.554,0,0,1.219,496.523,0.052,10.53,4.067
02/07/2019 16:00,16.206,0,0,1.22,357.414,0.056,10.393,2.385
02/07/2019 17:00,15.606,0,0,1.221,219.873,0.059,10.231,0.821
02/07/2019 18:00,14.787,0,0,1.224,92.418,0.176,9.962,0.287
02/07/2019 19:00,14.046,0.001,0,1.227,9.807,0.566,9.636,0
03/07/2019 02:00,11.931,0.001,0,1.237,3.743,0.064,9.137,0
03/07/2019 03:00,12.262,0.001,0,1.237,68.265,0.05,9.138,0.173
03/07/2019 04:00,12.938,0,0,1.235,191.483,0.021,9.393,0.361
03/07/2019 05:00,13.627,0,0,1.234,335.252,0.027,9.441,1.872
03/07/2019 06:00,14.333,0,0,1.232,476.994,0.034,9.523,3.701
03/07/2019 07:00,14.957,0,0,1.231,605.044,0.085,9.669,5.294
03/07/2019 08:00,15.478,0,0,1.23,707.805,0.143,9.638,6.491
03/07/2019 09:00,15.934,0.001,0,1.228,784.047,0.187,9.565,7.312
03/07/2019 10:00,16.297,0.002,0,1.227,821.441,0.174,9.52,7.699
03/07/2019 11:00,16.44,0.007,0,1.226,795.52,0.166,9.548,7.472
03/07/2019 12:00,16.469,0.012,0,1.226,722.206,0.151,9.549,6.757
03/07/2019 13:00,16.446,0.012,0,1.225,650.515,0.137,9.639,5.998
03/07/2019 14:00,16.293,0.014,0,1.226,573.868,0.127,9.727,5.115
03/07/2019 15:00,15.998,0.01,0,1.226,453.522,0.121,9.808,3.73
03/07/2019 16:00,15.695,0.007,0,1.226,331.1,0.221,9.757,2.257
03/07/2019 17:00,15.258,0.005,0,1.227,205.971,0.131,9.609,0.847
03/07/2019 18:00,14.593,0.003,0,1.228,91.218,0.1,9.288,0.284
03/07/2019 19:00,13.72,0.002,0,1.231,11.726,0.055,8.938,0
04/07/2019 02:00,11.704,0.007,0,1.239,3.471,0.057,9.103,0
04/07/2019 03:00,11.958,0.006,0,1.239,65.94,0.055,8.891,0.225
04/07/2019 04:00,12.564,0.009,0,1.238,182.665,0.052,8.984,0.564
04/07/2019 05:00,13.447,0.009,0,1.235,322.711,0.438,9.257,1.926
04/07/2019 06:00,14.298,0.008,0,1.232,428.235,0.932,9.402,3.364
04/07/2019 07:00,14.917,0.023,0,1.229,432.641,0.964,9.512,3.68
04/07/2019 08:00,15.128,0.101,0,1.226,392.272,0.974,9.6,3.33
04/07/2019 09:00,15.24,0.206,0,1.225,373.452,0.984,9.804,3.148
04/07/2019 10:00,15.691,0.326,0,1.221,404.851,0.99,10.196,3.419
04/07/2019 11:00,15.851,0.413,0,1.219,271.071,0.989,10.789,2.199
04/07/2019 12:00,15.928,0.295,0,1.217,228.323,0.987,11.149,1.813
04/07/2019 13:00,16.06,0.156,0,1.216,276.508,0.907,11.404,2.247
04/07/2019 14:00,16.331,0.153,0,1.215,416.16,0.394,11.799,3.521
04/07/2019 15:00,16.316,0.251,0,1.214,378.118,0.782,12.071,3.079
04/07/2019 16:00,15.684,0.398,0,1.214,110.359,0.988,11.178,0.748
04/07/2019 17:00,14.912,0.612,0,1.216,44.207,0.994,10.404,0.197
04/07/2019 18:00,14.189,0.779,0,1.219,21.265,0.99,10.319,0.03
04/07/2019 19:00,13.608,0.604,0,1.221,2.893,0.992,10.347,0
05/07/2019 02:00,12.497,0.022,0,1.223,2.707,0.349,8.495,0
05/07/2019 03:00,12.765,0.01,0,1.222,51.097,0.23,8.438,0.162
05/07/2019 04:00,13.249,0.002,0,1.222,176.346,0.032,8.203,0.416
05/07/2019 05:00,14.012,0,0,1.22,336.232,0.001,8.009,1.854
05/07/2019 06:00,15.071,0,0,1.217,486.577,0,7.842,3.759
05/07/2019 07:00,16.155,0,0,1.214,625.438,0,7.81,5.448
05/07/2019 08:00,16.967,0,0,1.212,741.751,0,7.949,6.756
05/07/2019 09:00,17.569,0,0,1.21,825.57,0,8.054,7.631
05/07/2019 10:00,18.012,0,0,1.209,872.455,0,8.041,8.091
05/07/2019 11:00,18.334,0,0,1.208,878.199,0,7.98,8.141
05/07/2019 12:00,18.529,0,0,1.207,841.242,0,7.86,7.777
05/07/2019 13:00,18.604,0,0,1.206,766.456,0,7.655,7.011
05/07/2019 14:00,18.568,0,0,1.205,658.542,0,7.389,5.835
05/07/2019 15:00,18.429,0,0,1.204,525.882,0,7.056,4.284
05/07/2019 16:00,18.146,0,0,1.204,378.954,0,6.756,2.48
05/07/2019 17:00,17.688,0,0,1.204,230.668,0.002,6.403,0.756
05/07/2019 18:00,16.606,0,0,1.204,98.278,0.024,5.719,0.225
05/07/2019 19:00,14.798,0,0,1.206,11.809,0.058,5.495,0
06/07/2019 02:00,12.564,0.276,0,1.22,1.206,0.982,5.538,0
06/07/2019 03:00,12.808,0.827,0,1.22,20.585,0.986,5.557,0.025
06/07/2019 04:00,12.997,1.759,0,1.219,36.801,0.964,5.658,0.14
06/07/2019 05:00,13.185,0.921,0,1.219,89.36,0.931,5.427,0.573
06/07/2019 06:00,13.5,0.574,0,1.217,168.546,0.811,5.527,1.274
06/07/2019 07:00,13.984,0.371,0,1.215,271.575,0.889,5.852,2.211
06/07/2019 08:00,14.866,0.315,0,1.211,358.378,0.818,6.404,3.009
06/07/2019 09:00,15.615,0.413,0,1.207,397.099,0.802,7.187,3.359
06/07/2019 10:00,16.24,0.558,0,1.202,375.723,0.911,8.225,3.145
06/07/2019 11:00,16.661,0.732,0,1.198,302.372,0.963,9.02,2.471
06/07/2019 12:00,17.027,0.562,0,1.195,260.107,0.878,9.235,2.091
06/07/2019 13:00,17.767,0.233,0,1.192,437.414,0.486,9.64,3.717
06/07/2019 14:00,18.24,0.034,0,1.191,529.557,0.112,10.089,4.595
06/07/2019 15:00,17.945,0.006,0,1.193,501.492,0.011,10.052,4.094
06/07/2019 16:00,17.101,0.004,0,1.197,362.9,0.023,10.169,2.473
06/07/2019 17:00,16.072,0.029,0,1.201,208.331,0.117,10.189,0.972
06/07/2019 18:00,14.967,0.096,0,1.204,70.392,0.197,9.795,0.317
06/07/2019 19:00,13.779,0.151,0,1.208,8.481,0.163,9.367,0
07/07/2019 02:00,12.052,0.033,0,1.216,2.397,0.16,8.073,0
07/07/2019 03:00,12.381,0.025,0,1.215,57.76,0.107,7.824,0.183
07/07/2019 04:00,13.089,0.023,0,1.214,173.972,0.067,7.88,0.482
07/07/2019 05:00,13.935,0.024,0,1.212,311.951,0.05,8.178,1.807
07/07/2019 06:00,14.92,0.062,0,1.209,450.392,0.067,8.324,3.507
07/07/2019 07:00,15.905,0.103,0,1.206,579.427,0.061,8.435,5.056
07/07/2019 08:00,16.778,0.076,0,1.204,689.973,0.05,8.422,6.294
07/07/2019 09:00,17.374,0.072,0,1.203,764.024,0.067,8.276,7.084
07/07/2019 10:00,17.741,0.062,0,1.202,790.295,0.111,8.077,7.365
07/07/2019 11:00,17.974,0.069,0,1.202,771.268,0.232,7.922,7.184
07/07/2019 12:00,17.976,0.073,0,1.201,680.98,0.442,7.839,6.286
07/07/2019 13:00,17.799,0.075,0,1.202,552.125,0.491,7.755,4.962
07/07/2019 14:00,17.616,0.101,0,1.202,475.535,0.521,7.638,4.133
07/07/2019 15:00,17.286,0.09,0,1.203,344.346,0.552,7.534,2.791
07/07/2019 16:00,16.804,0.075,0,1.204,194.095,0.629,7.47,1.413
07/07/2019 17:00,16.275,0.085,0,1.206,125.629,0.733,7.447,0.757
07/07/2019 18:00,15.486,0.097,0,1.209,59.101,0.903,7.347,0.257
07/07/2019 19:00,14.54,0.089,0,1.212,6.138,0.959,7.441,0
08/07/2019 02:00,13.001,0.145,0,1.22,1.09,0.982,7.264,0
08/07/2019 03:00,13.098,0.169,0,1.22,25.094,0.959,7.251,0.052
08/07/2019 04:00,13.408,0.209,0,1.22,82.651,0.897,7.26,0.466
08/07/2019 05:00,13.932,0.254,0,1.219,164.257,0.782,7.202,1.162
08/07/2019 06:00,14.604,0.307,0,1.217,257.812,0.565,7.037,2.029
08/07/2019 07:00,15.426,0.33,0,1.214,397.315,0.374,6.885,3.356
08/07/2019 08:00,16.3,0.285,0,1.212,524.829,0.316,6.755,4.637
08/07/2019 09:00,17.067,0.23,0,1.209,545.956,0.423,6.546,4.842
08/07/2019 10:00,17.465,0.2,0,1.207,501.702,0.442,6.424,4.379
08/07/2019 11:00,17.812,0.176,0,1.206,538.431,0.41,6.457,4.732
08/07/2019 12:00,18.053,0.132,0,1.205,535.743,0.386,6.556,4.715
08/07/2019 13:00,18.219,0.077,0,1.204,500.496,0.378,6.682,4.369
08/07/2019 14:00,18.271,0.039,0,1.203,443.536,0.353,6.816,3.787
08/07/2019 15:00,18.181,0.019,0,1.203,369.464,0.345,6.925,2.994
08/07/2019 16:00,17.956,0.005,0,1.203,276.83,0.358,7.054,1.984
08/07/2019 17:00,17.563,0.003,0,1.204,173.844,0.337,6.99,0.929
08/07/2019 18:00,16.808,0.006,0,1.206,77.01,0.275,6.506,0.316
08/07/2019 19:00,15.527,0.003,0,1.209,8.817,0.227,6.458,0
09/07/2019 02:00,12.796,0.014,0,1.224,2.087,0.818,7.247,0
09/07/2019 03:00,12.993,0.011,0,1.225,46.658,0.848,7.358,0.153
09/07/2019 04:00,13.567,0.004,0,1.225,146.936,0.721,7.283,0.557
09/07/2019 05:00,14.432,0.001,0,1.223,295.969,0.502,7.08,1.735
09/07/2019 06:00,15.467,0.005,0,1.22,458.728,0.29,6.935,3.563
09/07/2019 07:00,16.559,0.012,0,1.216,599.899,0.16,6.937,5.234
09/07/2019 08:00,17.558,0.018,0,1.212,702.037,0.196,6.94,6.402
09/07/2019 09:00,18.312,0.018,0,1.208,762.06,0.318,6.853,7.059
09/07/2019 10:00,18.755,0.011,0,1.206,772.903,0.749,6.731,7.195
09/07/2019 11:00,19.023,0.008,0,1.205,729.715,0.866,6.668,6.779
09/07/2019 12:00,19.193,0.008,0,1.203,650.094,0.918,6.73,5.966
09/07/2019 13:00,19.217,0.008,0,1.203,546.328,0.869,6.909,4.892
09/07/2019 14:00,19.165,0.008,0,1.202,476.065,0.585,7.109,4.135
09/07/2019 15:00,19.063,0.007,0,1.202,421.659,0.242,7.204,3.437
09/07/2019 16:00,18.816,0.004,0,1.202,324.531,0.137,7.164,2.212
09/07/2019 17:00,18.348,0.003,0,1.203,199.088,0.155,6.968,0.837
09/07/2019 18:00,17.53,0.005,0,1.205,82.258,0.31,6.483,0.273
09/07/2019 19:00,16.188,0.004,0,1.209,8.34,0.546,6.133,0
10/07/2019 02:00,13.267,0.015,0,1.221,2.039,0.326,6.461,0
10/07/2019 03:00,13.94,0.014,0,1.221,56.957,0.545,6.699,0.168
10/07/2019 04:00,14.837,0.003,0,1.22,169.345,0.729,6.793,0.478
10/07/2019 05:00,15.788,0.003,0,1.218,300.679,0.802,6.861,1.748
10/07/2019 06:00,17.028,0.004,0,1.213,429.763,0.842,6.87,3.329
10/07/2019 07:00,18.194,0.003,0,1.209,542.988,0.895,6.948,4.69
10/07/2019 08:00,18.981,0.003,0,1.206,623.958,0.922,7.16,5.62
10/07/2019 09:00,19.318,0.002,0,1.204,624.361,0.946,7.369,5.668
10/07/2019 10:00,19.423,0.001,0,1.203,587.677,0.977,7.498,5.271
10/07/2019 11:00,19.386,0.001,0,1.203,501.841,0.976,7.543,4.379
10/07/2019 12:00,19.346,0.001,0,1.202,435.897,0.944,7.568,3.73
10/07/2019 13:00,19.502,0.001,0,1.202,446.218,0.772,7.559,3.841
10/07/2019 14:00,19.701,0.002,0,1.2,482.614,0.481,7.469,4.174
10/07/2019 15:00,19.659,0.001,0,1.2,439.833,0.283,7.406,3.584
10/07/2019 16:00,19.274,0.001,0,1.201,332.796,0.26,7.331,2.264
10/07/2019 17:00,18.541,0.001,0,1.203,195.923,0.423,7.024,0.865
10/07/2019 18:00,17.436,0,0,1.206,69.085,0.841,6.557,0.274
10/07/2019 19:00,16.206,0,0,1.21,6.381,0.899,6.295,0
11/07/2019 02:00,12.625,0,0,1.222,1.755,0.099,6.07,0
11/07/2019 03:00,13.175,0,0,1.223,55.542,0.077,5.928,0.146
11/07/2019 04:00,14.418,0,0,1.221,171.761,0.054,5.821,0.393
11/07/2019 05:00,15.557,0,0,1.218,312.83,0.047,5.455,1.745
11/07/2019 06:00,16.831,0,0,1.214,458.687,0.063,4.961,3.543
11/07/2019 07:00,18.09,0,0,1.209,594.026,0.101,4.661,5.165
11/07/2019 08:00,19.114,0,0,1.204,706.561,0.129,4.455,6.422
11/07/2019 09:00,19.898,0,0,1.2,787.949,0.134,4.232,7.266
11/07/2019 10:00,20.488,0,0,1.197,828.882,0.139,4.016,7.67
11/07/2019 11:00,20.927,0,0,1.195,828.489,0.139,3.911,7.664
11/07/2019 12:00,21.173,0,0,1.193,785.325,0.139,3.885,7.243
11/07/2019 13:00,21.248,0,0,1.192,706.826,0.141,3.893,6.446
11/07/2019 14:00,21.162,0,0,1.192,602.94,0.14,3.888,5.323
11/07/2019 15:00,20.874,0,0,1.192,471.962,0.169,3.912,3.842
11/07/2019 16:00,20.428,0,0,1.192,334.556,0.273,3.943,2.238
11/07/2019 17:00,19.765,0,0,1.194,202.422,0.231,3.966,0.781
11/07/2019 18:00,18.382,0,0,1.196,81.933,0.459,3.933,0.243
11/07/2019 19:00,16.779,0,0,1.2,7.258,0.532,4.043,0
12/07/2019 02:00,14.236,0.001,0,1.212,1.555,0.592,3.048,0
12/07/2019 03:00,14.419,0.001,0,1.213,49.053,0.507,2.913,0.143
12/07/2019 04:00,15.382,0.001,0,1.213,158.124,0.446,2.759,0.475
12/07/2019 05:00,16.7,0.001,0,1.209,290.381,0.473,2.531,1.676
12/07/2019 06:00,18.729,0,0,1.201,431.091,0.568,2.588,3.314
12/07/2019 07:00,19.885,0.001,0,1.197,566.975,0.538,2.766,4.889
12/07/2019 08:00,20.722,0.001,0,1.193,684.231,0.357,2.889,6.174
12/07/2019 09:00,21.344,0.006,0,1.191,762.528,0.257,3.086,6.991
12/07/2019 10:00,21.778,0.009,0,1.189,800.524,0.388,3.343,7.374
12/07/2019 11:00,22.092,0.008,0,1.187,809.151,0.498,3.583,7.449
12/07/2019 12:00,22.251,0.005,0,1.186,765.826,0.659,3.736,7.03
12/07/2019 13:00,22.263,0.002,0,1.185,689.386,0.811,3.787,6.254
12/07/2019 14:00,22.143,0.002,0,1.185,579.87,0.917,3.766,5.089
12/07/2019 15:00,21.89,0.001,0,1.185,443.719,0.929,3.741,3.594
12/07/2019 16:00,21.501,0.001,0,1.186,291.495,0.912,3.709,1.998
12/07/2019 17:00,20.842,0.001,0,1.187,173.616,0.884,3.72,0.819
12/07/2019 18:00,19.45,0.005,0,1.191,69.635,0.798,3.753,0.252
12/07/2019 19:00,17.805,0.005,0,1.195,6.517,0.637,3.864,0
13/07/2019 02:00,14.895,0.008,0,1.21,1.138,0.45,2.653,0
13/07/2019 03:00,15.229,0.009,0,1.211,43.219,0.585,2.427,0.14
13/07/2019 04:00,15.966,0.01,0,1.211,117.274,0.489,2.366,0.582
13/07/2019 05:00,17.212,0.006,0,1.207,230.963,0.353,2.37,1.508
13/07/2019 06:00,18.977,0.025,0,1.201,365.791,0.321,2.533,2.834
13/07/2019 07:00,20.216,0.068,0,1.196,496.21,0.315,2.948,4.229
13/07/2019 08:00,20.877,0.112,0,1.194,621.62,0.406,3.404,5.55
13/07/2019 09:00,21.135,0.097,0,1.192,628.654,0.328,3.816,5.669
13/07/2019 10:00,21.37,0.073,0,1.191,638.674,0.285,4.1,5.759
13/07/2019 11:00,21.638,0.084,0,1.19,642.684,0.213,4.373,5.797
13/07/2019 12:00,21.851,0.077,0,1.188,659.308,0.212,4.712,5.956
13/07/2019 13:00,21.79,0.07,0,1.188,557.265,0.423,5.139,4.92
13/07/2019 14:00,21.485,0.064,0,1.188,415.23,0.373,5.424,3.496
13/07/2019 15:00,21.219,0.066,0,1.188,354.383,0.464,5.589,2.838
13/07/2019 16:00,20.775,0.049,0,1.189,212.027,0.575,5.634,1.523
13/07/2019 17:00,20.157,0.046,0,1.191,119.852,0.612,5.47,0.71
13/07/2019 18:00,19.195,0.025,0,1.194,51.469,0.882,5,0.209
13/07/2019 19:00,17.894,0.021,0,1.198,4.481,0.838,4.565,0
14/07/2019 02:00,15.345,0.02,0,1.212,0.791,0.895,5.218,0
14/07/2019 03:00,15.575,0.023,0,1.213,35.92,0.738,5.175,0.105
14/07/2019 04:00,16.264,0.018,0,1.213,135.822,0.657,5.002,0.577
14/07/2019 05:00,17.127,0.021,0,1.211,279.794,0.745,4.553,1.673
14/07/2019 06:00,18.141,0.035,0,1.208,422.316,0.84,3.899,3.272
14/07/2019 07:00,19.112,0.051,0,1.204,521.182,0.882,3.158,4.495
14/07/2019 08:00,20.12,0.079,0,1.201,622.254,0.824,2.567,5.596
14/07/2019 09:00,20.674,0.083,0,1.199,644.178,0.722,2.243,5.852
14/07/2019 10:00,20.872,0.082,0,1.199,627.231,0.637,2.348,5.665
14/07/2019 11:00,20.841,0.077,0,1.198,579.378,0.488,2.919,5.159
14/07/2019 12:00,20.616,0.056,0,1.198,521.902,0.576,3.356,4.567
14/07/2019 13:00,20.267,0.031,0,1.199,399.81,0.573,3.685,3.374
14/07/2019 14:00,20,0.022,0,1.2,355.038,0.519,3.908,2.944
14/07/2019 15:00,19.845,0.016,0,1.2,338.719,0.393,3.945,2.727
14/07/2019 16:00,19.618,0.009,0,1.2,269.872,0.27,3.886,1.916
14/07/2019 17:00,19.183,0.002,0,1.201,176.42,0.223,3.818,0.859
14/07/2019 18:00,18.318,0.001,0,1.203,71.58,0.379,3.694,0.262
14/07/2019 19:00,16.788,0.001,0,1.206,5.632,0.315,3.889,0
15/07/2019 02:00,13.721,0.018,0,1.217,0.866,0.506,4.942,0
15/07/2019 03:00,14.244,0.03,0,1.218,41.473,0.682,5.131,0.124
15/07/2019 04:00,15.026,0.038,0,1.219,133.322,0.578,5.486,0.564
15/07/2019 05:00,15.383,0.028,0,1.219,237.035,0.464,5.663,1.527
15/07/2019 06:00,15.675,0.019,0,1.219,325.962,0.481,5.873,2.569
15/07/2019 07:00,16.251,0.007,0,1.218,520.139,0.627,6.041,4.55
15/07/2019 08:00,16.829,0.003,0,1.216,541.886,0.685,6.099,4.915
15/07/2019 09:00,17.448,0.001,0,1.214,705.001,0.613,6.237,6.586
15/07/2019 10:00,18.026,0,0,1.211,804.528,0.49,6.541,7.559
15/07/2019 11:00,18.465,0,0,1.209,828.885,0.395,6.838,7.778
15/07/2019 12:00,18.781,0,0,1.207,800.293,0.617,7.029,7.481
15/07/2019 13:00,18.862,0,0,1.206,714.151,0.808,7.145,6.602
15/07/2019 14:00,18.625,0,0,1.205,525.665,0.95,7.157,4.662
15/07/2019 15:00,18.226,0,0,1.205,306.005,0.949,6.967,2.467
15/07/2019 16:00,17.922,0,0,1.205,198.899,0.869,6.597,1.444
15/07/2019 17:00,17.601,0.001,0,1.205,133.299,0.721,6.146,0.769
15/07/2019 18:00,17.031,0.001,0,1.206,59.386,0.612,5.593,0.236
15/07/2019 19:00,15.987,0.002,0,1.207,4.181,0.756,5.085,0
16/07/2019 02:00,12.917,0.002,0,1.216,0.772,0.131,4.914,0
16/07/2019 03:00,13.46,0.002,0,1.216,49.475,0.031,4.679,0.121
16/07/2019 04:00,14.975,0.004,0,1.215,161.908,0.113,4.99,0.407
16/07/2019 05:00,15.995,0.009,0,1.212,279.579,0.216,5.079,1.635
16/07/2019 06:00,16.794,0.015,0,1.21,363.371,0.382,4.939,2.849
16/07/2019 07:00,17.29,0.017,0,1.208,382.254,0.302,4.626,3.25
16/07/2019 08:00,18.066,0.023,0,1.206,579.558,0.178,4.526,5.273
16/07/2019 09:00,18.775,0.029,0,1.204,684.801,0.124,4.764,6.384
16/07/2019 10:00,19.415,0.019,0,1.201,758.641,0.091,5.123,7.116
16/07/2019 11:00,19.885,0.008,0,1.198,786.711,0.063,5.644,7.374
16/07/2019 12:00,20.157,0.002,0,1.197,762.584,0.055,6.39,7.12
16/07/2019 13:00,20.213,0.001,0,1.196,700.446,0.055,7.243,6.468
16/07/2019 14:00,20.05,0,0,1.197,602.472,0.044,8.015,5.397
16/07/2019 15:00,19.669,0,0,1.198,485.087,0.025,8.448,4.016
16/07/2019 16:00,19.136,0,0,1.199,349.139,0.004,8.429,2.354
16/07/2019 17:00,18.468,0,0,1.201,205.945,0.005,8.085,0.742
16/07/2019 18:00,17.554,0,0,1.204,78.12,0.015,7.252,0.211
16/07/2019 19:00,16.19,0,0,1.207,5.136,0.049,6.575,0
17/07/2019 02:00,13.906,0.001,0,1.215,0.618,0.745,6.074,0
17/07/2019 03:00,14.2,0.003,0,1.217,40.538,0.752,5.803,0.118
17/07/2019 04:00,15.248,0.001,0,1.217,133.963,0.808,5.402,0.564
17/07/2019 05:00,16.408,0,0,1.214,254.226,0.884,5.266,1.592
17/07/2019 06:00,17.347,0,0,1.211,370.386,0.922,4.976,2.904
17/07/2019 07:00,18.227,0,0,1.208,475.856,0.92,4.657,4.104
17/07/2019 08:00,18.996,0.001,0,1.205,570.764,0.934,4.321,5.133
17/07/2019 09:00,19.634,0.001,0,1.202,636.878,0.943,4.158,5.821
17/07/2019 10:00,20.157,0.001,0,1.199,657.086,0.942,4.216,6.012
17/07/2019 11:00,20.514,0.001,0,1.197,628.438,0.949,4.407,5.694
17/07/2019 12:00,20.648,0.002,0,1.196,539.566,0.977,4.592,4.765
17/07/2019 13:00,20.621,0.001,0,1.195,431.001,0.961,4.704,3.674
17/07/2019 14:00,20.571,0.002,0,1.194,343.472,0.908,4.709,2.828
17/07/2019 15:00,20.402,0.001,0,1.194,266.848,0.934,4.644,2.098
17/07/2019 16:00,20.166,0,0,1.194,200.443,0.906,4.502,1.447
17/07/2019 17:00,19.763,0,0,1.195,125.376,0.763,4.248,0.732
17/07/2019 18:00,18.746,0,0,1.197,52.348,0.622,3.869,0.206
17/07/2019 19:00,17.272,0,0,1.199,3.785,0.411,3.847,0
18/07/2019 02:00,14.909,0,0,1.213,0.469,0.553,2.203,0
18/07/2019 03:00,14.798,0,0,1.215,42.518,0.648,2.198,0.103
18/07/2019 04:00,15.469,0.001,0,1.215,145.583,0.627,2.486,0.444
18/07/2019 05:00,16.614,0,0,1.212,272.417,0.511,2.674,1.585
18/07/2019 06:00,18.96,0,0,1.203,415.427,0.325,2.817,3.221
18/07/2019 07:00,20.087,0,0,1.199,561.574,0.178,3.038,4.894
18/07/2019 08:00,20.822,0,0,1.196,677.525,0.16,3.215,6.181
18/07/2019 09:00,21.288,0,0,1.194,751.476,0.165,3.464,6.97
18/07/2019 10:00,21.604,0,0,1.193,799.192,0.139,3.798,7.445
18/07/2019 11:00,21.828,0,0,1.192,812.167,0.116,4.111,7.565
18/07/2019 12:00,21.882,0,0,1.191,778.838,0.088,4.379,7.239
18/07/2019 13:00,21.802,0,0,1.191,707.648,0.066,4.555,6.515
18/07/2019 14:00,21.607,0,0,1.191,606.735,0.08,4.627,5.422
18/07/2019 15:00,21.329,0,0,1.191,481.583,0.242,4.629,3.975
18/07/2019 16:00,20.939,0,0,1.191,339.958,0.464,4.578,2.284
18/07/2019 17:00,20.241,0,0,1.193,193.237,0.585,4.559,0.729
18/07/2019 18:00,18.795,0,0,1.196,66.842,0.728,4.432,0.206
18/07/2019 19:00,17.198,0,0,1.2,3.502,0.85,4.626,0
19/07/2019 02:00,16.852,0.01,0,1.204,0.126,0.994,6.087,0
19/07/2019 03:00,17.068,0.012,0,1.203,12.306,0.995,6.043,0
19/07/2019 04:00,17.344,0.015,0,1.204,40.337,0.991,5.79,0.16
19/07/2019 05:00,17.61,0.012,0,1.203,85.892,0.976,5.393,0.53
19/07/2019 06:00,18.099,0.013,0,1.202,146.755,0.951,5.115,1.059
19/07/2019 07:00,18.939,0.009,0,1.199,241.39,0.884,5.192,1.899
19/07/2019 08:00,19.847,0.008,0,1.196,345.739,0.813,5.399,2.843
19/07/2019 09:00,20.578,0.008,0,1.193,422.563,0.783,5.624,3.554
19/07/2019 10:00,21.137,0.006,0,1.192,511.235,0.757,5.835,4.408
19/07/2019 11:00,21.599,0.007,0,1.19,581.072,0.707,5.979,5.127
19/07/2019 12:00,21.971,0.008,0,1.189,630.687,0.75,5.971,5.667
19/07/2019 13:00,22.186,0.01,0,1.187,619.686,0.863,5.807,5.561
19/07/2019 14:00,22.1,0.009,0,1.187,505.867,0.9,5.548,4.38
19/07/2019 15:00,21.728,0.006,0,1.187,339.189,0.929,5.195,2.718
19/07/2019 16:00,21.27,0.008,0,1.188,216.631,0.868,4.826,1.563
19/07/2019 17:00,20.655,0.008,0,1.189,135.335,0.582,4.476,0.783
19/07/2019 18:00,19.48,0.01,0,1.192,52.832,0.46,4.131,0.209
19/07/2019 19:00,17.995,0.007,0,1.196,2.735,0.548,4.133,0
20/07/2019 02:00,16.283,0.005,0,1.206,0.214,0.935,2.712,0
20/07/2019 03:00,16.313,0.006,0,1.207,31.934,0.937,2.686,0.078
20/07/2019 04:00,16.96,0.004,0,1.208,107.051,0.888,2.825,0.533
20/07/2019 05:00,18.075,0.001,0,1.205,226.151,0.486,3.152,1.459
20/07/2019 06:00,19.427,0,0,1.201,417.604,0.097,3.514,3.249
20/07/2019 07:00,20.426,0.001,0,1.198,565.729,0.057,3.902,4.919
20/07/2019 08:00,21.144,0.001,0,1.196,676.805,0.333,4.329,6.145
20/07/2019 09:00,21.63,0,0,1.195,717.279,0.772,4.685,6.59
20/07/2019 10:00,21.835,0,0,1.193,622.266,0.958,4.859,5.595
20/07/2019 11:00,21.658,0,0,1.192,407.066,0.981,4.904,3.405
20/07/2019 12:00,21.463,0,0,1.192,310.422,0.981,5.079,2.51
20/07/2019 13:00,21.55,0,0,1.191,343.201,0.955,5.503,2.815
20/07/2019 14:00,21.792,0,0,1.189,409.361,0.937,6.038,3.439
20/07/2019 15:00,21.766,0.001,0,1.188,314.37,0.963,6.565,2.504
20/07/2019 16:00,21.376,0.003,0,1.188,188.378,0.962,7.098,1.349
20/07/2019 17:00,20.624,0.007,0,1.19,101.278,0.957,7.521,0.594
20/07/2019 18:00,19.63,0.043,0,1.194,35.456,0.963,8.012,0.113
20/07/2019 19:00,18.738,0.168,0,1.198,1.048,0.98,8.757,0
21/07/2019 02:00,16.985,0.173,0,1.201,0.063,0.845,4.485,0
21/07/2019 03:00,17.03,0.127,0,1.201,25.514,0.715,4.212,0.045
21/07/2019 04:00,17.733,0.174,0,1.201,98.273,0.856,4.296,0.505
21/07/2019 05:00,18.141,0.193,0,1.2,158.432,0.889,4.406,1.079
21/07/2019 06:00,18.495,0.218,0,1.2,200.377,0.72,4.861,1.516
21/07/2019 07:00,19.007,0.227,0,1.198,296.944,0.396,5.528,2.415
21/07/2019 08:00,20.072,0.17,0,1.196,557.029,0.167,6.259,4.992
21/07/2019 09:00,21.194,0.066,0,1.193,714.546,0.05,7.042,6.608
21/07/2019 10:00,21.732,0.037,0,1.191,781.213,0.04,7.567,7.264
21/07/2019 11:00,21.943,0.043,0,1.191,780.689,0.059,7.852,7.262
21/07/2019 12:00,21.973,0.059,0,1.191,724.058,0.114,7.979,6.708
21/07/2019 13:00,21.864,0.091,0,1.19,614.804,0.12,8.076,5.603
21/07/2019 14:00,21.608,0.119,0,1.191,519.804,0.359,8.233,4.572
21/07/2019 15:00,20.973,0.128,0,1.193,301.054,0.382,8.322,2.406
21/07/2019 16:00,20.43,0.097,0,1.195,232.632,0.382,8.443,1.676
21/07/2019 17:00,19.75,0.051,0,1.199,123.87,0.349,8.355,0.707
21/07/2019 18:00,18.922,0.025,0,1.203,45.987,0.289,8.181,0.166
21/07/2019 19:00,17.855,0.003,0,1.209,2.347,0.378,7.745,0
22/07/2019 02:00,13.748,0.001,0,1.227,0.084,0.541,6.263,0
22/07/2019 03:00,14.149,0.001,0,1.226,31.862,0.836,6.042,0.082
22/07/2019 04:00,15.212,0,0,1.225,97.958,0.929,5.943,0.539
22/07/2019 05:00,15.92,0,0,1.223,143.551,0.935,5.751,0.999
22/07/2019 06:00,16.513,0,0,1.222,183.319,0.951,5.622,1.386
22/07/2019 07:00,17.047,0,0,1.22,204.322,0.975,5.947,1.584
22/07/2019 08:00,17.46,0,0,1.218,213.428,0.977,6.33,1.667
22/07/2019 09:00,18.093,0.008,0,1.217,303.018,0.976,6.576,2.465
22/07/2019 10:00,18.86,0.049,0,1.215,444.072,0.974,6.658,3.743
22/07/2019 11:00,18.792,0.09,0,1.214,359.36,0.975,6.421,2.964
22/07/2019 12:00,18.451,0.04,0,1.215,266.206,0.975,6.119,2.13
22/07/2019 13:00,18.434,0.049,0,1.215,270.441,0.977,6.172,2.169
22/07/2019 14:00,18.576,0.06,0,1.213,299.327,0.939,6.327,2.428
22/07/2019 15:00,18.435,0.172,0,1.213,259.189,0.931,6.489,2.05
22/07/2019 16:00,17.674,0.327,0,1.215,125.939,0.959,6.473,0.874
22/07/2019 17:00,16.872,0.495,0,1.217,51.674,0.896,6.403,0.251
22/07/2019 18:00,16.277,0.473,0,1.219,19.553,0.831,6.153,0.017
22/07/2019 19:00,15.994,0.491,0,1.219,0.543,0.958,6.155,0
23/07/2019 02:00,16.888,0.031,0,1.212,0.025,0.447,6.424,0
23/07/2019 03:00,16.89,0.031,0,1.213,24.27,0.435,6.272,0.034
23/07/2019 04:00,17.224,0.024,0,1.213,107.335,0.3,6.118,0.48
23/07/2019 05:00,17.884,0.013,0,1.211,254.636,0.073,6.262,1.521
23/07/2019 06:00,18.892,0.01,0,1.208,411.679,0.034,6.484,3.229
23/07/2019 07:00,20.249,0.006,0,1.203,547.057,0.042,6.733,4.811
23/07/2019 08:00,21.591,0.005,0,1.197,654.541,0.088,7.085,5.999
23/07/2019 09:00,22.538,0.008,0,1.192,711.676,0.145,7.317,6.61
23/07/2019 10:00,23.255,0.007,0,1.188,760.773,0.134,7.45,7.079
23/07/2019 11:00,23.731,0.005,0,1.185,730.896,0.212,7.516,6.792
23/07/2019 12:00,23.995,0.004,0,1.184,710.397,0.189,7.499,6.575
23/07/2019 13:00,24.092,0.004,0,1.183,653.559,0.234,7.409,5.98
23/07/2019 14:00,23.946,0.003,0,1.182,526.702,0.242,7.213,4.655
23/07/2019 15:00,23.688,0.003,0,1.183,410.636,0.254,6.92,3.363
23/07/2019 16:00,23.31,0.002,0,1.183,279.987,0.263,6.533,1.933
23/07/2019 17:00,22.735,0.002,0,1.185,156.246,0.254,6.002,0.721
23/07/2019 18:00,21.717,0,0,1.188,53.742,0.053,5.064,0.169
23/07/2019 19:00,19.85,0,0,1.192,1.728,0.022,4.474,0
24/07/2019 02:00,16.484,0.005,0,1.21,0.016,0,3.417,0
24/07/2019 03:00,16.583,0.004,0,1.211,34.63,0,3.248,0.055
24/07/2019 04:00,17.755,0.001,0,1.211,145.354,0.003,3.107,0.337
24/07/2019 05:00,18.994,0,0,1.208,285.953,0.019,2.799,1.575
24/07/2019 06:00,21.337,0,0,1.198,432.285,0.059,2.775,3.355
24/07/2019 07:00,22.645,0,0,1.193,569.056,0.24,2.751,4.977
24/07/2019 08:00,23.688,0,0,1.19,683.187,0.265,2.644,6.233
24/07/2019 09:00,24.547,0,0,1.187,761.664,0.141,2.511,7.038
24/07/2019 10:00,25.266,0,0,1.185,807.901,0.008,2.388,7.476
24/07/2019 11:00,25.865,0,0,1.182,812.695,0,2.246,7.508
24/07/2019 12:00,26.32,0,0,1.18,776.049,0,2.236,7.145
24/07/2019 13:00,26.528,0,0,1.178,701.458,0,2.515,6.397
24/07/2019 14:00,26.344,0,0,1.177,594.063,0.027,2.887,5.266
24/07/2019 15:00,25.861,0,0,1.177,463.045,0.154,3.337,3.798
24/07/2019 16:00,25.096,0,0,1.178,318.974,0.137,3.852,2.134
24/07/2019 17:00,23.937,0,0,1.181,176.755,0.041,4.471,0.653
24/07/2019 18:00,22.147,0,0,1.188,56.344,0.002,5.068,0.15
24/07/2019 19:00,20.39,0,0,1.195,1.389,0.001,5.35,0
25/07/2019 02:00,17.203,0.001,0,1.208,0.005,0,5.247,0
25/07/2019 03:00,17.417,0.004,0,1.209,29.453,0,5.174,0.038
25/07/2019 04:00,18.611,0.002,0,1.209,130.114,0.005,5.224,0.405
25/07/2019 05:00,19.779,0,0,1.205,261.208,0.023,4.964,1.5
25/07/2019 06:00,20.998,0,0,1.201,395.904,0.036,4.864,3.088
25/07/2019 07:00,22.326,0,0,1.196,525.843,0.03,4.805,4.6
25/07/2019 08:00,23.499,0,0,1.191,642.537,0.027,4.764,5.871
25/07/2019 09:00,24.248,0,0,1.188,733.713,0.031,4.706,6.801
25/07/2019 10:00,24.747,0,0,1.186,780.077,0.031,4.635,7.254
25/07/2019 11:00,25.13,0,0,1.184,785.346,0.03,4.56,7.3
25/07/2019 12:00,25.38,0,0,1.183,752.245,0.017,4.493,6.972
25/07/2019 13:00,25.505,0,0,1.182,683.531,0.003,4.453,6.273
25/07/2019 14:00,25.451,0,0,1.181,578.769,0.001,4.442,5.157
25/07/2019 15:00,25.244,0,0,1.18,448.819,0,4.468,3.696
25/07/2019 16:00,24.83,0,0,1.18,306.958,0.001,4.431,2.073
25/07/2019 17:00,24.127,0,0,1.182,167.376,0.007,4.248,0.665
25/07/2019 18:00,22.651,0,0,1.186,51.683,0.047,3.893,0.145
25/07/2019 19:00,20.888,0,0,1.191,1.067,0.137,3.812,0
26/07/2019 02:00,18.282,0,0,1.201,0.001,0.33,3.657,0
26/07/2019 03:00,18.322,0,0,1.201,28.162,0.209,4.081,0.029
26/07/2019 04:00,19.821,0,0,1.201,131.283,0.077,4.381,0.377
26/07/2019 05:00,20.915,0,0,1.198,268.687,0.018,4.042,1.506
26/07/2019 06:00,22.644,0,0,1.19,413.253,0.003,3.73,3.206
26/07/2019 07:00,25.077,0,0,1.179,549.431,0,4.291,4.768
26/07/2019 08:00,26.042,0,0,1.175,664.285,0,4.937,6.016
26/07/2019 09:00,26.4,0,0,1.173,742.684,0,5.667,6.829
26/07/2019 10:00,26.425,0,0,1.173,789.502,0,6.243,7.296
26/07/2019 11:00,26.217,0,0,1.175,796.471,0.005,6.682,7.378
26/07/2019 12:00,25.868,0,0,1.177,757.55,0.041,6.885,7.021
26/07/2019 13:00,25.411,0,0,1.179,670.708,0.068,6.942,6.173
26/07/2019 14:00,24.875,0,0,1.181,560.06,0.084,7.004,5.011
26/07/2019 15:00,24.338,0,0,1.182,441.701,0.059,7,3.663
26/07/2019 16:00,23.689,0,0,1.184,310.544,0.082,7.034,2.109
26/07/2019 17:00,22.802,0,0,1.186,168.943,0.461,6.896,0.655
26/07/2019 18:00,21.593,0,0,1.19,44.396,0.682,6.246,0.126
26/07/2019 19:00,20.334,0,0,1.194,0.79,0.704,5.997,0
27/07/2019 03:00,17.541,0.001,0,1.206,26.693,0.061,7.144,0.028
27/07/2019 04:00,18.23,0,0,1.204,125.782,0.389,7.059,0.435
27/07/2019 05:00,19.637,0,0,1.199,242.381,0.895,7.433,1.475
27/07/2019 06:00,20.859,0,0,1.194,280.914,0.941,7.997,2.179
27/07/2019 07:00,21.278,0.037,0,1.192,261.866,0.909,8.458,2.084
27/07/2019 08:00,21.657,0.131,0,1.191,369.359,0.633,8.843,3.091
27/07/2019 09:00,22.372,0.038,0,1.188,450.513,0.749,8.973,3.891
27/07/2019 10:00,23.296,0.038,0,1.184,612.588,0.886,9.332,5.564
27/07/2019 11:00,23.779,0.023,0,1.182,663.627,0.578,9.816,6.127
27/07/2019 12:00,24.141,0.005,0,1.18,716.734,0.128,10.107,6.663
27/07/2019 13:00,24.202,0.002,0,1.179,662.483,0.299,10.305,6.111
27/07/2019 14:00,23.983,0.001,0,1.178,557.359,0.55,10.397,4.993
27/07/2019 15:00,23.503,0.001,0,1.179,414.621,0.637,10.216,3.436
27/07/2019 16:00,22.839,0.002,0,1.181,278.475,0.355,9.697,1.943
27/07/2019 17:00,22.04,0.003,0,1.183,144.817,0.303,8.863,0.699
27/07/2019 18:00,21.057,0.009,0,1.186,38.7,0.315,7.845,0.113
27/07/2019 19:00,20.061,0.019,0,1.189,0.496,0.193,7.268,0
28/07/2019 03:00,18.011,0.173,0,1.195,20.44,0.137,7.797,0.007
28/07/2019 04:00,18.415,0.186,0,1.194,101.002,0.158,7.649,0.441
28/07/2019 05:00,19.231,0.181,0,1.191,210.372,0.162,8.055,1.33
28/07/2019 06:00,20.326,0.15,0,1.187,331.733,0.15,8.52,2.607
28/07/2019 07:00,21.445,0.134,0,1.183,456.185,0.139,8.94,3.97
28/07/2019 08:00,22.313,0.135,0,1.18,563.825,0.135,9.326,5.141
28/07/2019 09:00,22.874,0.127,0,1.178,650.836,0.115,9.595,6.054
28/07/2019 10:00,23.284,0.111,0,1.177,702.643,0.101,9.608,6.581
28/07/2019 11:00,23.56,0.092,0,1.176,720.507,0.075,9.532,6.76
28/07/2019 12:00,23.724,0.069,0,1.175,707.73,0.047,9.404,6.629
28/07/2019 13:00,23.73,0.035,0,1.174,648.866,0.038,9.2,6.023
28/07/2019 14:00,23.562,0.008,0,1.174,550.478,0.044,8.894,4.963
28/07/2019 15:00,23.283,0.001,0,1.174,422.904,0.068,8.586,3.53
28/07/2019 16:00,22.858,0,0,1.175,282.718,0.137,8.339,1.964
28/07/2019 17:00,22.21,0,0,1.177,146.662,0.503,8.007,0.672
28/07/2019 18:00,21.277,0,0,1.18,37.8,0.667,7.432,0.103
28/07/2019 19:00,20.485,0,0,1.184,0.386,0.748,7.533,0
29/07/2019 03:00,18.41,0.004,0,1.193,22.218,0.534,6.211,0.016
29/07/2019 04:00,19.314,0.001,0,1.192,107.803,0.701,5.992,0.495
29/07/2019 05:00,20.364,0,0,1.189,204.016,0.816,5.379,1.342
29/07/2019 06:00,21.959,0.002,0,1.182,312.059,0.855,5.195,2.43
29/07/2019 07:00,23.268,0.007,0,1.176,398.715,0.883,5.174,3.322
29/07/2019 08:00,24.407,0.031,0,1.17,435.58,0.895,5.15,3.677
29/07/2019 09:00,25.376,0.237,0,1.166,532.558,0.779,4.899,4.579
29/07/2019 10:00,25.002,0.772,0,1.169,394.032,0.885,4.814,3.212
29/07/2019 11:00,23.847,0.338,0,1.173,214.229,0.968,4.683,1.626
29/07/2019 12:00,23.208,0.144,0,1.175,154.814,0.973,4.587,1.115
29/07/2019 13:00,23.066,0.053,0,1.176,147.455,0.967,3.926,1.052
29/07/2019 14:00,23.374,0.019,0,1.175,142.791,0.957,3.09,1.009
29/07/2019 15:00,23.747,0.007,0,1.173,120.982,0.949,2.569,0.818
29/07/2019 16:00,23.907,0.004,0,1.172,98.651,0.949,2.568,0.623
29/07/2019 17:00,23.629,0.003,0,1.172,58.047,0.949,2.604,0.286
29/07/2019 18:00,23.205,0.005,0,1.173,19.929,0.895,2.638,0.015
29/07/2019 19:00,22.782,0.003,0,1.174,0.163,0.849,2.699,0
30/07/2019 03:00,18.747,0.001,0,1.191,17.195,0.201,3.438,0
30/07/2019 04:00,19.304,0.002,0,1.193,103.97,0.047,3.878,0.44
30/07/2019 05:00,19.961,0.001,0,1.192,228.87,0.044,3.939,1.408
30/07/2019 06:00,21.582,0.001,0,1.187,366.348,0.097,3.796,2.887
30/07/2019 07:00,22.574,0.001,0,1.183,487.643,0.189,3.646,4.27
30/07/2019 08:00,23.279,0.003,0,1.181,582.917,0.213,3.536,5.32
30/07/2019 09:00,23.839,0.012,0,1.179,654.786,0.222,3.578,6.064
30/07/2019 10:00,24.155,0.031,0,1.178,679.589,0.245,3.825,6.306
30/07/2019 11:00,24.198,0.061,0,1.178,665.877,0.321,4.233,6.149
30/07/2019 12:00,23.825,0.103,0,1.179,566.24,0.4,4.79,5.098
30/07/2019 13:00,22.966,0.182,0,1.183,426.563,0.592,5.596,3.658
30/07/2019 14:00,21.681,0.212,0,1.188,295.154,0.608,6.669,2.396
30/07/2019 15:00,20.386,0.203,0,1.194,208.686,0.577,7.367,1.604
30/07/2019 16:00,19.478,0.167,0,1.198,146.689,0.547,7.797,1.033
30/07/2019 17:00,18.734,0.161,0,1.202,78.348,0.516,7.992,0.434
30/07/2019 18:00,18.116,0.257,0,1.204,20.611,0.5,7.926,0.02
30/07/2019 19:00,17.681,0.195,0,1.206,0.077,0.51,7.778,0
31/07/2019 03:00,16.318,0.972,0,1.214,5.281,0.809,7.405,0
31/07/2019 04:00,16.301,0.991,0,1.214,33.225,0.789,7.476,0.11
31/07/2019 05:00,16.49,0.955,0,1.215,78.337,0.776,7.471,0.472
31/07/2019 06:00,16.808,0.862,0,1.214,125.049,0.777,7.447,0.881
31/07/2019 07:00,17.206,0.677,0,1.213,173.032,0.771,7.403,1.309
31/07/2019 08:00,17.609,0.482,0,1.212,229.094,0.742,7.283,1.812
31/07/2019 09:00,17.988,0.281,0,1.212,296.609,0.681,7.229,2.42
31/07/2019 10:00,18.48,0.151,0,1.21,385.947,0.563,7.176,3.242
31/07/2019 11:00,19.04,0.081,0,1.209,462.048,0.461,7.043,3.982
31/07/2019 12:00,19.547,0.046,0,1.207,512.997,0.403,6.933,4.528
31/07/2019 13:00,19.806,0.028,0,1.206,490.778,0.397,6.834,4.34
31/07/2019 14:00,19.753,0.021,0,1.206,414.277,0.426,6.699,3.575
31/07/2019 15:00,19.487,0.021,0,1.206,313.827,0.809,6.574,2.558
31/07/2019 16:00,18.909,0.034,0,1.207,148.485,0.925,6.504,1.055
31/07/2019 17:00,18.203,0.067,0,1.209,53.798,0.961,6.426,0.263
31/07/2019 18:00,17.475,0.093,0,1.212,11.372,0.98,6.268,0
31/07/2019 19:00,16.911,0.166,0,1.214,0.018,0.987,6.156,0
01/08/2019 03:00,16.115,0.264,0,1.214,3.669,0.976,5.387,0
01/08/2019 04:00,16.18,0.29,0,1.215,24.075,0.974,5.311,0.047
01/08/2019 05:00,16.342,0.34,0,1.216,60.588,0.971,5.295,0.328
01/08/2019 06:00,16.461,0.416,0,1.217,110.655,0.972,5.365,0.758
01/08/2019 07:00,16.508,0.433,0,1.218,165.411,0.973,5.335,1.246
01/08/2019 08:00,16.611,0.373,0,1.218,219.455,0.975,5.222,1.734
01/08/2019 09:00,16.803,0.272,0,1.218,266.864,0.975,5.05,2.161
01/08/2019 10:00,17.042,0.159,0,1.217,306.715,0.977,4.751,2.521
01/08/2019 11:00,17.388,0.084,0,1.216,334.762,0.974,4.379,2.776
01/08/2019 12:00,17.753,0.062,0,1.215,353.343,0.959,4.045,2.952
01/08/2019 13:00,18.062,0.048,0,1.213,348.128,0.922,3.764,2.914
01/08/2019 14:00,18.288,0.035,0,1.212,330.589,0.886,3.438,2.76
01/08/2019 15:00,18.379,0.022,0,1.211,302.199,0.767,3.176,2.472
01/08/2019 16:00,18.363,0.013,0,1.21,233.24,0.503,2.99,1.716
01/08/2019 17:00,18.041,0.007,0,1.21,131.441,0.285,2.86,0.7
01/08/2019 18:00,17.086,0.001,0,1.211,33.626,0.249,2.83,0.089
01/08/2019 19:00,16.229,0.001,0,1.213,0.03,0.257,2.859,0
02/08/2019 03:00,14.602,0.002,0,1.217,14.172,0.559,3.931,0
02/08/2019 04:00,15.661,0.002,0,1.216,96.089,0.525,3.983,0.394
02/08/2019 05:00,16.96,0.001,0,1.214,219.318,0.462,4.201,1.357
02/08/2019 06:00,18.36,0.002,0,1.209,373.219,0.335,4.279,3.021
02/08/2019 07:00,19.785,0.008,0,1.204,524.944,0.212,4.175,4.767
02/08/2019 08:00,20.779,0.004,0,1.201,641.005,0.147,3.988,6.066
02/08/2019 09:00,21.411,0.005,0,1.198,711.763,0.091,3.637,6.818
02/08/2019 10:00,21.837,0.009,0,1.196,752.01,0.072,3.309,7.215
02/08/2019 11:00,22.117,0.018,0,1.194,701.906,0.283,3.126,6.694
02/08/2019 12:00,22.144,0.023,0,1.193,555.461,0.399,3.132,5.114
02/08/2019 13:00,22.043,0.025,0,1.192,441.042,0.425,3.209,3.889
02/08/2019 14:00,21.882,0.029,0,1.191,370.448,0.432,3.389,3.17
02/08/2019 15:00,21.686,0.023,0,1.191,300.972,0.42,3.614,2.448
02/08/2019 16:00,21.355,0.005,0,1.191,184.881,0.405,3.904,1.317
02/08/2019 17:00,20.863,0.001,0,1.192,114.428,0.184,4.119,0.584
02/08/2019 18:00,19.456,0.002,0,1.194,31.731,0.084,4.296,0.065
02/08/2019 19:00,18.16,0.001,0,1.198,0.012,0.176,4.827,0
03/08/2019 03:00,15.333,0.009,0,1.209,14.202,0.094,4.79,0
03/08/2019 04:00,16.547,0.009,0,1.209,100.652,0.117,4.83,0.357
03/08/2019 05:00,17.861,0.01,0,1.207,224.154,0.174,4.713,1.35
03/08/2019 06:00,19.496,0.009,0,1.202,357.809,0.328,4.587,2.887
03/08/2019 07:00,20.882,0.014,0,1.197,486.517,0.312,4.306,4.391
03/08/2019 08:00,21.921,0.026,0,1.193,597.362,0.288,3.983,5.628
03/08/2019 09:00,22.594,0.04,0,1.19,677.289,0.141,4.008,6.471
03/08/2019 10:00,23.024,0.034,0,1.188,710.173,0.1,4.169,6.804
03/08/2019 11:00,23.321,0.023,0,1.187,714.241,0.104,4.352,6.84
03/08/2019 12:00,23.494,0.018,0,1.185,680.689,0.098,4.487,6.499
03/08/2019 13:00,23.522,0.011,0,1.185,616.863,0.086,4.575,5.833
03/08/2019 14:00,23.41,0.008,0,1.184,523.797,0.086,4.634,4.814
03/08/2019 15:00,23.127,0.005,0,1.184,408.155,0.073,4.68,3.479
03/08/2019 16:00,22.615,0.002,0,1.185,269.005,0.03,4.67,1.884
03/08/2019 17:00,21.789,0.001,0,1.187,140.986,0.015,4.464,0.557
03/08/2019 18:00,20.008,0.001,0,1.191,32.012,0.008,4.168,0.055
03/08/2019 19:00,18.647,0.001,0,1.195,0.003,0.005,4.183,0
04/08/2019 03:00,15.86,0.004,0,1.21,13.811,0.014,2.37,0
04/08/2019 04:00,16.523,0.008,0,1.21,104.525,0.045,2.305,0.345
04/08/2019 05:00,18.24,0.011,0,1.206,233.477,0.043,3.038,1.386
04/08/2019 06:00,19.831,0.02,0,1.201,380.081,0.02,3.717,3.082
04/08/2019 07:00,20.833,0.029,0,1.197,514.445,0.027,4.017,4.681
04/08/2019 08:00,21.466,0.024,0,1.195,622.234,0.043,4.21,5.901
04/08/2019 09:00,21.95,0.024,0,1.193,683.361,0.076,4.566,6.557
04/08/2019 10:00,22.26,0.029,0,1.191,698.582,0.118,4.964,6.707
04/08/2019 11:00,22.403,0.037,0,1.19,676.212,0.21,5.279,6.467
04/08/2019 12:00,22.424,0.033,0,1.19,638.798,0.377,5.425,6.08
04/08/2019 13:00,22.379,0.021,0,1.189,578.203,0.457,5.406,5.44
04/08/2019 14:00,22.201,0.013,0,1.189,460.587,0.617,5.319,4.15
04/08/2019 15:00,21.703,0.006,0,1.19,262.575,0.761,5.22,2.104
04/08/2019 16:00,21.193,0.005,0,1.191,173.209,0.775,5.105,1.231
04/08/2019 17:00,20.587,0.003,0,1.193,87.096,0.753,4.928,0.461
04/08/2019 18:00,19.523,0.002,0,1.195,20.483,0.752,4.647,0.014
05/08/2019 03:00,16.248,0.008,0,1.206,8.463,0.967,3.813,0
05/08/2019 04:00,16.859,0.024,0,1.207,81.043,0.96,3.98,0.377
05/08/2019 05:00,17.405,0.037,0,1.207,186.476,0.956,4.362,1.233
05/08/2019 06:00,17.842,0.02,0,1.207,296.481,0.954,4.479,2.385
05/08/2019 07:00,18.579,0.012,0,1.205,410.099,0.96,4.418,3.609
05/08/2019 08:00,19.215,0.012,0,1.203,491.189,0.941,4.341,4.467
05/08/2019 09:00,19.738,0.011,0,1.2,496.615,0.878,4.263,4.463
05/08/2019 10:00,20.189,0.005,0,1.198,470.742,0.948,4.096,4.143
05/08/2019 11:00,20.7,0.002,0,1.196,500.573,0.974,3.887,4.419
05/08/2019 12:00,20.874,0.001,0,1.194,385.649,0.991,3.854,3.256
05/08/2019 13:00,20.825,0.001,0,1.193,289.151,0.992,3.857,2.345
05/08/2019 14:00,20.763,0.001,0,1.193,229.956,0.991,3.763,1.806
05/08/2019 15:00,20.769,0.001,0,1.192,219.215,0.977,3.691,1.701
05/08/2019 16:00,20.682,0.001,0,1.191,174.48,0.966,3.673,1.253
05/08/2019 17:00,20.209,0.002,0,1.191,77.69,0.964,3.609,0.418
05/08/2019 18:00,19.099,0.005,0,1.192,14.639,0.967,3.712,0
06/08/2019 03:00,16.674,0.199,0,1.193,9.008,0.119,4.802,0
06/08/2019 04:00,17.938,0.187,0,1.192,80.156,0.133,5.224,0.326
06/08/2019 05:00,18.993,0.224,0,1.191,201.43,0.143,5.773,1.246
06/08/2019 06:00,19.522,0.188,0,1.19,346.297,0.62,6.554,2.821
06/08/2019 07:00,20.098,0.145,0,1.189,467.379,0.717,7.467,4.26
06/08/2019 08:00,20.713,0.075,0,1.188,546.799,0.589,8.232,5.185
06/08/2019 09:00,21.483,0.022,0,1.186,687.122,0.223,8.682,6.664
06/08/2019 10:00,22.15,0.004,0,1.184,752.363,0.042,8.823,7.317
06/08/2019 11:00,22.549,0.001,0,1.183,768.208,0.075,8.74,7.463
06/08/2019 12:00,22.714,0.001,0,1.182,721.957,0.49,8.474,7.003
06/08/2019 13:00,22.693,0.001,0,1.181,630.527,0.69,8.167,6.059
06/08/2019 14:00,22.539,0.002,0,1.181,515.387,0.828,7.684,4.791
06/08/2019 15:00,22.191,0.004,0,1.181,329.267,0.946,7.066,2.755
06/08/2019 16:00,21.672,0.006,0,1.181,156.214,0.921,6.313,1.092
06/08/2019 17:00,21.034,0.003,0,1.182,85.824,0.834,5.268,0.442
06/08/2019 18:00,19.69,0.003,0,1.183,19.061,0.654,4.464,0.002
07/08/2019 03:00,15.648,0.013,0,1.197,9.103,0.034,4.897,0
07/08/2019 04:00,16.655,0.013,0,1.198,90.633,0.037,4.39,0.319
07/08/2019 05:00,17.969,0.025,0,1.197,221.092,0.055,4.283,1.329
07/08/2019 06:00,19.245,0.005,0,1.193,364.436,0.038,4.46,2.998
07/08/2019 07:00,20.491,0.005,0,1.19,501.518,0.087,4.831,4.625
07/08/2019 08:00,21.43,0.021,0,1.186,617.015,0.316,4.875,5.922
07/08/2019 09:00,21.972,0.043,0,1.184,688.549,0.268,4.867,6.684
07/08/2019 10:00,22.248,0.065,0,1.183,710.31,0.29,5.064,6.902
07/08/2019 11:00,22.393,0.081,0,1.182,679.583,0.485,5.232,6.569
07/08/2019 12:00,22.341,0.078,0,1.181,593.58,0.331,5.254,5.643
07/08/2019 13:00,22.224,0.087,0,1.18,515.622,0.245,5.321,4.801
07/08/2019 14:00,22.019,0.108,0,1.179,424.007,0.344,5.508,3.806
07/08/2019 15:00,21.568,0.137,0,1.18,293.88,0.553,5.826,2.419
07/08/2019 16:00,20.809,0.142,0,1.182,162.239,0.814,6.085,1.148
07/08/2019 17:00,19.936,0.141,0,1.185,70.486,0.829,5.888,0.357
07/08/2019 18:00,18.929,0.135,0,1.187,15.82,0.794,5.46,0
08/08/2019 03:00,15.712,0.073,0,1.198,8.328,0.059,6.212,0
08/08/2019 04:00,16.692,0.088,0,1.198,88.622,0.078,6.297,0.317
08/08/2019 05:00,17.502,0.078,0,1.197,211.807,0.108,6.484,1.303
08/08/2019 06:00,18.309,0.061,0,1.195,336.129,0.154,6.58,2.769
08/08/2019 07:00,19.352,0.071,0,1.193,435.229,0.216,6.681,3.953
08/08/2019 08:00,20.252,0.085,0,1.19,504.621,0.267,6.929,4.718
08/08/2019 09:00,20.786,0.163,0,1.188,550.886,0.308,7.165,5.18
08/08/2019 10:00,20.992,0.217,0,1.187,547.277,0.357,7.437,5.09
08/08/2019 11:00,21.101,0.234,0,1.187,524.311,0.384,7.718,4.813
08/08/2019 12:00,21.211,0.21,0,1.186,489.374,0.354,7.863,4.449
08/08/2019 13:00,21.336,0.157,0,1.185,467.152,0.273,8.021,4.254
08/08/2019 14:00,21.371,0.104,0,1.184,424.91,0.218,8.217,3.831
08/08/2019 15:00,21.151,0.062,0,1.184,334.254,0.261,8.382,2.831
08/08/2019 16:00,20.62,0.055,0,1.186,207.719,0.395,8.355,1.498
08/08/2019 17:00,19.817,0.071,0,1.188,90.836,0.381,7.866,0.46
08/08/2019 18:00,18.821,0.095,0,1.191,15.118,0.271,7.419,0
09/08/2019 03:00,15.585,0.028,0,1.207,6.884,0.337,7.076,0
09/08/2019 04:00,16.055,0.031,0,1.208,78.34,0.24,6.85,0.306
09/08/2019 05:00,16.755,0.013,0,1.207,211.16,0.12,6.647,1.301
09/08/2019 06:00,17.765,0.004,0,1.204,366.288,0.028,6.175,3.065
09/08/2019 07:00,18.971,0.001,0,1.201,517.681,0.009,5.573,4.863
09/08/2019 08:00,20.162,0.001,0,1.197,637.835,0.007,5.129,6.214
09/08/2019 09:00,21.111,0,0,1.194,722.244,0.01,4.991,7.092
09/08/2019 10:00,21.779,0,0,1.192,767.523,0.129,5.076,7.529
09/08/2019 11:00,22.183,0,0,1.19,744.419,0.799,4.888,7.259
09/08/2019 12:00,22.018,0,0,1.188,465.593,0.933,4.515,4.187
09/08/2019 13:00,21.783,0,0,1.188,325.335,0.943,4.036,2.723
09/08/2019 14:00,21.705,0,0,1.188,283.389,0.962,3.347,2.325
09/08/2019 15:00,21.616,0,0,1.188,237.866,0.974,2.968,1.882
09/08/2019 16:00,21.153,0,0,1.188,127.197,0.974,3.36,0.866
09/08/2019 17:00,20.321,0,0,1.19,53.221,0.96,4.139,0.245
09/08/2019 18:00,19.081,0,0,1.194,8.234,0.954,4.752,0
10/08/2019 03:00,18.501,0.365,0,1.191,1.312,0.957,8.889,0
10/08/2019 04:00,18.601,1.171,0,1.19,25.682,0.806,8.803,0.054
10/08/2019 05:00,18.775,2.961,0,1.189,58.666,0.911,8.546,0.306
10/08/2019 06:00,19.052,1.544,0,1.189,109.315,0.677,7.795,0.739
10/08/2019 07:00,19.792,0.281,0,1.186,300.212,0.206,7.51,2.52
10/08/2019 08:00,21.36,0.091,0,1.181,584.133,0.065,6.45,5.601
10/08/2019 09:00,22.862,0.048,0,1.174,692.733,0.023,5.924,6.75
10/08/2019 10:00,23.895,0.047,0,1.17,749.804,0.034,6.737,7.295
10/08/2019 11:00,24.363,0.053,0,1.169,733.61,0.095,7.843,7.12
10/08/2019 12:00,24.254,0.06,0,1.17,661.992,0.183,8.644,6.394
10/08/2019 13:00,23.801,0.057,0,1.172,591.043,0.086,9.091,5.66
10/08/2019 14:00,23.316,0.05,0,1.175,491.723,0.091,9.201,4.581
10/08/2019 15:00,22.832,0.11,0,1.176,363.198,0.13,9.181,3.128
10/08/2019 16:00,21.994,0.154,0,1.179,219.143,0.126,8.845,1.572
10/08/2019 17:00,20.973,0.11,0,1.183,101.128,0.08,8.087,0.468
10/08/2019 18:00,19.854,0.032,0,1.188,15.76,0.029,7.294,0
11/08/2019 03:00,18.054,0.004,0,1.197,4.934,0.038,8.934,0
11/08/2019 04:00,18.161,0.003,0,1.198,79.778,0.024,8.961,0.253
11/08/2019 05:00,18.758,0.004,0,1.198,212.485,0.019,9.895,1.261
11/08/2019 06:00,19.375,0.004,0,1.197,359.85,0.015,10.408,3.023
11/08/2019 07:00,19.954,0.002,0,1.196,503.854,0.012,10.711,4.771
11/08/2019 08:00,20.507,0.002,0,1.195,626.784,0.057,11.008,6.174
11/08/2019 09:00,20.995,0.002,0,1.194,706.715,0.373,11.226,7.028
11/08/2019 10:00,21.496,0.001,0,1.192,739.807,0.346,11.22,7.362
11/08/2019 11:00,21.948,0.001,0,1.19,755.23,0.108,11.043,7.501
11/08/2019 12:00,22.259,0.001,0,1.189,720.867,0.42,10.668,7.141
11/08/2019 13:00,22.291,0.001,0,1.188,587.931,0.814,10.134,5.741
11/08/2019 14:00,22.091,0,0,1.188,428.061,0.357,9.244,3.973
11/08/2019 15:00,21.974,0,0,1.188,401.815,0.033,8.743,3.567
11/08/2019 16:00,21.555,0,0,1.188,254.591,0.676,8.06,1.825
11/08/2019 17:00,20.811,0,0,1.19,74.061,0.88,7.169,0.347
11/08/2019 18:00,19.781,0,0,1.192,11.388,0.689,6.211,0
12/08/2019 03:00,16.998,0.032,0,1.198,3.594,0.262,6.47,0
12/08/2019 04:00,17.805,0.043,0,1.199,66.463,0.236,6.71,0.243
12/08/2019 05:00,18.808,0.046,0,1.198,189.714,0.061,6.572,1.163
12/08/2019 06:00,19.871,0.013,0,1.195,350.825,0.023,7.186,2.949
12/08/2019 07:00,20.636,0.005,0,1.194,498.105,0.01,7.57,4.72
12/08/2019 08:00,21.086,0.004,0,1.194,619.094,0.008,7.856,6.105
12/08/2019 09:00,21.407,0.003,0,1.193,702.774,0.012,8.278,7.002
12/08/2019 10:00,21.671,0.004,0,1.193,749.723,0.014,8.546,7.478
12/08/2019 11:00,21.867,0.009,0,1.192,751.797,0.019,8.648,7.497
12/08/2019 12:00,21.997,0.009,0,1.19,706.837,0.025,8.561,7.043
12/08/2019 13:00,22.024,0.008,0,1.189,621.063,0.03,8.436,6.141
12/08/2019 14:00,21.883,0.004,0,1.189,507.015,0.031,8.218,4.871
12/08/2019 15:00,21.553,0.001,0,1.189,369.347,0.088,8.017,3.266
12/08/2019 16:00,21.034,0.001,0,1.19,220.233,0.069,7.795,1.584
12/08/2019 17:00,20.284,0,0,1.192,96.609,0.07,7.039,0.408
12/08/2019 18:00,18.893,0,0,1.195,12.617,0.027,6.106,0
13/08/2019 03:00,15.242,0.169,0,1.208,1.874,0.782,5.605,0
13/08/2019 04:00,15.674,0.506,0,1.209,25.815,0.905,5.618,0.058
13/08/2019 05:00,16.082,0.939,0,1.209,62.109,0.927,5.703,0.341
13/08/2019 06:00,16.174,0.8,0,1.21,116.62,0.915,5.745,0.814
13/08/2019 07:00,16.224,0.438,0,1.21,175.536,0.707,5.69,1.349
13/08/2019 08:00,16.665,0.402,0,1.21,369.546,0.463,5.677,3.207
13/08/2019 09:00,17.177,0.345,0,1.209,448.211,0.412,5.948,4.013
13/08/2019 10:00,17.492,0.31,0,1.208,483.465,0.553,6.346,4.331
13/08/2019 11:00,17.281,0.288,0,1.208,318.621,0.709,6.623,2.658
13/08/2019 12:00,16.928,0.25,0,1.21,247.238,0.688,6.781,1.996
13/08/2019 13:00,16.862,0.244,0,1.21,302.062,0.615,6.894,2.516
13/08/2019 14:00,16.716,0.169,0,1.211,247.095,0.658,7.112,2.008
13/08/2019 15:00,16.532,0.104,0,1.211,160.261,0.664,7.451,1.207
13/08/2019 16:00,16.379,0.073,0,1.212,135.929,0.577,7.57,0.967
13/08/2019 17:00,16.062,0.026,0,1.212,53.228,0.658,7.145,0.253
13/08/2019 18:00,15.578,0.021,0,1.212,7.086,0.409,6.704,0
14/08/2019 03:00,12.914,0.028,0,1.221,2.739,0.389,6.167,0
14/08/2019 04:00,13.808,0.046,0,1.221,59.357,0.414,6.237,0.227
14/08/2019 05:00,14.829,0.09,0,1.221,175.44,0.24,6.444,1.13
14/08/2019 06:00,15.427,0.088,0,1.22,316.603,0.251,6.462,2.709
14/08/2019 07:00,16.023,0.098,0,1.219,419.775,0.213,6.379,3.979
14/08/2019 08:00,16.63,0.121,0,1.217,537.056,0.155,6.358,5.332
14/08/2019 09:00,17.14,0.146,0,1.215,587.268,0.198,6.481,5.866
14/08/2019 10:00,17.483,0.131,0,1.214,589.237,0.24,6.722,5.832
14/08/2019 11:00,17.798,0.097,0,1.213,576.942,0.228,6.909,5.669
14/08/2019 12:00,18.146,0.056,0,1.211,573.643,0.183,7.096,5.66
14/08/2019 13:00,18.456,0.033,0,1.209,533.704,0.146,7.268,5.246
14/08/2019 14:00,18.593,0.017,0,1.208,448.682,0.131,7.325,4.289
14/08/2019 15:00,18.505,0.007,0,1.207,333.677,0.119,7.306,2.951
14/08/2019 16:00,18.192,0.003,0,1.207,208.602,0.152,7.157,1.531
14/08/2019 17:00,17.544,0.002,0,1.208,80.548,0.2,6.623,0.371
14/08/2019 18:00,16.14,0.002,0,1.209,9.259,0.065,5.923,0
15/08/2019 03:00,14.833,0.037,0,1.209,1.303,0.975,5.607,0
15/08/2019 04:00,15.632,0.034,0,1.207,28.234,0.975,5.867,0.074
15/08/2019 05:00,16.731,0.026,0,1.206,87.326,0.974,6.054,0.544
15/08/2019 06:00,17.473,0.037,0,1.205,155.631,0.986,6.181,1.153
15/08/2019 07:00,17.949,0.079,0,1.203,182.668,0.982,6.485,1.4
15/08/2019 08:00,18.226,0.091,0,1.202,202.186,0.988,6.609,1.572
15/08/2019 09:00,18.322,0.074,0,1.202,216.16,0.986,7.195,1.696
15/08/2019 10:00,18.57,0.051,0,1.201,266.419,0.983,8.13,2.146
15/08/2019 11:00,18.816,0.033,0,1.199,294.285,0.976,8.907,2.401
15/08/2019 12:00,18.933,0.04,0,1.199,323.642,0.917,9.136,2.678
15/08/2019 13:00,18.603,0.095,0,1.199,274,0.824,9.083,2.227
15/08/2019 14:00,17.934,0.266,0,1.201,185.381,0.822,8.811,1.425
15/08/2019 15:00,17.44,0.434,0,1.202,117.681,0.886,8.222,0.821
15/08/2019 16:00,17.188,0.344,0,1.202,77.931,0.933,7.403,0.473
15/08/2019 17:00,16.972,0.191,0,1.202,30.676,0.983,6.759,0.093
15/08/2019 18:00,16.85,0.152,0,1.201,2.35,0.988,6.699,0
16/08/2019 03:00,15.28,0.029,0,1.205,1.899,0.036,6.137,0
16/08/2019 04:00,15.885,0.037,0,1.206,66.476,0.052,6.27,0.207
16/08/2019 05:00,16.574,0.068,0,1.206,193.581,0.064,6.293,1.199
16/08/2019 06:00,17.172,0.062,0,1.205,332.358,0.055,6.216,2.881
16/08/2019 07:00,18.093,0.084,0,1.203,476.736,0.05,6.225,4.636
16/08/2019 08:00,19.138,0.091,0,1.201,589.798,0.043,6.347,5.937
16/08/2019 09:00,19.914,0.09,0,1.198,662.97,0.053,6.338,6.716
16/08/2019 10:00,20.342,0.1,0,1.197,683.988,0.22,6.287,6.912
16/08/2019 11:00,20.586,0.103,0,1.196,662.639,0.713,6.35,6.65
16/08/2019 12:00,20.539,0.11,0,1.196,563.584,0.794,6.313,5.516
16/08/2019 13:00,20.347,0.096,0,1.196,449.197,0.472,6.202,4.216
16/08/2019 14:00,20.129,0.079,0,1.196,389.963,0.347,6.205,3.58
16/08/2019 15:00,19.788,0.043,0,1.197,264.226,0.566,6.089,2.21
16/08/2019 16:00,19.402,0.013,0,1.198,138.406,0.912,5.684,0.969
16/08/2019 17:00,18.77,0.004,0,1.199,47.09,0.958,4.966,0.196
16/08/2019 18:00,17.774,0.001,0,1.201,3.842,0.966,4.778,0
17/08/2019 03:00,16.688,0.056,0,1.203,0.538,0.941,7.279,0
17/08/2019 04:00,16.933,0.077,0,1.202,31.577,0.855,7.394,0.094
17/08/2019 05:00,17.415,0.137,0,1.201,96.743,0.959,7.383,0.617
17/08/2019 06:00,17.8,0.266,0,1.199,127.362,0.975,7.755,0.903
17/08/2019 07:00,17.791,0.469,0,1.199,119.782,0.977,7.748,0.84
17/08/2019 08:00,17.529,0.378,0,1.201,127.172,0.98,7.728,0.906
17/08/2019 09:00,17.5,0.185,0,1.201,164.546,0.975,7.753,1.239
17/08/2019 10:00,17.929,0.119,0,1.2,267.641,0.894,8.155,2.168
17/08/2019 11:00,18.507,0.125,0,1.198,319.52,0.751,8.809,2.643
17/08/2019 12:00,18.67,0.238,0,1.196,265.759,0.744,9.097,2.148
17/08/2019 13:00,18.654,0.232,0,1.195,227.549,0.723,8.791,1.803
17/08/2019 14:00,18.816,0.119,0,1.194,207.368,0.668,8.011,1.622
17/08/2019 15:00,19.048,0.059,0,1.192,172.924,0.602,7.1,1.308
17/08/2019 16:00,19.11,0.043,0,1.191,116.882,0.466,6.218,0.795
17/08/2019 17:00,18.809,0.03,0,1.19,58.297,0.299,5.67,0.277
17/08/2019 18:00,17.868,0.022,0,1.19,5.537,0.198,5.559,0
18/08/2019 03:00,16.556,0.209,0,1.194,0.667,0.956,4.398,0
18/08/2019 04:00,16.885,0.165,0,1.194,18.569,0.98,4.472,0.011
18/08/2019 05:00,17.435,0.179,0,1.194,43.15,0.989,4.713,0.189
18/08/2019 06:00,17.755,0.217,0,1.194,72.52,0.983,4.9,0.43
18/08/2019 07:00,17.955,0.175,0,1.193,112.324,0.977,4.644,0.773
18/08/2019 08:00,18.173,0.119,0,1.193,161.348,0.979,4.565,1.205
18/08/2019 09:00,18.429,0.134,0,1.192,197.073,0.972,4.91,1.522
18/08/2019 10:00,18.851,0.354,0,1.191,274.024,0.96,5.291,2.213
18/08/2019 11:00,19.298,0.644,0,1.19,356.561,0.961,5.37,2.973
18/08/2019 12:00,19.325,0.548,0,1.19,306.487,0.966,4.582,2.508
18/08/2019 13:00,18.919,0.317,0,1.19,160.982,0.985,3.127,1.197
18/08/2019 14:00,18.519,0.571,0,1.191,105.349,0.986,2.967,0.71
18/08/2019 15:00,18.055,1.648,0,1.192,62.789,0.988,3.477,0.349
18/08/2019 16:00,17.597,2.253,0,1.193,39.127,0.985,3.441,0.159
18/08/2019 17:00,17.221,1.471,0,1.194,18.226,0.983,3.724,0.01
18/08/2019 18:00,16.728,0.48,0,1.196,1.695,0.949,5.293,0
19/08/2019 03:00,14.449,0.01,0,1.208,0.772,0.761,6.042,0
19/08/2019 04:00,15.136,0.014,0,1.207,41.942,0.87,5.881,0.133
19/08/2019 05:00,16.184,0.022,0,1.207,143.929,0.574,5.717,0.928
19/08/2019 06:00,17.04,0.032,0,1.205,327.954,0.281,6.341,2.899
19/08/2019 07:00,17.911,0.024,0,1.203,424.299,0.856,7.016,4.133
19/08/2019 08:00,18.884,0.023,0,1.2,497.022,0.772,7.589,4.964
19/08/2019 09:00,19.712,0.013,0,1.198,609.488,0.213,8.031,6.227
19/08/2019 10:00,20.297,0.009,0,1.197,701.989,0.039,8.29,7.219
19/08/2019 11:00,20.594,0.007,0,1.196,705.885,0.041,8.334,7.257
19/08/2019 12:00,20.664,0.01,0,1.197,662.887,0.049,8.251,6.806
19/08/2019 13:00,20.627,0.018,0,1.197,581.352,0.053,8.155,5.921
19/08/2019 14:00,20.516,0.016,0,1.197,469.357,0.064,8.09,4.64
19/08/2019 15:00,20.249,0.015,0,1.197,332.316,0.135,7.981,3.011
19/08/2019 16:00,19.77,0.007,0,1.198,198.448,0.063,7.551,1.453
19/08/2019 17:00,18.888,0.004,0,1.2,79.417,0.03,6.623,0.29
19/08/2019 18:00,17.264,0.002,0,1.203,4.95,0.025,6.112,0
20/08/2019 03:00,14.454,0.072,0,1.216,0.411,0.089,5.794,0
20/08/2019 04:00,15.117,0.058,0,1.216,46.693,0.101,5.83,0.146
20/08/2019 05:00,16.578,0.079,0,1.216,158.891,0.118,5.853,1.022
20/08/2019 06:00,17.438,0.078,0,1.214,284.061,0.139,6.244,2.454
20/08/2019 07:00,18.312,0.06,0,1.212,400.832,0.151,6.736,3.847
20/08/2019 08:00,19.048,0.042,0,1.211,500.306,0.152,7.173,4.991
20/08/2019 09:00,19.573,0.035,0,1.209,578.292,0.128,7.437,5.854
20/08/2019 10:00,19.988,0.035,0,1.208,638.347,0.098,7.536,6.511
20/08/2019 11:00,20.258,0.049,0,1.207,658.741,0.081,7.668,6.737
20/08/2019 12:00,20.332,0.058,0,1.207,627.085,0.102,7.723,6.404
20/08/2019 13:00,20.271,0.056,0,1.207,546.367,0.414,7.494,5.511
20/08/2019 14:00,20.102,0.047,0,1.206,422.401,0.768,7.133,4.069
20/08/2019 15:00,19.822,0.034,0,1.207,267.722,0.818,6.802,2.292
20/08/2019 16:00,19.432,0.016,0,1.207,140.403,0.828,6.17,0.989
20/08/2019 17:00,18.608,0.004,0,1.208,53.6,0.848,5.274,0.221
20/08/2019 18:00,17.184,0.002,0,1.21,3.504,0.869,5.042,0
21/08/2019 03:00,13.123,0.032,0,1.228,0.247,0.064,4.987,0
21/08/2019 04:00,13.707,0.044,0,1.229,44.821,0.053,5.064,0.126
21/08/2019 05:00,15.525,0.075,0,1.229,163.09,0.053,5.502,1.038
21/08/2019 06:00,16.496,0.024,0,1.227,300.401,0.054,6.231,2.672
21/08/2019 07:00,17.241,0.016,0,1.226,439.551,0.045,6.567,4.396
21/08/2019 08:00,17.898,0.015,0,1.225,562.772,0.037,6.838,5.85
21/08/2019 09:00,18.429,0.02,0,1.223,648.185,0.04,7.004,6.791
21/08/2019 10:00,18.816,0.023,0,1.222,689.002,0.048,7.057,7.212
21/08/2019 11:00,19.044,0.018,0,1.221,690.883,0.051,7.016,7.222
21/08/2019 12:00,19.103,0.011,0,1.221,649.936,0.049,6.894,6.787
21/08/2019 13:00,19.141,0.003,0,1.22,576.698,0.045,6.661,5.983
21/08/2019 14:00,19.146,0.001,0,1.22,473.181,0.036,6.318,4.786
21/08/2019 15:00,18.988,0,0,1.219,348.347,0.037,5.977,3.262
21/08/2019 16:00,18.59,0,0,1.22,204.874,0.025,5.582,1.522
21/08/2019 17:00,17.462,0,0,1.221,76.737,0.005,4.724,0.243
21/08/2019 18:00,15.76,0,0,1.223,3.55,0.002,4.274,0
22/08/2019 03:00,13.345,0,0,1.229,0.148,0.899,5.06,0
22/08/2019 04:00,14.152,0.003,0,1.228,34.062,0.928,5.449,0.093
22/08/2019 05:00,16.052,0.004,0,1.228,113.054,0.928,5.751,0.73
22/08/2019 06:00,17.517,0.002,0,1.225,263.748,0.824,6.188,2.268
22/08/2019 07:00,18.658,0,0,1.222,440.937,0.932,6.525,4.375
22/08/2019 08:00,19.46,0,0,1.22,555.385,0.946,6.644,5.718
22/08/2019 09:00,20.015,0,0,1.218,640.364,0.803,6.913,6.642
22/08/2019 10:00,20.442,0,0,1.216,677.101,0.72,7.345,7.006
22/08/2019 11:00,20.729,0,0,1.214,655.895,0.773,7.607,6.74
22/08/2019 12:00,20.829,0,0,1.212,574.301,0.904,7.523,5.784
22/08/2019 13:00,20.815,0,0,1.211,437.345,0.969,7.207,4.134
22/08/2019 14:00,20.583,0,0,1.209,244.262,0.982,6.806,2.024
22/08/2019 15:00,20.593,0,0,1.208,247.437,0.904,6.418,2.075
22/08/2019 16:00,20.305,0,0,1.207,169.621,0.648,5.876,1.23
22/08/2019 17:00,19.261,0,0,1.208,59.14,0.401,5.602,0.23
22/08/2019 18:00,17.991,0,0,1.21,2.272,0.235,5.84,0
23/08/2019 03:00,14.733,0,0,1.221,0.05,0.927,4.952,0
23/08/2019 04:00,15.273,0,0,1.221,33.152,0.951,5.233,0.085
23/08/2019 05:00,16.984,0,0,1.22,103.573,0.961,5.649,0.66
23/08/2019 06:00,17.995,0,0,1.218,155.157,0.974,5.76,1.171
23/08/2019 07:00,19.222,0,0,1.214,260.717,0.976,6.243,2.215
23/08/2019 08:00,20.437,0,0,1.21,411.252,0.963,6.962,3.89
23/08/2019 09:00,21.577,0,0,1.206,603.707,0.926,7.37,6.162
23/08/2019 10:00,22.297,0,0,1.203,648.855,0.933,7.586,6.639
23/08/2019 11:00,22.601,0,0,1.201,620.777,0.893,7.633,6.302
23/08/2019 12:00,22.818,0,0,1.2,618.782,0.815,7.527,6.312
23/08/2019 13:00,22.929,0.001,0,1.198,570.848,0.692,7.296,5.82
23/08/2019 14:00,22.863,0.002,0,1.197,462.513,0.661,6.964,4.592
23/08/2019 15:00,22.549,0.005,0,1.197,318.508,0.764,6.546,2.886
23/08/2019 16:00,22.039,0.004,0,1.197,176.918,0.897,5.889,1.282
23/08/2019 17:00,21.059,0.002,0,1.199,58.888,0.922,4.992,0.217
23/08/2019 18:00,19.543,0,0,1.201,1.936,0.898,4.64,0
24/08/2019 03:00,15.544,0,0,1.223,0.013,0.944,3.35,0
24/08/2019 04:00,15.422,0.001,0,1.225,38.776,0.93,3.573,0.082
24/08/2019 05:00,16.71,0.001,0,1.225,153.777,0.858,3.809,0.976
24/08/2019 06:00,18.233,0,0,1.221,295.956,0.648,3.622,2.677
24/08/2019 07:00,20.04,0,0,1.215,442.51,0.378,3.225,4.478
24/08/2019 08:00,21.055,0,0,1.211,572.838,0.099,3.023,5.989
24/08/2019 09:00,21.967,0,0,1.208,662.215,0.014,2.903,6.94
24/08/2019 10:00,22.811,0,0,1.205,710.953,0.003,2.74,7.415
24/08/2019 11:00,23.529,0,0,1.202,716.38,0.002,2.621,7.444
24/08/2019 12:00,24.022,0,0,1.199,678.313,0.015,2.582,7.042
24/08/2019 13:00,24.294,0,0,1.197,600.436,0.053,2.643,6.211
24/08/2019 14:00,24.251,0,0,1.195,488.495,0.052,2.773,4.951
24/08/2019 15:00,23.887,0,0,1.195,352.961,0.071,2.974,3.321
24/08/2019 16:00,23.184,0,0,1.195,206.483,0.048,3.226,1.521
24/08/2019 17:00,21.524,0,0,1.197,70.491,0.019,3.444,0.182
24/08/2019 18:00,19.547,0,0,1.201,1.705,0.013,3.94,0
25/08/2019 03:00,15.987,0.022,0,1.215,0.002,0.16,5.643,0
25/08/2019 04:00,16.585,0.027,0,1.214,37.197,0.11,5.65,0.068
25/08/2019 05:00,18.542,0.016,0,1.212,159.449,0.064,5.608,1
25/08/2019 06:00,19.676,0.002,0,1.21,304.728,0.032,5.022,2.782
25/08/2019 07:00,21.167,0,0,1.204,445.515,0.006,4.698,4.525
25/08/2019 08:00,22.706,0,0,1.198,565.752,0.002,4.839,5.898
25/08/2019 09:00,24.039,0,0,1.193,653.899,0,5.199,6.814
25/08/2019 10:00,24.81,0,0,1.189,705.021,0,5.643,7.312
25/08/2019 11:00,25.088,0,0,1.188,713.082,0,6,7.385
25/08/2019 12:00,25.085,0,0,1.188,676.214,0,6.197,7.016
25/08/2019 13:00,24.889,0,0,1.188,598.523,0,6.186,6.206
25/08/2019 14:00,24.541,0,0,1.189,485.999,0,6.029,4.948
25/08/2019 15:00,23.988,0,0,1.19,348.358,0,5.931,3.294
25/08/2019 16:00,23.045,0,0,1.192,199.884,0.001,5.788,1.476
25/08/2019 17:00,21.29,0,0,1.197,64.654,0.003,5.707,0.173
25/08/2019 18:00,19.566,0,0,1.202,1.165,0.008,6.306,0
26/08/2019 04:00,17.263,0.009,0,1.211,31.462,0.029,5.326,0.045
26/08/2019 05:00,18.735,0.005,0,1.211,146.823,0.014,5.517,0.93
26/08/2019 06:00,19.69,0,0,1.209,291.265,0.008,5.199,2.654
26/08/2019 07:00,21.142,0,0,1.203,432.536,0.007,4.908,4.398
26/08/2019 08:00,23.169,0,0,1.195,556.08,0.001,5.227,5.801
26/08/2019 09:00,24.51,0,0,1.189,643.53,0.001,5.682,6.712
26/08/2019 10:00,25.194,0,0,1.187,692.776,0.001,5.842,7.195
26/08/2019 11:00,25.46,0,0,1.185,698.132,0,5.806,7.24
26/08/2019 12:00,25.525,0,0,1.185,657.231,0,5.7,6.821
26/08/2019 13:00,25.42,0,0,1.184,578.724,0.001,5.594,5.991
26/08/2019 14:00,25.131,0,0,1.184,466.888,0.003,5.522,4.733
26/08/2019 15:00,24.63,0,0,1.184,331.951,0.023,5.571,3.115
26/08/2019 16:00,23.742,0,0,1.186,188.266,0.05,5.582,1.382
26/08/2019 17:00,21.98,0,0,1.191,58.485,0.062,5.495,0.164
26/08/2019 18:00,20.25,0,0,1.197,0.778,0.291,5.993,0
27/08/2019 04:00,18.392,0.03,0,1.204,27.096,0.188,5.576,0.032
27/08/2019 05:00,19.556,0.019,0,1.204,132.486,0.146,5.669,0.843
27/08/2019 06:00,20.462,0.003,0,1.201,266.304,0.124,5.381,2.377
27/08/2019 07:00,21.903,0,0,1.195,398.593,0.107,5.289,3.979
27/08/2019 08:00,23.652,0.01,0,1.188,510.546,0.108,5.556,5.255
27/08/2019 09:00,25.03,0.033,0,1.181,580.952,0.116,6,5.986
27/08/2019 10:00,26.091,0.036,0,1.177,630.35,0.258,6.494,6.476
27/08/2019 11:00,26.633,0.028,0,1.174,635.893,0.312,6.904,6.515
27/08/2019 12:00,26.723,0.016,0,1.173,593.782,0.426,7.083,6.063
27/08/2019 13:00,26.581,0.009,0,1.173,517.959,0.423,7.044,5.24
27/08/2019 14:00,26.347,0.002,0,1.173,417.789,0.307,6.947,4.109
27/08/2019 15:00,25.846,0.001,0,1.173,293.751,0.148,6.905,2.655
27/08/2019 16:00,24.796,0,0,1.177,165.004,0.143,6.813,1.185
27/08/2019 17:00,23.172,0,0,1.183,47.935,0.173,6.808,0.145
27/08/2019 18:00,21.708,0,0,1.19,0.444,0.242,7.361,0
28/08/2019 04:00,20.124,0.102,0,1.193,11.372,0.882,6.224,0
28/08/2019 05:00,20.447,0.098,0,1.193,55.534,0.843,6.068,0.281
28/08/2019 06:00,20.886,0.173,0,1.191,116.634,0.839,5.652,0.805
28/08/2019 07:00,21.4,0.243,0,1.189,165.524,0.864,5.174,1.24
28/08/2019 08:00,21.917,0.311,0,1.186,187.062,0.89,4.779,1.424
28/08/2019 09:00,22.247,0.413,0,1.185,187.955,0.888,4.418,1.425
28/08/2019 10:00,22.455,0.577,0,1.184,191.507,0.868,4.174,1.452
28/08/2019 11:00,22.725,0.573,0,1.182,199.914,0.83,3.937,1.525
28/08/2019 12:00,22.875,0.339,0,1.182,216.317,0.715,3.966,1.676
28/08/2019 13:00,23.406,0.203,0,1.179,297.335,0.411,4.194,2.457
28/08/2019 14:00,23.991,0.148,0,1.176,315.487,0.374,4.3,2.716
28/08/2019 15:00,23.942,0.108,0,1.174,206.152,0.333,4.359,1.63
28/08/2019 16:00,23.418,0.084,0,1.175,128.904,0.24,4.399,0.886
28/08/2019 17:00,22.165,0.06,0,1.177,36.683,0.175,4.543,0.115
28/08/2019 18:00,21.016,0.024,0,1.18,0.224,0.159,5.007,0
29/08/2019 04:00,18.921,0.007,0,1.194,12.925,0.971,5.064,0
29/08/2019 05:00,19.653,0.013,0,1.195,60.843,0.981,5.332,0.323
29/08/2019 06:00,20.176,0.021,0,1.194,119.485,0.979,5.245,0.839
29/08/2019 07:00,20.952,0.036,0,1.192,194.953,0.951,5.318,1.54
29/08/2019 08:00,21.744,0.031,0,1.19,304.817,0.762,5.248,2.639
29/08/2019 09:00,22.565,0.024,0,1.188,463.469,0.624,4.917,4.425
29/08/2019 10:00,23.193,0.034,0,1.185,452.858,0.494,4.811,4.243
29/08/2019 11:00,23.685,0.051,0,1.183,519.079,0.218,5.118,5.062
29/08/2019 12:00,23.999,0.093,0,1.182,555.115,0.116,5.752,5.608
29/08/2019 13:00,24.04,0.108,0,1.181,500.625,0.176,6.311,5.039
29/08/2019 14:00,23.744,0.093,0,1.181,343.851,0.276,6.613,3.19
29/08/2019 15:00,23.389,0.068,0,1.182,257.666,0.193,6.662,2.247
29/08/2019 16:00,22.924,0.022,0,1.184,147.751,0.105,6.418,1.056
29/08/2019 17:00,21.908,0.018,0,1.187,41.542,0.07,5.954,0.124
29/08/2019 18:00,20.651,0.01,0,1.191,0.119,0.036,6.172,0
30/08/2019 04:00,15.792,0.001,0,1.217,23.867,0.886,3.826,0.007
30/08/2019 05:00,17.173,0.001,0,1.218,136.125,0.939,3.475,0.886
30/08/2019 06:00,18.195,0.002,0,1.216,273.395,0.939,3.505,2.563
30/08/2019 07:00,19.213,0.003,0,1.214,377.62,0.943,4.032,3.842
30/08/2019 08:00,20.026,0.002,0,1.211,431.387,0.941,4.601,4.378
30/08/2019 09:00,20.647,0.003,0,1.209,473.385,0.943,5.116,4.759
30/08/2019 10:00,21.163,0.002,0,1.207,500.778,0.945,5.576,5.009
30/08/2019 11:00,21.559,0.002,0,1.205,498.454,0.946,5.879,4.958
30/08/2019 12:00,21.851,0.001,0,1.203,485.927,0.94,5.941,4.867
30/08/2019 13:00,22.12,0,0,1.201,481.669,0.883,5.795,4.953
30/08/2019 14:00,22.187,0,0,1.2,417.023,0.734,5.575,4.268
30/08/2019 15:00,21.984,0,0,1.199,298.944,0.497,5.315,2.842
30/08/2019 16:00,21.47,0,0,1.2,162.204,0.421,5.011,1.202
30/08/2019 17:00,20.128,0,0,1.202,40.427,0.551,4.636,0.106
30/08/2019 18:00,18.859,0,0,1.204,0.04,0.606,4.822,0
31/08/2019 04:00,17.517,0.017,0,1.203,15.788,0.814,4.685,0
31/08/2019 05:00,19.074,0.018,0,1.202,108.01,0.592,4.844,0.684
31/08/2019 06:00,20.512,0.004,0,1.199,254.038,0.473,5.042,2.333
31/08/2019 07:00,21.993,0,0,1.194,397.259,0.396,5.074,4.108
31/08/2019 08:00,23.385,0,0,1.188,516.995,0.331,5.16,5.502
31/08/2019 09:00,24.249,0,0,1.184,596.706,0.223,5.32,6.356
31/08/2019 10:00,24.804,0,0,1.181,643.036,0.045,5.543,6.823
31/08/2019 11:00,25.142,0,0,1.178,644.704,0.002,5.736,6.822
31/08/2019 12:00,25.285,0,0,1.177,603.732,0.001,5.821,6.381
31/08/2019 13:00,25.283,0,0,1.175,527.426,0.001,5.794,5.544
31/08/2019 14:00,25.159,0,0,1.173,418.901,0.002,5.723,4.29
31/08/2019 15:00,24.854,0,0,1.172,288.856,0.003,5.666,2.715
31/08/2019 16:00,24.122,0,0,1.173,152.216,0.002,5.627,1.105
31/08/2019 17:00,22.765,0,0,1.176,36.656,0.004,5.742,0.084
31/08/2019 18:00,21.618,0.003,0,1.18,0.01,0.023,6.252,0
01/09/2019 04:00,20.219,0.035,0,1.18,16.326,0.111,7.212,0
01/09/2019 05:00,20.73,0.031,0,1.18,109.261,0.337,6.588,0.7
01/09/2019 06:00,21.324,0.044,0,1.179,175.946,0.74,5.743,1.387
01/09/2019 07:00,21.725,0.085,0,1.178,229.733,0.885,5.407,1.897
01/09/2019 08:00,21.816,0.198,0,1.18,321.512,0.851,5.418,2.822
01/09/2019 09:00,21.884,0.264,0,1.181,387.92,0.774,6.088,3.488
01/09/2019 10:00,21.675,0.227,0,1.183,333.758,0.808,6.888,2.847
01/09/2019 11:00,21.138,0.174,0,1.187,291.528,0.88,7.536,2.421
01/09/2019 12:00,20.774,0.061,0,1.19,328.491,0.957,7.772,2.818
01/09/2019 13:00,20.606,0.032,0,1.192,337.897,0.969,7.668,2.973
01/09/2019 14:00,20.119,0.017,0,1.194,197.278,0.969,7.475,1.56
01/09/2019 15:00,19.456,0.007,0,1.197,107.802,0.968,7.253,0.738
01/09/2019 16:00,18.879,0.003,0,1.199,63.339,0.953,6.902,0.352
01/09/2019 17:00,18.239,0.002,0,1.202,20.193,0.941,6.306,0.018
02/09/2019 04:00,14.537,0.026,0,1.219,15.637,0.119,7.113,0
02/09/2019 05:00,15.336,0.032,0,1.22,111.853,0.144,7.339,0.734
02/09/2019 06:00,15.978,0.026,0,1.219,234.018,0.184,7.852,2.177
02/09/2019 07:00,16.537,0.026,0,1.219,341.544,0.244,8.119,3.489
02/09/2019 08:00,16.935,0.024,0,1.219,415.794,0.299,8.276,4.317
02/09/2019 09:00,17.27,0.037,0,1.218,467.693,0.315,8.347,4.853
02/09/2019 10:00,17.572,0.036,0,1.218,504.16,0.281,8.3,5.25
02/09/2019 11:00,17.9,0.027,0,1.217,539.585,0.204,8.115,5.722
02/09/2019 12:00,18.298,0.016,0,1.216,544.886,0.143,7.88,5.873
02/09/2019 13:00,18.608,0.01,0,1.214,503.398,0.098,7.665,5.46
02/09/2019 14:00,18.66,0.011,0,1.213,412.723,0.091,7.398,4.401
02/09/2019 15:00,18.4,0.003,0,1.213,284.432,0.106,7.088,2.795
02/09/2019 16:00,17.889,0,0,1.214,152.01,0.366,6.773,1.156
02/09/2019 17:00,16.748,0,0,1.216,33.271,0.392,6.34,0.065
03/09/2019 04:00,14.649,0.168,0,1.223,6.571,0.459,7.754,0
03/09/2019 05:00,15.156,0.269,0,1.222,86.841,0.392,8.468,0.547
03/09/2019 06:00,15.459,0.691,0,1.222,171.024,0.794,9.52,1.383
03/09/2019 07:00,15.142,1.17,0,1.223,128.683,0.952,9.973,0.949
03/09/2019 08:00,15.327,1.237,0,1.222,164.677,0.918,10.028,1.275
03/09/2019 09:00,15.903,1.006,0,1.218,206.921,0.775,9.991,1.663
03/09/2019 10:00,16.788,0.722,0,1.214,252.888,0.701,9.666,2.089
03/09/2019 11:00,17.74,0.308,0,1.209,258.933,0.68,9.021,2.14
03/09/2019 12:00,18.537,0.199,0,1.205,280.162,0.578,8.542,2.358
03/09/2019 13:00,19.254,0.167,0,1.202,321.829,0.385,8.309,2.858
03/09/2019 14:00,19.699,0.107,0,1.2,336.399,0.316,8.245,3.179
03/09/2019 15:00,19.571,0.081,0,1.2,204.336,0.384,8.066,1.715
03/09/2019 16:00,19.048,0.059,0,1.201,115.623,0.257,7.565,0.807
03/09/2019 17:00,18.093,0.032,0,1.204,27.737,0.127,7.212,0.049
04/09/2019 04:00,13.642,0.013,0,1.218,11.098,0.938,4.988,0
04/09/2019 05:00,15.337,0.021,0,1.216,72.684,0.92,5.289,0.43
04/09/2019 06:00,16.6,0.054,0,1.214,181.363,0.889,6.001,1.518
04/09/2019 07:00,17.292,0.072,0,1.211,232.551,0.948,6.605,2.02
04/09/2019 08:00,17.957,0.066,0,1.208,290.68,0.953,7.166,2.579
04/09/2019 09:00,18.342,0.092,0,1.207,299.761,0.954,7.529,2.629
04/09/2019 10:00,18.816,0.1,0,1.205,464.085,0.952,7.898,4.586
04/09/2019 11:00,19.189,0.037,0,1.204,550.89,0.937,8.192,5.796
04/09/2019 12:00,19.167,0.023,0,1.204,516.627,0.81,8.454,5.431
04/09/2019 13:00,18.978,0.014,0,1.203,436.732,0.896,8.712,4.488
04/09/2019 14:00,18.858,0.02,0,1.202,336.344,0.96,8.701,3.274
04/09/2019 15:00,18.666,0.008,0,1.2,160.69,0.978,8.256,1.262
04/09/2019 16:00,18.511,0.008,0,1.198,56.559,0.982,7.449,0.298
04/09/2019 17:00,18.218,0.06,0,1.197,11.367,0.982,7.131,0
05/09/2019 04:00,13.577,0.004,0,1.212,11.367,0.035,6.666,0
05/09/2019 05:00,14.564,0.01,0,1.212,109.823,0.086,6.964,0.739
05/09/2019 06:00,15.334,0.021,0,1.211,235.522,0.12,7.466,2.295
05/09/2019 07:00,16.088,0.07,0,1.21,355.42,0.142,8.219,3.81
05/09/2019 08:00,16.635,0.152,0,1.209,441.179,0.219,8.912,4.793
05/09/2019 09:00,16.848,0.191,0,1.208,461.334,0.268,9.492,4.874
05/09/2019 10:00,17.049,0.171,0,1.207,502.514,0.239,9.83,5.321
05/09/2019 11:00,17.235,0.229,0,1.206,512.857,0.317,9.758,5.416
05/09/2019 12:00,17.251,0.232,0,1.205,396.338,0.483,9.404,3.873
05/09/2019 13:00,17.266,0.107,0,1.205,322.555,0.401,9.307,3.019
05/09/2019 14:00,17.395,0.022,0,1.205,294.349,0.166,9.581,2.813
05/09/2019 15:00,17.187,0.007,0,1.207,257.21,0.102,9.824,2.503
05/09/2019 16:00,16.38,0.008,0,1.211,127.838,0.305,9.906,0.955
05/09/2019 17:00,15.268,0.009,0,1.216,18.729,0.279,9.917,0.001
06/09/2019 04:00,11.846,0.001,0,1.236,9.901,0.119,7.512,0
06/09/2019 05:00,12.957,0.015,0,1.235,102.791,0.709,7.244,0.696
06/09/2019 06:00,13.901,0.054,0,1.233,169.379,0.976,7.597,1.422
06/09/2019 07:00,14.392,0.092,0,1.231,206.334,0.975,8.191,1.755
06/09/2019 08:00,14.822,0.119,0,1.229,284.373,0.84,8.543,2.562
06/09/2019 09:00,15.511,0.131,0,1.227,430.537,0.926,8.676,4.28
06/09/2019 10:00,15.845,0.143,0,1.225,377.475,0.984,8.652,3.489
06/09/2019 11:00,15.69,0.164,0,1.224,217.089,0.969,8.375,1.771
06/09/2019 12:00,15.885,0.12,0,1.223,247.382,0.655,8.09,2.077
06/09/2019 13:00,16.419,0.143,0,1.221,374.216,0.648,8.248,3.602
06/09/2019 14:00,16.585,0.151,0,1.219,295.759,0.951,8.483,2.765
06/09/2019 15:00,16.186,0.249,0,1.22,147.925,0.982,8.297,1.146
06/09/2019 16:00,15.393,0.38,0,1.222,33.959,0.986,7.725,0.124
06/09/2019 17:00,14.771,0.321,0,1.223,4.675,0.985,7.23,0
07/09/2019 04:00,13.879,0.07,0,1.223,6.048,0.291,7.877,0
07/09/2019 05:00,14.242,0.1,0,1.223,76.859,0.185,7.535,0.474
07/09/2019 06:00,14.851,0.127,0,1.222,210.328,0.106,7.345,1.994
07/09/2019 07:00,15.564,0.097,0,1.221,347.656,0.097,7.119,3.77
07/09/2019 08:00,16.439,0.052,0,1.219,466.198,0.256,6.751,5.245
07/09/2019 09:00,17.158,0.032,0,1.218,548.176,0.504,6.405,6.184
07/09/2019 10:00,17.658,0.016,0,1.216,592.411,0.728,5.999,6.649
07/09/2019 11:00,17.993,0.007,0,1.215,568.672,0.903,5.627,6.272
07/09/2019 12:00,18.022,0.003,0,1.214,447.344,0.959,5.317,4.611
07/09/2019 13:00,17.9,0.001,0,1.214,338.845,0.979,5.055,3.233
07/09/2019 14:00,17.655,0.001,0,1.214,240.972,0.982,4.827,2.126
07/09/2019 15:00,17.294,0.002,0,1.215,146.403,0.986,4.651,1.142
07/09/2019 16:00,16.701,0.004,0,1.216,63.562,0.99,4.46,0.363
07/09/2019 17:00,15.649,0.005,0,1.218,10.149,0.99,4.398,0
08/09/2019 04:00,13.493,0.078,0,1.224,3.891,0.57,3.491,0
08/09/2019 05:00,14.007,0.071,0,1.224,58.377,0.455,3.495,0.32
08/09/2019 06:00,15.139,0.147,0,1.224,151.169,0.385,3.465,1.231
08/09/2019 07:00,15.801,0.134,0,1.223,253.823,0.382,3.508,2.356
08/09/2019 08:00,16.42,0.138,0,1.221,334.035,0.446,3.616,3.237
08/09/2019 09:00,17.012,0.094,0,1.22,405.789,0.462,3.719,4.048
08/09/2019 10:00,17.545,0.077,0,1.218,466.58,0.463,3.717,4.786
08/09/2019 11:00,18.063,0.054,0,1.216,490.871,0.456,3.661,5.113
08/09/2019 12:00,18.462,0.039,0,1.214,466.698,0.546,3.502,4.848
08/09/2019 13:00,18.613,0.021,0,1.213,381.863,0.667,3.212,3.804
08/09/2019 14:00,18.546,0.013,0,1.212,263.711,0.7,2.894,2.387
08/09/2019 15:00,18.26,0.008,0,1.212,131.721,0.668,2.652,0.988
08/09/2019 16:00,17.798,0.003,0,1.212,63.517,0.63,2.838,0.36
08/09/2019 17:00,16.695,0.002,0,1.213,11.164,0.636,3.335,0
09/09/2019 04:00,12.006,0.011,0,1.229,4.34,0.869,4.986,0
09/09/2019 05:00,12.783,0.01,0,1.23,61.435,0.896,5.144,0.35
09/09/2019 06:00,13.813,0.021,0,1.228,158.186,0.911,4.947,1.313
09/09/2019 07:00,15.037,0.071,0,1.223,225.553,0.96,4.81,1.983
09/09/2019 08:00,15.871,0.059,0,1.219,268.335,0.964,4.693,2.367
09/09/2019 09:00,16.542,0.025,0,1.215,316.927,0.959,4.704,2.847
09/09/2019 10:00,17.403,0.025,0,1.212,419.125,0.959,4.813,4.034
09/09/2019 11:00,18.112,0.064,0,1.208,451.184,0.956,4.956,4.414
09/09/2019 12:00,18.199,0.328,0,1.205,293.159,0.982,5.052,2.523
09/09/2019 13:00,17.679,0.545,0,1.205,126.227,0.988,5.056,0.91
09/09/2019 14:00,17.37,0.575,0,1.205,133.016,0.979,5.197,0.976
09/09/2019 15:00,16.891,0.753,0,1.207,80.906,0.983,5.358,0.512
09/09/2019 16:00,16.257,0.681,0,1.208,24.806,0.987,5.189,0.056
09/09/2019 17:00,15.844,0.518,0,1.208,3.248,0.983,5.164,0
10/09/2019 04:00,15.436,0.931,0,1.202,1.118,0.914,4.299,0
10/09/2019 05:00,15.568,0.823,0,1.203,26.021,0.982,4.466,0.065
10/09/2019 06:00,15.872,0.917,0,1.204,58.073,0.989,4.648,0.318
10/09/2019 07:00,15.97,0.991,0,1.204,82.949,0.989,4.828,0.53
10/09/2019 08:00,16.257,1.087,0,1.202,113.485,0.991,5.19,0.797
10/09/2019 09:00,16.673,1.244,0,1.201,131.614,0.993,5.631,0.956
10/09/2019 10:00,17.058,1.283,0,1.199,151.616,0.993,5.889,1.132
10/09/2019 11:00,17.397,1.237,0,1.198,163.534,0.955,5.992,1.238
10/09/2019 12:00,17.71,1.228,0,1.196,177.711,0.867,6.035,1.368
10/09/2019 13:00,17.901,1.172,0,1.196,178.653,0.801,6.093,1.382
10/09/2019 14:00,17.812,1.117,0,1.196,135.431,0.816,6.221,0.992
10/09/2019 15:00,17.42,0.966,0,1.198,76.487,0.862,6.558,0.471
10/09/2019 16:00,16.943,0.728,0,1.201,29.764,0.902,6.952,0.091
10/09/2019 17:00,16.427,0.493,0,1.203,3.657,0.898,7.357,0
11/09/2019 04:00,13.868,0.007,0,1.225,2.99,0.061,7.886,0
11/09/2019 05:00,14.12,0.004,0,1.225,81.64,0.004,7.426,0.543
11/09/2019 06:00,14.86,0.004,0,1.224,222.466,0.004,7.594,2.323
11/09/2019 07:00,15.766,0.002,0,1.221,366.084,0.009,8.127,4.245
11/09/2019 08:00,16.714,0.003,0,1.219,488.26,0.043,8.758,5.754
11/09/2019 09:00,17.357,0.003,0,1.217,563.873,0.263,9.343,6.582
11/09/2019 10:00,17.707,0.003,0,1.216,597.256,0.628,9.859,6.887
11/09/2019 11:00,17.848,0.006,0,1.215,545.772,0.919,10.242,6.109
11/09/2019 12:00,17.882,0.004,0,1.214,419.546,0.933,10.279,4.288
11/09/2019 13:00,17.923,0.003,0,1.211,255.701,0.939,9.874,2.234
11/09/2019 14:00,17.888,0.013,0,1.209,142.85,0.955,9.223,1.082
11/09/2019 15:00,17.644,0.142,0,1.209,67.833,0.973,9.053,0.4
11/09/2019 16:00,17.103,0.39,0,1.21,23.988,0.973,9.322,0.05
11/09/2019 17:00,16.434,0.721,0,1.213,2.533,0.953,9.614,0
12/09/2019 04:00,13.855,0.006,0,1.226,2.611,0.425,6.815,0
12/09/2019 05:00,14.326,0.008,0,1.227,72.355,0.091,6.837,0.463
12/09/2019 06:00,15.101,0.012,0,1.227,220.45,0.016,6.819,2.34
12/09/2019 07:00,15.966,0.012,0,1.225,356.223,0.021,7.364,4.156
12/09/2019 08:00,16.924,0.036,0,1.223,473.921,0.043,7.823,5.608
12/09/2019 09:00,17.745,0.024,0,1.22,545.391,0.159,8.188,6.367
12/09/2019 10:00,18.448,0.011,0,1.217,525.799,0.446,8.421,5.907
12/09/2019 11:00,18.871,0.013,0,1.215,477.077,0.514,8.64,5.114
12/09/2019 12:00,18.977,0.016,0,1.214,404.125,0.705,8.8,4.095
12/09/2019 13:00,18.859,0.01,0,1.213,291.509,0.813,8.658,2.688
12/09/2019 14:00,18.622,0.007,0,1.213,201.3,0.933,8.377,1.7
12/09/2019 15:00,18.181,0.003,0,1.214,105.57,0.929,7.721,0.749
12/09/2019 16:00,17.657,0.001,0,1.215,63.976,0.65,7.255,0.372
12/09/2019 17:00,16.764,0.001,0,1.217,8.812,0.393,7.396,0
13/09/2019 04:00,15.666,1.64,0,1.218,0.39,0.832,7.269,0
13/09/2019 05:00,15.801,1.132,0,1.218,15.242,0.753,7.484,0
13/09/2019 06:00,15.627,0.166,0,1.222,79.235,0.42,8.942,0.52
13/09/2019 07:00,15.182,0.007,0,1.228,307.219,0.062,10.217,3.402
13/09/2019 08:00,15.783,0,0,1.229,473.079,0.044,11.071,5.711
13/09/2019 09:00,16.23,0,0,1.23,575.024,0.024,11.482,6.933
13/09/2019 10:00,16.5,0,0,1.231,631.353,0.001,11.46,7.554
13/09/2019 11:00,16.85,0,0,1.23,636.675,0.001,11.273,7.595
13/09/2019 12:00,17.126,0,0,1.229,594.292,0.001,11.131,7.116
13/09/2019 13:00,17.192,0,0,1.228,511.24,0.006,10.874,6.156
13/09/2019 14:00,17.051,0,0,1.228,394.044,0.021,10.572,4.705
13/09/2019 15:00,16.679,0,0,1.229,253.922,0.031,10.294,2.827
13/09/2019 16:00,16.016,0,0,1.231,109.071,0.344,9.861,0.875
13/09/2019 17:00,15.109,0,0,1.234,8.983,0.32,9.338,0
14/09/2019 04:00,11.927,0.004,0,1.252,1.346,0.225,7.954,0
14/09/2019 05:00,12.311,0.004,0,1.252,60.065,0.777,7.692,0.361
14/09/2019 06:00,13.08,0.002,0,1.25,116.234,0.937,7.931,0.907
14/09/2019 07:00,13.677,0.001,0,1.248,136.666,0.929,8.094,1.071
14/09/2019 08:00,14.412,0.001,0,1.246,241.234,0.488,8.441,2.193
14/09/2019 09:00,15.528,0.001,0,1.243,523.03,0.182,8.548,6.149
14/09/2019 10:00,16.256,0.001,0,1.24,582.935,0.552,8.513,6.916
14/09/2019 11:00,16.689,0,0,1.237,587.127,0.744,8.325,6.944
14/09/2019 12:00,16.891,0,0,1.235,547.277,0.942,8.136,6.473
14/09/2019 13:00,16.909,0,0,1.234,460.975,0.946,8.132,5.381
14/09/2019 14:00,16.589,0,0,1.233,266.263,0.935,8.082,2.626
14/09/2019 15:00,16.099,0,0,1.233,118.334,0.758,7.616,0.903
14/09/2019 16:00,15.637,0,0,1.233,88.208,0.201,7.001,0.631
14/09/2019 17:00,14.094,0,0,1.233,7.859,0.814,6.355,0
15/09/2019 04:00,14.164,0.01,0,1.223,0.335,0.954,10.964,0
15/09/2019 05:00,14.615,0.057,0,1.22,19.833,0.964,11.935,0.023
15/09/2019 06:00,14.921,0.144,0,1.218,69.156,0.978,11.534,0.422
15/09/2019 07:00,15.234,0.193,0,1.216,110.633,0.983,11.243,0.793
15/09/2019 08:00,15.751,0.152,0,1.213,166.922,0.967,11.167,1.322
15/09/2019 09:00,16.582,0.014,0,1.21,321.021,0.952,11.362,2.972
15/09/2019 10:00,17.223,0.007,0,1.208,411.816,0.949,11.587,4.159
15/09/2019 11:00,17.672,0.003,0,1.208,536.809,0.918,11.726,6.054
15/09/2019 12:00,17.669,0.001,0,1.208,532.893,0.899,11.673,6.14
15/09/2019 13:00,16.995,0,0,1.211,389.297,0.936,11.402,4.15
15/09/2019 14:00,15.994,0,0,1.214,220.686,0.937,11.288,1.958
15/09/2019 15:00,15.195,0,0,1.217,100.845,0.955,11.317,0.713
15/09/2019 16:00,14.682,0,0,1.219,37.72,0.923,11.51,0.156
15/09/2019 17:00,14.168,0.001,0,1.221,3.74,0.693,11.747,0
16/09/2019 04:00,12.522,0.001,0,1.229,0.502,0.44,10.972,0
16/09/2019 05:00,12.404,0.001,0,1.23,58.129,0.726,10.558,0.366
16/09/2019 06:00,12.895,0.001,0,1.229,161.606,0.811,10.83,1.607
16/09/2019 07:00,13.48,0.001,0,1.228,303.872,0.418,11.247,3.582
16/09/2019 08:00,13.978,0.001,0,1.227,436.58,0.144,11.391,5.382
16/09/2019 09:00,14.394,0.001,0,1.226,522.75,0.073,11.463,6.426
16/09/2019 10:00,14.738,0.001,0,1.225,567.719,0.067,11.431,6.925
16/09/2019 11:00,15.056,0.001,0,1.224,569.734,0.071,11.266,6.923
16/09/2019 12:00,15.257,0.001,0,1.222,529.795,0.065,11.08,6.447
16/09/2019 13:00,15.358,0.001,0,1.221,461.29,0.043,10.894,5.645
16/09/2019 14:00,15.34,0,0,1.22,365.155,0.03,10.63,4.458
16/09/2019 15:00,15.048,0,0,1.22,226.653,0.032,10.252,2.554
16/09/2019 16:00,14.431,0,0,1.221,90.259,0.049,9.656,0.712
16/09/2019 17:00,13.573,0.002,0,1.223,4.942,0.143,8.961,0
17/09/2019 04:00,11.505,0.141,0,1.227,0.196,0.455,9.629,0
17/09/2019 05:00,11.4,0.107,0,1.227,33.707,0.328,10.071,0.132
17/09/2019 06:00,11.153,0.082,0,1.229,139.04,0.358,10.775,1.209
17/09/2019 07:00,11.246,0.074,0,1.23,219.834,0.425,11.123,2.093
17/09/2019 08:00,11.396,0.088,0,1.231,281.423,0.478,11.732,2.721
17/09/2019 09:00,11.6,0.11,0,1.23,314.755,0.512,12.108,3.001
17/09/2019 10:00,11.73,0.158,0,1.228,288.522,0.616,12.128,2.611
17/09/2019 11:00,11.753,0.231,0,1.228,252.429,0.643,12.141,2.198
17/09/2019 12:00,11.803,0.186,0,1.227,232.699,0.637,12.211,2.004
17/09/2019 13:00,12.109,0.106,0,1.225,248.159,0.56,12.276,2.221
17/09/2019 14:00,12.281,0.069,0,1.224,202.821,0.513,12.17,1.787
17/09/2019 15:00,12.224,0.071,0,1.223,129.139,0.438,11.71,1.033
17/09/2019 16:00,11.873,0.068,0,1.224,53.287,0.433,11.322,0.297
17/09/2019 17:00,11.447,0.033,0,1.227,2.645,0.385,10.987,0
18/09/2019 04:00,9.81,0.011,0,1.238,0.153,0.028,7.755,0
18/09/2019 05:00,10.383,0.03,0,1.239,53.839,0.02,7.896,0.355
18/09/2019 06:00,11.611,0.058,0,1.237,188.32,0.018,7.973,2.18
18/09/2019 07:00,12.801,0.016,0,1.234,328.199,0.016,8.615,4.155
18/09/2019 08:00,13.564,0.034,0,1.233,449.338,0.02,8.635,5.73
18/09/2019 09:00,14.092,0.046,0,1.232,535.387,0.037,8.603,6.743
18/09/2019 10:00,14.357,0.114,0,1.231,570.031,0.081,8.629,7.091
18/09/2019 11:00,14.443,0.201,0,1.231,562.536,0.105,8.589,6.958
18/09/2019 12:00,14.353,0.217,0,1.232,516.031,0.088,8.536,6.385
18/09/2019 13:00,14.157,0.174,0,1.232,441.015,0.08,8.428,5.471
18/09/2019 14:00,13.852,0.12,0,1.233,335.395,0.089,8.28,4.106
18/09/2019 15:00,13.443,0.04,0,1.234,206.451,0.116,8.184,2.32
18/09/2019 16:00,12.785,0.008,0,1.235,77.341,0.102,7.898,0.593
18/09/2019 17:00,11.671,0.005,0,1.237,3.2,0.063,7.457,0
19/09/2019 04:00,8.86,0.007,0,1.245,0.052,0.057,6.021,0
19/09/2019 05:00,9.416,0.005,0,1.246,50.971,0.354,5.997,0.332
19/09/2019 06:00,11.462,0.01,0,1.247,177.955,0.614,6.17,2.008
19/09/2019 07:00,12.875,0.006,0,1.244,320.872,0.583,6.53,4.033
19/09/2019 08:00,13.971,0.001,0,1.241,439.47,0.749,6.844,5.569
19/09/2019 09:00,14.716,0,0,1.239,534.753,0.816,6.918,6.718
19/09/2019 10:00,15.252,0,0,1.237,584.554,0.883,7.108,7.258
19/09/2019 11:00,15.458,0,0,1.237,555.416,0.947,7.171,6.786
19/09/2019 12:00,15.282,0,0,1.237,424.688,0.974,7.153,4.807
19/09/2019 13:00,14.842,0,0,1.238,286.119,0.988,7.303,2.804
19/09/2019 14:00,14.175,0,0,1.24,144.335,0.991,7.202,1.154
19/09/2019 15:00,13.529,0,0,1.242,78.373,0.985,6.785,0.518
19/09/2019 16:00,12.705,0,0,1.244,40.012,0.881,5.967,0.185
19/09/2019 17:00,10.843,0,0,1.246,2.608,0.755,5.464,0
20/09/2019 04:00,8.957,0.003,0,1.251,0.01,0.965,6.266,0
20/09/2019 05:00,9.882,0.01,0,1.25,30.855,0.969,6.329,0.115
20/09/2019 06:00,11.248,0.023,0,1.249,99.974,0.978,6.507,0.755
20/09/2019 07:00,11.836,0.039,0,1.248,125.736,0.982,6.557,0.968
20/09/2019 08:00,12.258,0.06,0,1.246,143.491,0.982,6.785,1.118
20/09/2019 09:00,13.003,0.069,0,1.242,201.953,0.975,7.165,1.685
20/09/2019 10:00,14.183,0.061,0,1.236,301.546,0.965,7.706,2.747
20/09/2019 11:00,15.084,0.062,0,1.232,319.647,0.893,8.036,2.976
20/09/2019 12:00,15.545,0.061,0,1.229,362.961,0.668,8.155,3.625
20/09/2019 13:00,15.642,0.042,0,1.228,304.247,0.569,8.131,2.967
20/09/2019 14:00,15.451,0.021,0,1.228,191.186,0.702,8.026,1.651
20/09/2019 15:00,15.127,0.009,0,1.228,101.277,0.638,7.746,0.733
20/09/2019 16:00,14.663,0.006,0,1.229,38.659,0.691,7.305,0.169
20/09/2019 17:00,14.153,0.008,0,1.23,0.903,0.786,7.065,0
21/09/2019 05:00,10.894,0.01,0,1.24,39.065,0.738,6.111,0.219
21/09/2019 06:00,12.307,0.005,0,1.239,161.777,0.596,6.21,1.836
21/09/2019 07:00,13.275,0,0,1.237,304.334,0.414,5.972,3.908
21/09/2019 08:00,14.372,0,0,1.233,428.242,0.309,5.645,5.557
21/09/2019 09:00,15.528,0,0,1.229,520.52,0.322,5.297,6.659
21/09/2019 10:00,16.317,0,0,1.225,571.351,0.393,4.836,7.215
21/09/2019 11:00,16.908,0,0,1.222,577.742,0.494,4.414,7.265
21/09/2019 12:00,17.372,0,0,1.218,538.419,0.585,4.053,6.804
21/09/2019 13:00,17.574,0,0,1.216,458.569,0.693,3.796,5.852
21/09/2019 14:00,17.47,0,0,1.215,343.785,0.685,3.631,4.382
21/09/2019 15:00,17.035,0,0,1.215,208.503,0.533,3.545,2.505
21/09/2019 16:00,15.558,0,0,1.217,72.871,0.306,3.451,0.61
21/09/2019 17:00,13.976,0,0,1.22,1.36,0.104,3.574,0
22/09/2019 05:00,11.096,0.015,0,1.231,34.924,0.934,3.329,0.181
22/09/2019 06:00,12.444,0.01,0,1.231,149.967,0.942,2.654,1.645
22/09/2019 07:00,13.908,0.002,0,1.228,284.102,0.941,2.178,3.562
22/09/2019 08:00,15.723,0,0,1.221,402.944,0.937,2.231,5.138
22/09/2019 09:00,16.698,0,0,1.216,488.487,0.931,2.702,6.171
22/09/2019 10:00,17.4,0,0,1.213,533.924,0.921,3.115,6.671
22/09/2019 11:00,17.948,0,0,1.209,541.952,0.906,3.429,6.751
22/09/2019 12:00,18.248,0,0,1.207,509.565,0.868,3.606,6.385
22/09/2019 13:00,18.315,0,0,1.205,436.433,0.728,3.672,5.521
22/09/2019 14:00,18.105,0,0,1.205,329.26,0.523,3.834,4.16
22/09/2019 15:00,17.499,0,0,1.205,198.903,0.258,4.321,2.365
22/09/2019 16:00,15.884,0,0,1.208,66.781,0.108,5.007,0.544
22/09/2019 17:00,14.274,0,0,1.214,0.866,0.049,6.474,0
23/09/2019 05:00,12.974,0.022,0,1.23,23.209,0.551,9.227,0.063
23/09/2019 06:00,13.264,0.02,0,1.23,107.093,0.529,9.373,0.925
23/09/2019 07:00,13.837,0.007,0,1.229,236.724,0.363,9.937,2.677
23/09/2019 08:00,14.42,0.002,0,1.228,355.892,0.233,10.026,4.371
23/09/2019 09:00,14.787,0.001,0,1.228,474.132,0.106,9.941,6.04
23/09/2019 10:00,15.099,0,0,1.228,548.207,0.035,9.813,7.01
23/09/2019 11:00,15.225,0,0,1.227,554.017,0.031,9.709,7.077
23/09/2019 12:00,15.197,0.001,0,1.227,511.156,0.045,9.545,6.564
23/09/2019 13:00,15.007,0.001,0,1.227,433.892,0.082,9.331,5.623
23/09/2019 14:00,14.58,0.001,0,1.228,315.916,0.116,9.103,4.039
23/09/2019 15:00,13.899,0.001,0,1.23,179.614,0.17,8.93,2.072
23/09/2019 16:00,12.961,0,0,1.233,55.984,0.194,8.665,0.41
23/09/2019 17:00,12.023,0,0,1.236,0.442,0.157,8.317,0
24/09/2019 05:00,11.537,0.025,0,1.228,26.931,0.07,6.349,0.106
24/09/2019 06:00,12.912,0.023,0,1.227,134.334,0.115,6.365,1.349
24/09/2019 07:00,13.824,0.012,0,1.225,251.219,0.277,6.407,2.879
24/09/2019 08:00,14.694,0.006,0,1.222,311.337,0.448,6.406,3.407
24/09/2019 09:00,15.317,0.005,0,1.219,318.32,0.557,6.294,3.201
24/09/2019 10:00,15.689,0.005,0,1.217,325.946,0.646,6.177,3.17
24/09/2019 11:00,15.87,0.007,0,1.216,319.885,0.77,6.048,3.058
24/09/2019 12:00,15.838,0.009,0,1.215,274.796,0.863,5.934,2.521
24/09/2019 13:00,15.609,0.008,0,1.215,205.148,0.937,5.842,1.762
24/09/2019 14:00,15.248,0.007,0,1.215,139.574,0.953,5.857,1.102
24/09/2019 15:00,14.809,0.007,0,1.216,80.579,0.929,5.923,0.542
24/09/2019 16:00,14.199,0.009,0,1.218,24.553,0.948,5.705,0.062
24/09/2019 17:00,13.516,0.018,0,1.22,0.117,0.989,5.436,0
25/09/2019 05:00,12.542,0.031,0,1.215,17.369,0.487,4.919,0.016
25/09/2019 06:00,13.683,0.03,0,1.215,91.272,0.547,5.249,0.694
25/09/2019 07:00,14.341,0.031,0,1.214,182.361,0.578,5.361,1.69
25/09/2019 08:00,15.062,0.035,0,1.211,271.334,0.625,5.599,2.721
25/09/2019 09:00,15.729,0.051,0,1.208,320.786,0.705,5.84,3.218
25/09/2019 10:00,16.105,0.069,0,1.207,324.61,0.679,5.983,3.149
25/09/2019 11:00,16.276,0.083,0,1.206,334.049,0.68,6.152,3.244
25/09/2019 12:00,16.109,0.078,0,1.206,277.329,0.695,6.372,2.551
25/09/2019 13:00,15.672,0.07,0,1.208,203.103,0.71,6.668,1.738
25/09/2019 14:00,15.066,0.057,0,1.211,139.49,0.759,6.922,1.102
25/09/2019 15:00,14.454,0.041,0,1.213,74.451,0.799,7.046,0.484
25/09/2019 16:00,13.846,0.024,0,1.216,22,0.82,7.014,0.043
25/09/2019 17:00,13.299,0.016,0,1.218,0.054,0.848,7.07,0
26/09/2019 05:00,11.061,0.018,0,1.229,19.385,0.152,6.534,0.041
26/09/2019 06:00,12.297,0.019,0,1.226,114.373,0.178,6.54,1.077
26/09/2019 07:00,13.829,0.019,0,1.22,228.854,0.225,6.352,2.58
26/09/2019 08:00,15.346,0.009,0,1.214,336.424,0.169,6.395,4.004
26/09/2019 09:00,16.178,0.011,0,1.211,401.077,0.331,6.381,4.699
26/09/2019 10:00,16.418,0.027,0,1.21,353.155,0.576,6.471,3.673
26/09/2019 11:00,16.384,0.038,0,1.21,327.406,0.583,6.573,3.232
26/09/2019 12:00,16.267,0.039,0,1.21,282.245,0.574,6.599,2.669
26/09/2019 13:00,16.115,0.035,0,1.21,228.415,0.565,6.653,2.078
26/09/2019 14:00,15.863,0.032,0,1.211,168.764,0.663,6.797,1.461
26/09/2019 15:00,15.457,0.023,0,1.212,93.376,0.548,6.824,0.691
26/09/2019 16:00,14.852,0.011,0,1.214,26.062,0.434,6.768,0.079
26/09/2019 17:00,14.221,0.007,0,1.216,0.019,0.411,7.096,0
27/09/2019 05:00,14.121,0.152,0,1.212,8.248,0.972,7.826,0
27/09/2019 06:00,14.313,0.447,0,1.211,42.429,0.979,7.866,0.198
27/09/2019 07:00,14.552,1.355,0,1.21,68.484,0.985,7.825,0.415
27/09/2019 08:00,14.693,1.947,0,1.209,61.731,0.989,7.629,0.353
27/09/2019 09:00,14.767,1.934,0,1.208,55.158,0.99,7.196,0.296
27/09/2019 10:00,14.876,1.442,0,1.207,65.07,0.991,6.584,0.379
27/09/2019 11:00,15.074,0.836,0,1.206,88.978,0.967,5.848,0.587
27/09/2019 12:00,15.358,0.526,0,1.205,132.117,0.894,5.322,0.982
27/09/2019 13:00,15.752,0.155,0,1.203,201.486,0.736,5.285,1.707
27/09/2019 14:00,16.064,0.033,0,1.202,228.926,0.783,5.306,2.286
27/09/2019 15:00,15.913,0.007,0,1.202,151.69,0.562,4.995,1.529
27/09/2019 16:00,14.534,0.004,0,1.203,39.568,0.233,4.845,0.228
27/09/2019 17:00,13.382,0.006,0,1.205,0.004,0.136,5.205,0
28/09/2019 05:00,13.491,0.152,0,1.21,9.168,0.467,7.034,0
28/09/2019 06:00,13.932,0.172,0,1.21,86.806,0.218,7.162,0.697
28/09/2019 07:00,14.461,0.179,0,1.21,226.797,0.089,7.125,2.669
28/09/2019 08:00,15.087,0.133,0,1.208,354.199,0.073,7.857,4.552
28/09/2019 09:00,15.756,0.095,0,1.207,444.443,0.088,7.998,5.739
28/09/2019 10:00,16.313,0.048,0,1.205,477.515,0.401,7.851,6.042
28/09/2019 11:00,16.573,0.022,0,1.204,437.706,0.758,7.577,5.296
28/09/2019 12:00,16.634,0.017,0,1.203,385.431,0.868,7.322,4.511
28/09/2019 13:00,16.517,0.015,0,1.203,311.297,0.875,7.131,3.523
28/09/2019 14:00,16.219,0.019,0,1.204,230.953,0.885,6.961,2.527
28/09/2019 15:00,15.634,0.02,0,1.204,106.159,0.879,6.317,0.892
28/09/2019 16:00,14.629,0.026,0,1.206,22.121,0.899,5.822,0.052
29/09/2019 05:00,12.296,0.071,0,1.212,13.682,0.494,8.294,0
29/09/2019 06:00,12.898,0.071,0,1.21,85.666,0.511,8.245,0.685
29/09/2019 07:00,13.716,0.116,0,1.207,224.016,0.388,8.258,2.583
29/09/2019 08:00,14.615,0.098,0,1.204,341.131,0.577,8.746,4.237
29/09/2019 09:00,15.415,0.066,0,1.201,397.11,0.816,9.072,4.741
29/09/2019 10:00,15.734,0.077,0,1.199,318.965,0.974,8.908,3.192
29/09/2019 11:00,15.856,0.083,0,1.197,300.235,0.877,8.815,2.886
29/09/2019 12:00,15.956,0.083,0,1.196,318.607,0.789,8.826,3.182
29/09/2019 13:00,15.419,0.121,0,1.197,151.776,0.985,8.255,1.203
29/09/2019 14:00,14.442,0.24,0,1.199,52.999,0.987,7.3,0.283
29/09/2019 15:00,13.749,0.421,0,1.201,29.738,0.992,6.756,0.097
29/09/2019 16:00,13.26,0.799,0,1.202,7.825,0.988,6.104,0
30/09/2019 05:00,11.01,0.16,0,1.199,11.672,0.926,5.63,0
30/09/2019 06:00,11.725,0.233,0,1.2,59.978,0.989,6.161,0.383
30/09/2019 07:00,12.101,0.282,0,1.201,94.648,0.992,6.692,0.687
30/09/2019 08:00,12.462,0.288,0,1.201,124.287,0.993,7.754,0.955
30/09/2019 09:00,12.803,0.17,0,1.201,144.002,0.992,8.759,1.135
30/09/2019 10:00,13.31,0.039,0,1.2,213.503,0.981,9.512,1.868
30/09/2019 11:00,14.274,0.012,0,1.198,377.634,0.938,10.328,4.218
30/09/2019 12:00,15.001,0.005,0,1.196,392.206,0.737,11.321,4.765
30/09/2019 13:00,15.193,0.002,0,1.197,387.095,0.064,12.509,5.138
30/09/2019 14:00,14.638,0,0,1.2,287.896,0.014,13.114,3.907
30/09/2019 15:00,13.629,0,0,1.205,157.287,0.011,13.073,2.009
30/09/2019 16:00,12.506,0,0,1.211,33.086,0.033,12.463,0.21
01/10/2019 05:00,9.101,0,0,1.226,7.918,0.952,6.714,0
01/10/2019 06:00,9.797,0.002,0,1.225,55.972,0.979,6.496,0.34
01/10/2019 07:00,10.292,0.008,0,1.224,77.561,0.984,6.155,0.517
01/10/2019 08:00,10.531,0.025,0,1.224,96.97,0.986,5.85,0.687
01/10/2019 09:00,10.677,0.055,0,1.223,129.024,0.985,5.427,0.986
01/10/2019 10:00,10.738,0.096,0,1.223,163.746,0.986,5.016,1.325
01/10/2019 11:00,10.875,0.19,0,1.223,238.867,0.98,4.625,2.127
01/10/2019 12:00,10.783,0.172,0,1.222,197.017,0.934,4.457,1.696
01/10/2019 13:00,10.907,0.129,0,1.221,222.995,0.639,4.464,2.085
01/10/2019 14:00,11.031,0.05,0,1.219,180.608,0.535,4.526,1.721
01/10/2019 15:00,10.995,0.017,0,1.218,108.316,0.393,4.712,0.972
01/10/2019 16:00,9.78,0.003,0,1.217,26.895,0.204,4.976,0.116
02/10/2019 05:00,8.016,0.004,0,1.227,9.701,0.243,7.303,0
02/10/2019 06:00,8.869,0.013,0,1.228,106.625,0.124,7.276,1.259
02/10/2019 07:00,9.822,0.022,0,1.227,236.694,0.073,7.596,3.288
02/10/2019 08:00,10.77,0.024,0,1.225,346.376,0.092,7.649,4.825
02/10/2019 09:00,11.521,0.038,0,1.223,414.734,0.142,7.552,5.615
02/10/2019 10:00,12.081,0.063,0,1.221,435.544,0.185,7.495,5.705
02/10/2019 11:00,12.453,0.081,0,1.219,423.026,0.219,7.524,5.41
02/10/2019 12:00,12.681,0.12,0,1.218,378.679,0.233,7.616,4.745
02/10/2019 13:00,12.687,0.148,0,1.217,297.215,0.329,7.639,3.542
02/10/2019 14:00,12.374,0.191,0,1.218,179.159,0.544,7.354,1.801
02/10/2019 15:00,11.616,0.215,0,1.22,56.888,0.736,6.391,0.35
02/10/2019 16:00,10.517,0.218,0,1.223,10.334,0.716,5.414,0
03/10/2019 05:00,6.894,0.005,0,1.252,7.496,0.43,7.212,0
03/10/2019 06:00,7.063,0.004,0,1.254,80.984,0.373,7.304,0.757
03/10/2019 07:00,7.49,0.003,0,1.254,201.69,0.202,7.043,2.568
03/10/2019 08:00,8.469,0.003,0,1.251,350.729,0.399,6.596,5.031
03/10/2019 09:00,9.47,0.002,0,1.248,426.912,0.769,6.093,5.993
03/10/2019 10:00,10.243,0.002,0,1.245,456.988,0.914,5.711,6.241
03/10/2019 11:00,10.755,0.002,0,1.243,430.141,0.932,5.607,5.653
03/10/2019 12:00,10.963,0.001,0,1.241,341.684,0.896,5.753,4.108
03/10/2019 13:00,10.92,0.001,0,1.241,256.243,0.879,5.923,2.829
03/10/2019 14:00,10.631,0.001,0,1.241,174.029,0.85,5.887,1.778
03/10/2019 15:00,10.143,0.001,0,1.242,96.32,0.877,5.554,0.884
03/10/2019 16:00,9.242,0.001,0,1.244,14.85,0.883,4.965,0.005
04/10/2019 05:00,7.159,0.012,0,1.25,4.313,0.682,3.832,0
04/10/2019 06:00,7.928,0.011,0,1.249,59.849,0.602,4.435,0.421
04/10/2019 07:00,8.862,0.007,0,1.248,151.97,0.545,5.121,1.508
04/10/2019 08:00,9.652,0.008,0,1.245,261.851,0.375,5.486,3.038
04/10/2019 09:00,10.304,0.013,0,1.243,309.546,0.318,5.659,3.572
04/10/2019 10:00,10.859,0.024,0,1.241,410.539,0.345,5.851,5.228
04/10/2019 11:00,11.096,0.029,0,1.239,388.218,0.382,6.016,4.759
04/10/2019 12:00,11.039,0.03,0,1.239,305.512,0.479,6.207,3.385
04/10/2019 13:00,10.876,0.024,0,1.239,254.375,0.474,6.508,2.759
04/10/2019 14:00,10.457,0.027,0,1.24,173.413,0.534,6.857,1.741
04/10/2019 15:00,9.905,0.017,0,1.241,69.639,0.633,7.199,0.503
04/10/2019 16:00,9.149,0.023,0,1.243,12.357,0.387,7.411,0
05/10/2019 05:00,5.216,0.012,0,1.268,5.962,0.132,8.426,0
05/10/2019 06:00,5.508,0.011,0,1.269,91.512,0.079,8.365,1.136
05/10/2019 07:00,6.383,0.009,0,1.268,217.484,0.217,8.312,3.18
05/10/2019 08:00,7.401,0.008,0,1.265,306.029,0.311,8.16,4.343
05/10/2019 09:00,8.251,0.008,0,1.263,386.042,0.181,7.689,5.453
05/10/2019 10:00,8.965,0.008,0,1.261,471.908,0.054,7.077,6.78
05/10/2019 11:00,9.434,0.006,0,1.259,468.369,0.082,6.493,6.691
05/10/2019 12:00,9.73,0.004,0,1.257,424.745,0.077,6.022,6.089
05/10/2019 13:00,9.867,0.003,0,1.256,351.226,0.07,5.685,5.116
05/10/2019 14:00,9.807,0.002,0,1.256,250.669,0.062,5.424,3.721
05/10/2019 15:00,9.295,0.001,0,1.256,126.183,0.058,5.106,1.795
05/10/2019 16:00,7.43,0.001,0,1.257,18.91,0.05,5.01,0.079
06/10/2019 05:00,4.401,0.008,0.001,1.274,3.804,0.574,4.711,0
06/10/2019 06:00,5.324,0.006,0,1.275,64.871,0.551,4.819,0.571
06/10/2019 07:00,6.419,0.003,0,1.274,169.781,0.227,5.042,2.086
06/10/2019 08:00,7.265,0.003,0,1.272,315.199,0.176,4.836,4.606
06/10/2019 09:00,8.311,0.003,0,1.268,423.035,0.031,4.651,6.258
06/10/2019 10:00,9.092,0.003,0,1.264,483.592,0.02,4.564,7.078
06/10/2019 11:00,9.499,0.003,0,1.262,490.689,0.021,4.35,7.167
06/10/2019 12:00,9.671,0.002,0,1.26,449.446,0.025,3.988,6.645
06/10/2019 13:00,9.651,0.002,0,1.258,369.472,0.023,3.722,5.599
06/10/2019 14:00,9.419,0.001,0,1.258,257.496,0.022,3.694,4.005
06/10/2019 15:00,8.689,0.001,0,1.258,127.169,0.022,3.74,1.947
06/10/2019 16:00,6.795,0.001,0,1.26,17.242,0.034,4.074,0.068
07/10/2019 05:00,1.848,0.001,0,1.281,4.172,0.053,4.746,0
07/10/2019 06:00,2.904,0.001,0,1.281,87.95,0.03,4.474,1.227
07/10/2019 07:00,4.639,0.001,0,1.281,220.025,0.024,4.393,3.502
07/10/2019 08:00,5.717,0,0,1.277,341.657,0.013,4.398,5.372
07/10/2019 09:00,6.675,0,0,1.274,433.988,0.007,4.421,6.634
07/10/2019 10:00,7.287,0,0,1.271,486.793,0.01,4.077,7.304
07/10/2019 11:00,7.776,0,0,1.267,494.264,0.114,3.74,7.395
07/10/2019 12:00,8.139,0,0,1.264,453.54,0.393,3.663,6.88
07/10/2019 13:00,8.343,0,0,1.262,371.978,0.558,4.01,5.808
07/10/2019 14:00,8.279,0,0,1.261,256.768,0.774,4.537,4.142
07/10/2019 15:00,7.626,0,0,1.26,118.375,0.885,4.512,1.817
07/10/2019 16:00,5.836,0,0,1.261,12.879,0.93,4.164,0.012
08/10/2019 05:00,8.156,0.099,0,1.237,1.365,0.963,8.013,0
08/10/2019 06:00,8.659,0.578,0,1.235,29.601,0.971,8.51,0.107
08/10/2019 07:00,9.006,1.215,0,1.233,54.253,0.986,8.864,0.309
08/10/2019 08:00,9.358,1.345,0,1.23,67.791,0.987,9.332,0.423
08/10/2019 09:00,9.913,1.12,0,1.225,86.223,0.991,9.206,0.586
08/10/2019 10:00,10.527,0.547,0,1.22,67.085,0.988,8.473,0.41
08/10/2019 11:00,11.315,0.178,0,1.215,70.533,0.916,7.74,0.439
08/10/2019 12:00,12.475,0.113,0,1.209,172.436,0.409,7.679,1.446
08/10/2019 13:00,13.569,0.032,0,1.204,302.386,0.123,8.554,3.745
08/10/2019 14:00,13.83,0.013,0,1.203,233.09,0.054,8.486,3.195
08/10/2019 15:00,13.23,0.003,0,1.204,110.72,0.02,7.524,1.4
08/10/2019 16:00,11.395,0.001,0,1.207,12.119,0.008,6.863,0
09/10/2019 05:00,11.002,0.135,0,1.217,1.058,0.459,7.52,0
09/10/2019 06:00,11.125,0.084,0,1.218,51.83,0.172,7.47,0.358
09/10/2019 07:00,11.616,0.049,0,1.218,180.917,0.488,7.295,2.235
09/10/2019 08:00,12.123,0.044,0,1.217,251.111,0.904,7.574,2.993
09/10/2019 09:00,12.638,0.031,0,1.216,289.403,0.948,7.601,3.257
09/10/2019 10:00,13.236,0.035,0,1.214,325.131,0.981,7.65,3.635
09/10/2019 11:00,13.539,0.022,0,1.212,272.943,0.991,7.577,2.707
09/10/2019 12:00,13.309,0.025,0,1.212,170.597,0.991,7.4,1.428
09/10/2019 13:00,12.863,0.074,0,1.214,103.171,0.991,7.027,0.748
09/10/2019 14:00,12.298,0.15,0,1.215,59.586,0.991,6.768,0.351
09/10/2019 15:00,11.753,0.224,0,1.217,25.21,0.99,6.581,0.068
09/10/2019 16:00,11.342,0.223,0,1.217,2.36,0.989,6.555,0
10/10/2019 05:00,9.477,0.074,0,1.223,0.779,0.648,6.336,0
10/10/2019 06:00,9.862,0.062,0,1.224,37.884,0.583,6.478,0.196
10/10/2019 07:00,10.425,0.09,0,1.224,110.107,0.544,6.655,0.942
10/10/2019 08:00,10.882,0.124,0,1.223,185.13,0.527,6.991,1.805
10/10/2019 09:00,11.393,0.142,0,1.222,245.324,0.551,7.128,2.517
10/10/2019 10:00,11.94,0.114,0,1.221,267.237,0.667,7.355,2.725
10/10/2019 11:00,12.486,0.064,0,1.219,271.719,0.763,7.6,2.785
10/10/2019 12:00,13.092,0.042,0,1.216,289.774,0.899,7.748,3.24
10/10/2019 13:00,13.464,0.042,0,1.215,266.412,0.956,7.96,3.191
10/10/2019 14:00,13.214,0.103,0,1.215,146.328,0.942,7.876,1.424
10/10/2019 15:00,12.417,0.113,0,1.217,55.939,0.776,7.702,0.381
10/10/2019 16:00,11.588,0.087,0,1.22,5.128,0.357,7.68,0
11/10/2019 05:00,11.201,0.614,0,1.223,0.145,0.925,10.243,0
11/10/2019 06:00,11.299,0.496,0,1.222,11.182,0.822,10.584,0
11/10/2019 07:00,11.509,0.397,0,1.221,57.731,0.772,10.513,0.336
11/10/2019 08:00,11.971,0.203,0,1.218,71.956,0.678,10.545,0.457
11/10/2019 09:00,12.854,0.097,0,1.214,177.141,0.502,10.701,1.504
11/10/2019 10:00,13.749,0.118,0,1.211,277.176,0.561,10.945,2.738
11/10/2019 11:00,14.095,0.137,0,1.209,247.26,0.833,10.831,2.317
11/10/2019 12:00,14.22,0.169,0,1.208,218.32,0.913,10.495,1.973
11/10/2019 13:00,14.021,0.502,0,1.208,123.603,0.992,10.152,0.946
11/10/2019 14:00,13.577,1.576,0,1.208,51.301,0.988,10.19,0.274
11/10/2019 15:00,13.29,1.839,0,1.208,19.621,0.988,10.514,0.026
11/10/2019 16:00,13.109,1.342,0,1.208,1.731,0.981,10.694,0
12/10/2019 05:00,11.741,0.033,0,1.215,0.392,0.789,7.777,0
12/10/2019 06:00,11.801,0.033,0,1.216,30.352,0.858,8.365,0.125
12/10/2019 07:00,11.966,0.028,0,1.217,101.428,0.832,8.366,0.843
12/10/2019 08:00,12.313,0.032,0,1.217,185.596,0.839,8.685,1.85
12/10/2019 09:00,12.656,0.032,0,1.217,245.385,0.846,9.506,2.584
12/10/2019 10:00,13.077,0.036,0,1.217,297.291,0.907,9.87,3.328
12/10/2019 11:00,13.533,0.033,0,1.215,335.898,0.831,10.066,4.047
12/10/2019 12:00,13.778,0.021,0,1.214,300.79,0.791,10.005,3.545
12/10/2019 13:00,13.74,0.024,0,1.214,199.695,0.864,9.682,2.011
12/10/2019 14:00,13.524,0.033,0,1.214,120.686,0.795,9.269,1.062
12/10/2019 15:00,13.129,0.024,0,1.215,57.692,0.916,9.074,0.433
12/10/2019 16:00,12.628,0.023,0,1.217,4.215,0.497,9.068,0
13/10/2019 05:00,10.025,0.012,0,1.23,0.31,0.953,5.774,0
13/10/2019 06:00,10.457,0.012,0,1.231,41.075,0.951,5.544,0.255
13/10/2019 07:00,11.606,0.008,0,1.23,125.818,0.959,5.318,1.221
13/10/2019 08:00,12.329,0.012,0,1.229,209.134,0.964,4.886,2.245
13/10/2019 09:00,13.015,0.022,0,1.227,251.246,0.97,4.347,2.624
13/10/2019 10:00,13.341,0.036,0,1.226,247.18,0.976,3.69,2.39
13/10/2019 11:00,13.277,0.037,0,1.226,188.084,0.982,3.827,1.611
13/10/2019 12:00,12.938,0.059,0,1.226,115.368,0.992,4.705,0.857
13/10/2019 13:00,12.42,0.149,0,1.227,62.814,0.994,5.696,0.373
13/10/2019 14:00,11.962,0.522,0,1.228,32.969,0.994,6.414,0.124
13/10/2019 15:00,11.71,0.757,0,1.227,14.332,0.992,7.019,0
13/10/2019 16:00,11.765,1.234,0,1.225,0.757,0.995,7.513,0
14/10/2019 05:00,12.426,0.014,0,1.22,0.111,0.673,11.413,0
14/10/2019 06:00,12.29,0.01,0,1.222,32.792,0.77,11.423,0.16
14/10/2019 07:00,12.546,0.011,0,1.223,93.1,0.866,11.659,0.747
14/10/2019 08:00,12.878,0.009,0,1.224,148.576,0.904,11.827,1.317
14/10/2019 09:00,13.146,0.01,0,1.224,208.989,0.955,11.687,2.011
14/10/2019 10:00,13.37,0.01,0,1.225,256.622,0.868,11.066,2.626
14/10/2019 11:00,13.493,0.007,0,1.225,268.83,0.94,10.008,2.804
14/10/2019 12:00,13.33,0.003,0,1.227,221.773,0.948,8.606,2.186
14/10/2019 13:00,13.094,0.001,0,1.229,211.855,0.585,7.219,2.295
14/10/2019 14:00,12.674,0.001,0,1.232,178.142,0.677,6.364,2.254
14/10/2019 15:00,11.72,0.005,0,1.234,39.982,0.955,5.243,0.228
14/10/2019 16:00,10.539,0.08,0,1.236,2.103,0.856,4.38,0
15/10/2019 05:00,10.367,0.032,0,1.235,0.066,0.896,8.754,0
15/10/2019 06:00,10.581,0.038,0,1.234,30.239,0.919,9.16,0.147
15/10/2019 07:00,11.198,0.02,0,1.231,109.126,0.853,9.401,1.04
15/10/2019 08:00,12.082,0.003,0,1.226,211.47,0.869,9.572,2.502
15/10/2019 09:00,13.097,0.001,0,1.221,265.15,0.918,9.587,3.136
15/10/2019 10:00,13.927,0.002,0,1.217,307.643,0.92,8.797,3.723
15/10/2019 11:00,14.419,0.002,0,1.214,329.828,0.925,7.974,4.128
15/10/2019 12:00,14.509,0.004,0,1.212,268.433,0.925,7.327,3.09
15/10/2019 13:00,14.382,0.006,0,1.211,202.384,0.933,6.871,2.175
15/10/2019 14:00,14.021,0.008,0,1.212,128.11,0.941,6.326,1.264
15/10/2019 15:00,13.241,0.011,0,1.214,50.868,0.942,5.747,0.403
15/10/2019 16:00,11.832,0.058,0,1.218,2.498,0.942,5.456,0
16/10/2019 05:00,8.84,0.083,0,1.229,0.014,0.906,4.347,0
16/10/2019 06:00,9.304,0.09,0,1.23,19.114,0.975,4.269,0.029
16/10/2019 07:00,9.873,0.095,0,1.23,53.615,0.986,4.307,0.308
16/10/2019 08:00,10.159,0.097,0,1.23,92.874,0.991,3.958,0.663
16/10/2019 09:00,10.628,0.104,0,1.228,114.78,0.993,3.836,0.861
16/10/2019 10:00,11.144,0.11,0,1.225,114.004,0.993,4.05,0.843
16/10/2019 11:00,11.613,0.142,0,1.223,98.836,0.991,4.47,0.696
16/10/2019 12:00,11.974,0.206,0,1.22,76.952,0.991,4.911,0.496
16/10/2019 13:00,12.194,0.323,0,1.219,52.203,0.99,5.353,0.28
16/10/2019 14:00,12.268,0.469,0,1.218,30.164,0.99,5.935,0.102
16/10/2019 15:00,12.229,0.461,0,1.218,11.152,0.987,6.516,0
16/10/2019 16:00,12.082,0.411,0,1.218,0.389,0.972,6.628,0
17/10/2019 05:00,10.318,0.176,0,1.225,0.002,0.964,5.55,0
17/10/2019 06:00,11.094,0.607,0,1.225,15.934,0.97,6.064,0.006
17/10/2019 07:00,11.744,0.52,0,1.224,37.736,0.811,6.305,0.167
17/10/2019 08:00,12.25,0.272,0,1.223,109.703,0.581,6.344,0.845
17/10/2019 09:00,12.845,0.184,0,1.221,171.24,0.571,6.527,1.496
17/10/2019 10:00,13.313,0.105,0,1.219,194.4,0.536,6.513,1.736
17/10/2019 11:00,13.723,0.065,0,1.217,223.043,0.527,6.431,2.101
17/10/2019 12:00,14.013,0.049,0,1.215,204.077,0.525,6.28,1.914
17/10/2019 13:00,14.098,0.039,0,1.214,166.543,0.486,5.974,1.534
17/10/2019 14:00,13.923,0.045,0,1.215,102.294,0.496,5.738,0.842
17/10/2019 15:00,13.405,0.069,0,1.216,32.52,0.585,5.729,0.151
17/10/2019 16:00,12.929,0.09,0,1.218,0.469,0.696,6.002,0
18/10/2019 06:00,12.342,0.245,0,1.221,9.84,0.687,7.351,0
18/10/2019 07:00,12.636,0.162,0,1.22,55.733,0.636,7.415,0.331
18/10/2019 08:00,13.024,0.097,0,1.219,122.531,0.745,7.14,0.996
18/10/2019 09:00,13.411,0.065,0,1.217,191.273,0.954,6.719,1.765
18/10/2019 10:00,13.713,0.049,0,1.215,195.274,0.984,6.428,1.75
18/10/2019 11:00,13.907,0.034,0,1.214,196.722,0.982,6.328,1.759
18/10/2019 12:00,14.085,0.019,0,1.212,192.079,0.989,6.51,1.747
18/10/2019 13:00,14.026,0.013,0,1.212,143.078,0.893,6.599,1.232
18/10/2019 14:00,13.848,0.029,0,1.212,121.785,0.863,6.594,1.138
18/10/2019 15:00,13.354,0.178,0,1.212,20.915,0.973,7.22,0.044
18/10/2019 16:00,13.219,0.68,0,1.211,0.212,0.974,8.122,0
19/10/2019 06:00,10.749,0,0,1.227,21.637,0.965,8.032,0.073
19/10/2019 07:00,11.24,0,0,1.226,68.539,0.991,7.708,0.487
19/10/2019 08:00,11.606,0,0,1.226,97.351,0.993,7.327,0.737
19/10/2019 09:00,11.969,0,0,1.225,136.15,0.994,7.165,1.123
19/10/2019 10:00,12.442,0,0,1.223,189.986,0.983,7.278,1.753
19/10/2019 11:00,13.051,0,0,1.221,271.241,0.948,7.597,3.096
19/10/2019 12:00,13.417,0,0,1.219,310.983,0.513,7.717,4.329
19/10/2019 13:00,13.407,0.005,0,1.219,272.954,0.297,7.455,4.172
19/10/2019 14:00,12.973,0.024,0,1.219,132.421,0.683,7.028,1.547
19/10/2019 15:00,12.273,0.055,0,1.22,40.922,0.933,6.926,0.351
19/10/2019 16:00,11.83,0.107,0,1.221,0.391,0.968,7.346,0
20/10/2019 06:00,10.241,0.014,0,1.226,23.888,0.706,4.737,0.127
20/10/2019 07:00,11.609,0.019,0,1.226,94.798,0.731,4.636,0.898
20/10/2019 08:00,12.278,0.03,0,1.226,142.276,0.963,4.441,1.343
20/10/2019 09:00,12.674,0.026,0,1.225,182.462,0.968,4.324,1.751
20/10/2019 10:00,12.995,0.016,0,1.224,210.653,0.839,4.194,2.084
20/10/2019 11:00,13.35,0.008,0,1.223,276.698,0.71,4.118,3.243
20/10/2019 12:00,13.601,0.004,0,1.222,255.469,0.475,3.968,3.078
20/10/2019 13:00,13.678,0.001,0,1.221,217.664,0.422,3.792,2.776
20/10/2019 14:00,13.433,0.001,0,1.222,132.517,0.592,3.448,1.579
20/10/2019 15:00,12.414,0.005,0,1.223,34.184,0.815,3.088,0.242
20/10/2019 16:00,11.929,0.023,0,1.225,0.138,0.847,2.97,0
21/10/2019 06:00,9.945,0.043,0,1.241,15.171,0.965,5.473,0.01
21/10/2019 07:00,10.859,0.071,0,1.242,49.872,0.952,5.481,0.287
21/10/2019 08:00,11.427,0.053,0,1.241,96.952,0.925,5.251,0.732
21/10/2019 09:00,11.927,0.025,0,1.24,151.931,0.729,5.253,1.309
21/10/2019 10:00,12.384,0.009,0,1.238,192.265,0.685,5.648,1.774
21/10/2019 11:00,12.78,0.015,0,1.236,219.307,0.485,5.885,2.167
21/10/2019 12:00,13.108,0.034,0,1.234,236.772,0.418,5.955,2.599
21/10/2019 13:00,13.182,0.052,0,1.232,170.635,0.467,5.823,1.725
21/10/2019 14:00,12.927,0.051,0,1.233,91.179,0.791,5.498,0.756
21/10/2019 15:00,12.32,0.043,0,1.234,20.246,0.967,5.766,0.048
21/10/2019 16:00,11.773,0.077,0,1.236,0.068,0.971,5.966,0
22/10/2019 06:00,10.866,0.012,0,1.24,21.206,0.194,7.259,0.124
22/10/2019 07:00,11.52,0.011,0,1.24,102.651,0.404,7.436,1.144
22/10/2019 08:00,11.924,0.011,0,1.24,164.206,0.517,7.504,1.803
22/10/2019 09:00,12.228,0.014,0,1.239,199.748,0.547,7.895,2.111
22/10/2019 10:00,12.621,0.017,0,1.237,253.551,0.655,8.33,2.894
22/10/2019 11:00,12.983,0.012,0,1.235,241.209,0.792,8.611,2.643
22/10/2019 12:00,13.263,0.013,0,1.234,215.197,0.72,8.618,2.313
22/10/2019 13:00,13.386,0.027,0,1.232,170.252,0.551,8.281,1.792
22/10/2019 14:00,13.209,0.033,0,1.232,90.455,0.57,7.711,0.786
22/10/2019 15:00,12.801,0.049,0,1.232,23.36,0.536,7.522,0.089
22/10/2019 16:00,12.353,0.038,0,1.234,0.034,0.475,7.551,0
23/10/2019 06:00,8.809,0.002,0,1.246,15.682,0.95,5.419,0.034
23/10/2019 07:00,10.202,0.004,0,1.245,57.119,0.984,5.412,0.38
23/10/2019 08:00,11.12,0.01,0,1.243,73.518,0.986,5.47,0.499
23/10/2019 09:00,11.728,0.022,0,1.241,111.089,0.903,5.491,0.868
23/10/2019 10:00,12.447,0.04,0,1.239,242.579,0.343,5.834,2.72
23/10/2019 11:00,13.012,0.029,0,1.236,326.471,0.176,6.076,4.649
23/10/2019 12:00,13.218,0.008,0,1.234,275.229,0.693,5.832,3.769
23/10/2019 13:00,13.122,0.004,0,1.233,191.022,0.954,5.244,2.336
23/10/2019 14:00,12.694,0.004,0,1.233,112.094,0.922,4.792,1.273
23/10/2019 15:00,11.122,0.001,0,1.235,38.671,0.572,4.799,0.444
23/10/2019 16:00,9.653,0.001,0,1.237,0.014,0.064,5.342,0
24/10/2019 06:00,11.061,0.024,0,1.23,14.733,0.708,7.098,0.039
24/10/2019 07:00,11.599,0.031,0,1.229,90.044,0.732,6.788,0.957
24/10/2019 08:00,12.228,0.038,0,1.227,176.936,0.77,6.395,2.236
24/10/2019 09:00,12.914,0.049,0,1.224,258.168,0.931,6.534,3.547
24/10/2019 10:00,13.401,0.051,0,1.222,279.092,0.917,6.891,3.653
24/10/2019 11:00,13.574,0.047,0,1.22,264.759,0.923,7.045,3.271
24/10/2019 12:00,13.557,0.043,0,1.219,231.307,0.91,7.162,2.762
24/10/2019 13:00,13.355,0.049,0,1.219,167.538,0.965,7.212,1.845
24/10/2019 14:00,12.933,0.062,0,1.22,87.078,0.974,6.804,0.784
24/10/2019 15:00,12.447,0.061,0,1.221,20.7,0.977,6.455,0.071
24/10/2019 16:00,12.113,0.061,0,1.222,0.002,0.979,6.342,0
25/10/2019 06:00,12.143,0.026,0,1.225,9.782,0.842,9.54,0
25/10/2019 07:00,12.155,0.011,0,1.226,38.62,0.979,9.064,0.186
25/10/2019 08:00,12.178,0.007,0,1.227,64.401,0.909,8.543,0.41
25/10/2019 09:00,12.649,0.013,0,1.227,189.188,0.517,8.809,1.969
25/10/2019 10:00,13.305,0.011,0,1.225,322.313,0.807,9.474,4.646
25/10/2019 11:00,13.503,0.005,0,1.225,229.229,0.936,9.691,2.547
25/10/2019 12:00,13.549,0.003,0,1.225,212.094,0.938,9.642,2.355
25/10/2019 13:00,13.496,0.008,0,1.225,181.833,0.941,9.475,2.166
25/10/2019 14:00,13.135,0.028,0,1.226,100.253,0.941,9.168,1.06
25/10/2019 15:00,12.464,0.043,0,1.228,24.703,0.949,8.633,0.141
26/10/2019 06:00,12.893,0.21,0,1.217,4.708,0.976,12.906,0
26/10/2019 07:00,13.089,0.081,0,1.216,49.299,0.97,12.317,0.287
26/10/2019 08:00,13.425,0.098,0,1.215,108.36,0.98,11.956,0.871
26/10/2019 09:00,13.691,0.139,0,1.214,113.909,0.991,11.747,0.873
26/10/2019 10:00,13.805,0.188,0,1.214,106.715,0.993,11.501,0.782
26/10/2019 11:00,13.883,0.243,0,1.213,105.563,0.992,11.223,0.769
26/10/2019 12:00,14.008,0.195,0,1.212,104.608,0.988,10.723,0.768
26/10/2019 13:00,14.132,0.138,0,1.211,83.963,0.986,10.187,0.583
26/10/2019 14:00,14.202,0.125,0,1.209,46.848,0.987,9.874,0.252
26/10/2019 15:00,14.201,0.109,0,1.208,8.484,0.988,9.79,0
27/10/2019 06:00,9.275,0.02,0,1.234,10.991,0.636,10.353,0.017
27/10/2019 07:00,9.416,0.013,0,1.236,74.803,0.829,10.737,0.761
27/10/2019 08:00,9.635,0.004,0,1.237,138.198,0.772,11.163,1.553
27/10/2019 09:00,10.072,0.005,0,1.238,244.069,0.518,11.156,3.548
27/10/2019 10:00,10.616,0.012,0,1.236,316.707,0.431,10.961,5.029
27/10/2019 11:00,10.97,0.023,0,1.235,283.09,0.38,10.68,4.13
27/10/2019 12:00,11.195,0.026,0,1.234,259.891,0.297,10.305,3.853
27/10/2019 13:00,11.243,0.039,0,1.233,188.789,0.249,9.814,2.689
27/10/2019 14:00,11.054,0.046,0,1.233,105.077,0.442,9.282,1.386
27/10/2019 15:00,10.598,0.05,0,1.234,17.029,0.494,8.917,0.053
28/10/2019 06:00,7.822,0.037,0,1.249,9.084,0.216,6.97,0
28/10/2019 07:00,8.077,0.031,0,1.251,88.042,0.132,6.703,1.219
28/10/2019 08:00,8.34,0.012,0,1.253,199.643,0.091,6.363,3.439
28/10/2019 09:00,8.822,0.004,0,1.253,284.417,0.195,5.894,4.92
28/10/2019 10:00,9.537,0.002,0,1.25,325.958,0.559,5.42,5.484
28/10/2019 11:00,10.144,0.002,0,1.248,299.176,0.83,5.059,4.68
28/10/2019 12:00,10.447,0.003,0,1.246,232.119,0.816,4.737,3.214
28/10/2019 13:00,10.469,0.005,0,1.245,161.075,0.818,4.405,1.997
28/10/2019 14:00,10.07,0.009,0,1.245,78.238,0.736,3.925,0.772
28/10/2019 15:00,9.01,0.023,0,1.246,15.035,0.763,3.799,0.03
29/10/2019 06:00,2.707,0.005,0.005,1.283,10.248,0.063,5.913,0.073
29/10/2019 07:00,3.991,0,0,1.283,100.225,0.03,5.8,1.967
29/10/2019 08:00,5.302,0,0,1.281,212.707,0.006,5.742,4.225
29/10/2019 09:00,6.494,0,0,1.277,297.601,0.005,5.727,5.62
29/10/2019 10:00,7.863,0,0,1.271,345.909,0.004,6.025,6.329
29/10/2019 11:00,8.691,0,0,1.267,351.765,0.005,6.155,6.426
29/10/2019 12:00,8.997,0,0,1.265,312.655,0.005,6.219,5.889
29/10/2019 13:00,8.914,0,0,1.265,236.749,0.003,6.31,4.793
29/10/2019 14:00,8.249,0,0,1.267,131.31,0.002,6.225,3.038
29/10/2019 15:00,6.351,0,0,1.27,25.716,0.001,6.195,0.48
30/10/2019 06:00,3.387,0,0,1.286,8.792,0.021,3.431,0.04
30/10/2019 07:00,4.135,0,0,1.286,96.427,0.031,3.257,1.882
30/10/2019 08:00,5.37,0,0,1.285,205.43,0.01,3.101,4.051
30/10/2019 09:00,6.433,0,0,1.283,291.46,0.063,3.237,5.508
30/10/2019 10:00,7.321,0,0,1.279,335.471,0.231,3.493,6.129
30/10/2019 11:00,8.055,0,0,1.276,330.017,0.487,3.769,5.929
30/10/2019 12:00,8.288,0,0,1.273,277.41,0.499,3.945,4.934
30/10/2019 13:00,8.144,0,0,1.272,197.536,0.584,4.103,3.467
30/10/2019 14:00,7.347,0,0,1.272,93.991,0.673,4.191,1.43
30/10/2019 15:00,5.928,0,0,1.272,17.597,0.578,4.566,0.131
31/10/2019 06:00,5.147,0.003,0,1.272,5.487,0.681,6.852,0
31/10/2019 07:00,6.157,0.003,0,1.272,70.922,0.72,6.868,0.861
31/10/2019 08:00,7.083,0.008,0,1.271,155.93,0.822,6.841,2.236
31/10/2019 09:00,7.614,0.006,0,1.269,204.735,0.972,6.783,2.777
31/10/2019 10:00,8.09,0.004,0,1.267,212.734,0.981,6.688,2.608
31/10/2019 11:00,8.703,0.003,0,1.264,202.218,0.93,6.694,2.364
31/10/2019 12:00,9.233,0.002,0,1.261,222.799,0.324,6.651,3.16
31/10/2019 13:00,9.486,0.002,0,1.259,204.901,0.105,6.409,3.653
31/10/2019 14:00,8.955,0.001,0,1.258,107.142,0.188,5.701,1.957
31/10/2019 15:00,7.361,0.001,0,1.258,15.701,0.278,5.463,0.092
01/11/2019 06:00,4.73,0.001,0,1.262,3.402,0.962,5.723,0
01/11/2019 07:00,5.601,0,0,1.261,42.706,0.991,6.311,0.267
01/11/2019 08:00,6.807,0,0,1.26,103.082,0.993,7.078,0.93
01/11/2019 09:00,7.317,0,0,1.259,151.118,0.993,7.567,1.482
01/11/2019 10:00,7.488,0,0,1.257,153.918,0.993,8.154,1.428
01/11/2019 11:00,7.581,0,0,1.255,155.942,0.993,8.439,1.445
01/11/2019 12:00,7.621,0,0,1.253,141.602,0.99,8.524,1.311
01/11/2019 13:00,7.573,0,0,1.251,121.927,0.99,8.605,1.179
01/11/2019 14:00,7.261,0,0,1.249,51.133,0.993,8.664,0.352
01/11/2019 15:00,6.916,0,0,1.248,6.718,0.992,8.756,0
02/11/2019 06:00,7.142,0.088,0,1.224,1.05,0.975,5.116,0
02/11/2019 07:00,7.688,0.061,0,1.222,18.513,0.973,5.134,0.022
02/11/2019 08:00,8.309,0.063,0,1.22,41.521,0.954,5.225,0.201
02/11/2019 09:00,8.714,0.092,0,1.219,64.369,0.916,5.347,0.4
02/11/2019 10:00,9.022,0.109,0,1.217,79.773,0.962,5.369,0.539
02/11/2019 11:00,9.246,0.182,0,1.215,73.437,0.992,5.234,0.478
02/11/2019 12:00,9.328,0.774,0,1.214,40.986,0.994,5.146,0.191
02/11/2019 13:00,9.357,1.31,0,1.212,24.59,0.993,5.16,0.062
02/11/2019 14:00,9.345,0.394,0,1.21,13.829,0.989,5.087,0
02/11/2019 15:00,9.147,0.06,0,1.209,5.266,0.977,5.018,0
03/11/2019 06:00,8.821,0.08,0,1.207,1.088,0.99,5.093,0
03/11/2019 07:00,9.139,0.17,0,1.207,15.199,0.989,4.89,0
03/11/2019 08:00,9.667,0.07,0,1.206,39.484,0.982,4.708,0.188
03/11/2019 09:00,10.741,0.075,0,1.206,150.919,0.971,4.876,1.455
03/11/2019 10:00,11.187,0.173,0,1.204,156.686,0.989,4.492,1.45
03/11/2019 11:00,11.246,0.148,0,1.204,109.321,0.983,3.983,0.857
03/11/2019 12:00,11.418,0.102,0,1.203,147.721,0.869,3.925,1.388
03/11/2019 13:00,11.431,0.11,0,1.203,121.325,0.596,3.66,1.205
03/11/2019 14:00,10.867,0.16,0,1.203,71.217,0.361,3.341,0.746
03/11/2019 15:00,9.679,0.103,0,1.204,10.584,0.35,3.482,0.002
04/11/2019 06:00,8.527,0.112,0,1.219,0.284,0.997,7.873,0
04/11/2019 07:00,8.385,0.2,0,1.22,8.371,0.996,7.898,0
04/11/2019 08:00,8.245,0.347,0,1.221,20.993,0.994,7.69,0.036
04/11/2019 09:00,8.191,0.523,0,1.222,29.316,0.993,8.016,0.098
04/11/2019 10:00,8.186,0.592,0,1.222,38.82,0.991,7.966,0.174
04/11/2019 11:00,8.141,0.624,0,1.222,42.779,0.99,7.84,0.207
04/11/2019 12:00,8.036,0.651,0,1.223,38.264,0.991,7.71,0.17
04/11/2019 13:00,7.866,0.707,0,1.224,26.771,0.991,7.588,0.08
04/11/2019 14:00,7.658,0.717,0,1.225,12.665,0.992,7.454,0
04/11/2019 15:00,7.472,0.672,0,1.226,1.349,0.994,7.405,0
05/11/2019 06:00,4.443,0.217,0,1.246,0.453,0.991,6.895,0
05/11/2019 07:00,4.251,0.166,0,1.248,16.937,0.977,6.904,0.014
05/11/2019 08:00,4.393,0.117,0,1.248,55.899,0.953,6.995,0.352
05/11/2019 09:00,4.657,0.073,0,1.248,111.844,0.973,6.937,0.949
05/11/2019 10:00,5.033,0.068,0,1.247,163.854,0.979,6.787,1.616
05/11/2019 11:00,5.345,0.113,0,1.246,158.688,0.983,6.406,1.525
05/11/2019 12:00,5.351,0.172,0,1.246,115.538,0.986,6.151,0.981
05/11/2019 13:00,5.133,0.197,0,1.247,69.462,0.988,6.129,0.49
05/11/2019 14:00,4.728,0.192,0,1.248,28.943,0.992,6.371,0.116
05/11/2019 15:00,4.214,0.212,0.001,1.251,2.72,0.995,6.783,0
06/11/2019 06:00,0.714,0.001,0,1.264,1.369,0.944,5.642,0
06/11/2019 07:00,1.173,0.001,0,1.265,49.173,0.934,5.475,0.585
06/11/2019 08:00,2.041,0.001,0,1.264,142.789,0.86,5.234,2.478
06/11/2019 09:00,2.71,0.001,0,1.262,231.188,0.731,4.703,4.396
06/11/2019 10:00,3.426,0.001,0,1.259,283.025,0.675,4.245,5.421
06/11/2019 11:00,4.098,0.001,0,1.256,290.905,0.662,3.987,5.614
06/11/2019 12:00,4.626,0.001,0,1.253,250.794,0.661,3.864,4.921
06/11/2019 13:00,5.086,0.002,0,1.25,175.539,0.652,3.729,3.538
06/11/2019 14:00,4.476,0.003,0,1.249,82.638,0.696,3.453,1.769
06/11/2019 15:00,3.594,0.004,0,1.25,7.061,0.824,3.478,0
07/11/2019 06:00,3.144,0.044,0.002,1.253,0.491,0.866,4.226,0
07/11/2019 07:00,3.805,0.038,0.002,1.252,25.66,0.832,4.464,0.095
07/11/2019 08:00,4.995,0.037,0.001,1.25,70.848,0.785,4.602,0.531
07/11/2019 09:00,6.01,0.043,0.001,1.248,124.23,0.809,4.626,1.133
07/11/2019 10:00,6.539,0.041,0,1.246,128.805,0.884,4.555,1.127
07/11/2019 11:00,6.862,0.051,0,1.245,124.316,0.941,4.536,1.059
07/11/2019 12:00,6.979,0.051,0,1.244,97.923,0.982,4.486,0.77
07/11/2019 13:00,6.9,0.041,0,1.243,62.477,0.973,4.436,0.416
07/11/2019 14:00,6.591,0.029,0,1.243,26.816,0.938,4.531,0.099
07/11/2019 15:00,6.225,0.026,0,1.243,2.366,0.918,4.791,0
08/11/2019 06:00,7.609,0.011,0,1.237,0.471,0.989,6.355,0
08/11/2019 07:00,7.688,0.004,0,1.239,30.552,0.989,6.219,0.166
08/11/2019 08:00,8.126,0.002,0,1.241,83.137,0.955,6.013,0.742
08/11/2019 09:00,8.421,0.001,0,1.242,155.058,0.795,5.97,1.823
08/11/2019 10:00,8.717,0.001,0,1.242,214.361,0.79,5.667,2.996
08/11/2019 11:00,8.993,0,0,1.241,220.601,0.832,5.245,3.159
08/11/2019 12:00,9.14,0,0,1.24,192.441,0.861,4.558,2.727
08/11/2019 13:00,8.983,0,0,1.239,116.072,0.933,3.723,1.334
08/11/2019 14:00,8.274,0,0,1.239,42.756,0.977,3.263,0.327
08/11/2019 15:00,7.84,0,0,1.24,3.118,0.989,2.939,0
09/11/2019 06:00,6.016,0.108,0,1.249,0.118,0.995,5.925,0
09/11/2019 07:00,6.034,0.154,0,1.25,12.345,0.994,5.984,0
09/11/2019 08:00,6.27,0.222,0,1.249,31.324,0.994,6,0.12
09/11/2019 09:00,6.584,0.384,0,1.247,45.77,0.995,5.959,0.238
09/11/2019 10:00,6.934,0.652,0,1.245,51.447,0.995,5.892,0.286
09/11/2019 11:00,7.129,0.979,0,1.244,49.796,0.996,5.752,0.271
09/11/2019 12:00,7.091,1.208,0,1.243,41.477,0.993,5.629,0.2
09/11/2019 13:00,6.898,1.309,0,1.244,28.439,0.977,5.552,0.095
09/11/2019 14:00,6.634,1.303,0,1.245,13.138,0.942,5.658,0
09/11/2019 15:00,6.362,1.298,0,1.246,0.872,0.983,5.944,0
10/11/2019 06:00,3.926,0.002,0,1.258,0.21,0.223,4.59,0
10/11/2019 07:00,4.22,0.002,0,1.259,40.027,0.212,4.239,0.462
10/11/2019 08:00,5.355,0.002,0,1.259,122.09,0.206,3.97,1.961
10/11/2019 09:00,6.106,0.002,0,1.259,190.023,0.201,3.957,3.191
10/11/2019 10:00,6.523,0.003,0,1.258,228.896,0.164,3.879,3.874
10/11/2019 11:00,6.99,0.003,0,1.256,244.166,0.104,3.961,4.332
10/11/2019 12:00,7.32,0.004,0,1.255,218.848,0.098,3.953,4.078
10/11/2019 13:00,7.331,0.004,0,1.253,150.388,0.143,3.745,2.839
10/11/2019 14:00,6.548,0.004,0,1.253,59.871,0.239,3.448,1.017
10/11/2019 15:00,6.039,0.006,0,1.254,2.668,0.464,3.05,0
11/11/2019 06:00,5.822,0.007,0,1.252,0.098,0.569,7.786,0
11/11/2019 07:00,6.151,0.007,0,1.252,29.922,0.888,7.775,0.198
11/11/2019 08:00,6.503,0.005,0,1.253,99.022,0.96,7.786,1.149
11/11/2019 09:00,6.653,0.002,0,1.254,158.152,0.991,7.781,2.009
11/11/2019 10:00,6.645,0.001,0,1.254,141.063,0.993,7.763,1.418
11/11/2019 11:00,6.612,0,0,1.254,130.631,0.983,7.763,1.227
11/11/2019 12:00,6.622,0,0,1.253,118.362,0.97,7.622,1.121
11/11/2019 13:00,6.574,0,0,1.252,96.733,0.981,7.462,0.991
11/11/2019 14:00,6.207,0,0,1.252,47.188,0.952,7.464,0.511
11/11/2019 15:00,5.613,0,0,1.251,2.585,0.895,7.795,0
12/11/2019 06:00,5.344,0.061,0,1.248,0.02,0.941,8.573,0
12/11/2019 07:00,5.504,0.066,0,1.249,18.61,0.813,8.719,0.042
12/11/2019 08:00,5.82,0.046,0,1.248,54.062,0.705,8.842,0.362
12/11/2019 09:00,6.169,0.041,0,1.247,92.219,0.612,8.956,0.761
12/11/2019 10:00,6.474,0.042,0,1.246,121.108,0.385,9.063,1.11
12/11/2019 11:00,6.792,0.032,0,1.245,182.65,0.244,9.08,2.293
12/11/2019 12:00,7.062,0.021,0,1.243,184.399,0.17,8.832,2.792
12/11/2019 13:00,7.071,0.008,0,1.242,135.568,0.159,8.21,2.242
12/11/2019 14:00,6.695,0.004,0,1.242,54.982,0.149,7.693,0.89
12/11/2019 15:00,5.798,0.003,0,1.243,2.015,0.143,7.273,0
13/11/2019 06:00,4.551,0.007,0,1.241,0.009,0.956,5.84,0
13/11/2019 07:00,4.828,0.006,0,1.241,28.768,0.926,6.126,0.225
13/11/2019 08:00,6.258,0.006,0,1.241,100.628,0.789,6.663,1.321
13/11/2019 09:00,6.95,0.02,0,1.241,163.651,0.709,6.812,2.355
13/11/2019 10:00,7.158,0.015,0,1.24,179.575,0.865,6.912,2.379
13/11/2019 11:00,7.136,0.006,0,1.241,191.922,0.935,6.832,2.657
13/11/2019 12:00,7.063,0.003,0,1.241,158.178,0.956,6.68,2.059
13/11/2019 13:00,6.824,0.002,0,1.241,89.796,0.985,6.366,0.911
13/11/2019 14:00,6.317,0.001,0,1.241,26.535,0.988,6.172,0.136
13/11/2019 15:00,5.754,0,0,1.241,1.035,0.985,6.344,0
14/11/2019 07:00,5.789,0.018,0,1.246,17.982,0.576,5.187,0.042
14/11/2019 08:00,6.565,0.014,0,1.248,65.998,0.604,5.305,0.531
14/11/2019 09:00,6.978,0.02,0,1.249,105.214,0.691,5.437,0.963
14/11/2019 10:00,7.145,0.022,0,1.25,127.189,0.454,5.422,1.216
14/11/2019 11:00,7.347,0.017,0,1.25,161.555,0.414,5.146,1.845
14/11/2019 12:00,7.556,0.01,0,1.25,156.144,0.328,4.604,2.004
14/11/2019 13:00,7.54,0.007,0,1.25,112.247,0.437,3.989,1.495
14/11/2019 14:00,6.929,0.005,0,1.25,38.876,0.592,3.655,0.393
14/11/2019 15:00,6.371,0.003,0,1.251,0.857,0.564,3.809,0
15/11/2019 07:00,6.073,0.006,0,1.261,17.501,0.966,10.372,0.041
15/11/2019 08:00,6.529,0.008,0,1.26,60.867,0.968,10.656,0.459
15/11/2019 09:00,7.083,0.006,0,1.257,105.526,0.96,11.01,0.965
15/11/2019 10:00,7.722,0.002,0,1.253,134.47,0.96,11.305,1.318
15/11/2019 11:00,8.16,0.002,0,1.25,138.421,0.956,11.375,1.37
15/11/2019 12:00,8.358,0.002,0,1.248,114.971,0.964,11.374,1.08
15/11/2019 13:00,8.403,0.004,0,1.247,64.777,0.978,11.448,0.484
15/11/2019 14:00,8.367,0.012,0,1.246,19.241,0.979,11.619,0.048
15/11/2019 15:00,8.26,0.019,0,1.246,0.269,0.987,11.751,0
16/11/2019 07:00,8.971,0.083,0,1.233,3.55,0.995,8.403,0
16/11/2019 08:00,9.086,0.203,0,1.232,13.729,0.997,8.056,0
16/11/2019 09:00,9.14,1.154,0,1.231,19.855,0.994,7.684,0.028
16/11/2019 10:00,9.167,1.697,0,1.23,32.731,0.985,7.122,0.125
16/11/2019 11:00,9.251,0.982,0,1.229,40.391,0.984,6.815,0.188
16/11/2019 12:00,9.311,0.366,0,1.227,23.125,0.903,6.826,0.052
16/11/2019 13:00,9.338,0.164,0,1.227,26.009,0.758,7.223,0.076
16/11/2019 14:00,9.182,0.092,0,1.227,13.662,0.764,7.652,0
16/11/2019 15:00,8.914,0.121,0,1.229,0.076,0.831,8.173,0
17/11/2019 07:00,5.826,0,0,1.259,23.114,0.941,7.432,0.25
17/11/2019 08:00,6.61,0,0,1.259,98.475,0.945,6.956,1.598
17/11/2019 09:00,7.263,0,0,1.259,159.952,0.944,6.345,2.659
17/11/2019 10:00,7.653,0,0,1.258,184.398,0.947,5.504,2.86
17/11/2019 11:00,7.845,0,0,1.257,172.726,0.934,4.577,2.459
17/11/2019 12:00,7.923,0,0,1.256,161.898,0.923,3.866,2.552
17/11/2019 13:00,7.6,0,0,1.255,113.364,0.833,3.411,1.929
17/11/2019 14:00,6.474,0,0,1.255,38.318,0.825,4.023,0.688
17/11/2019 15:00,5.704,0.002,0,1.255,0.321,0.956,4.832,0
18/11/2019 07:00,8.576,0.021,0,1.239,6.542,0.993,8.519,0
18/11/2019 08:00,8.6,0.02,0,1.239,33.283,0.991,8.394,0.143
18/11/2019 09:00,8.688,0.018,0,1.239,64.988,0.99,8.312,0.432
18/11/2019 10:00,8.82,0.018,0,1.238,88.968,0.99,8.262,0.671
18/11/2019 11:00,8.93,0.016,0,1.237,81.299,0.993,8.009,0.585
18/11/2019 12:00,9.006,0.016,0,1.235,60.325,0.996,7.614,0.38
18/11/2019 13:00,9.008,0.03,0,1.234,35.091,0.996,7.232,0.156
18/11/2019 14:00,8.913,0.06,0,1.234,10.369,0.994,7.24,0
18/11/2019 15:00,8.856,0.076,0,1.233,0.051,0.994,7.4,0
19/11/2019 07:00,5.51,0.087,0,1.253,10.202,0.534,8.288,0
19/11/2019 08:00,5.805,0.082,0,1.252,47.394,0.656,7.845,0.296
19/11/2019 09:00,6.375,0.071,0,1.25,54.33,0.82,7.42,0.331
19/11/2019 10:00,6.957,0.065,0,1.248,47.813,0.841,7.253,0.261
19/11/2019 11:00,7.512,0.081,0,1.245,62.637,0.686,7.417,0.4
19/11/2019 12:00,7.974,0.095,0,1.244,80.793,0.819,7.915,0.61
19/11/2019 13:00,8.058,0.051,0,1.244,50.856,0.845,8.32,0.323
19/11/2019 14:00,7.869,0.044,0,1.245,15.478,0.847,8.515,0.019
19/11/2019 15:00,7.718,0.026,0,1.247,0.065,0.818,8.801,0
20/11/2019 07:00,6.088,0.046,0,1.263,6.65,0.932,4.365,0
20/11/2019 08:00,6.698,0.068,0,1.262,33.562,0.861,4.789,0.15
20/11/2019 09:00,7.297,0.094,0,1.261,63.692,0.804,5.058,0.427
20/11/2019 10:00,7.7,0.103,0,1.26,83.552,0.773,5.34,0.622
20/11/2019 11:00,7.946,0.168,0,1.258,83.824,0.78,5.76,0.621
20/11/2019 12:00,8.055,0.342,0,1.256,61.079,0.793,6.131,0.394
20/11/2019 13:00,8.079,0.469,0,1.254,34.137,0.805,6.483,0.151
20/11/2019 14:00,8.029,0.51,0,1.253,10.246,0.797,6.934,0
20/11/2019 15:00,7.975,0.517,0,1.253,0.009,0.776,7.414,0
21/11/2019 07:00,8.182,0.058,0,1.251,3.886,0.994,6.269,0
21/11/2019 08:00,8.412,0.058,0,1.25,20.46,0.991,6.584,0.037
21/11/2019 09:00,8.662,0.049,0,1.249,45.103,0.982,6.761,0.239
21/11/2019 10:00,8.871,0.045,0,1.248,56.813,0.932,6.775,0.342
21/11/2019 11:00,9.033,0.058,0,1.247,69.453,0.836,6.972,0.467
21/11/2019 12:00,9.058,0.06,0,1.246,77.514,0.785,7.09,0.577
21/11/2019 13:00,8.854,0.031,0,1.246,56.97,0.78,7.271,0.407
21/11/2019 14:00,8.431,0.024,0,1.247,18.375,0.847,7.55,0.059
21/11/2019 15:00,8.073,0.02,0,1.249,0.013,0.886,7.825,0
22/11/2019 07:00,8.352,0.159,0,1.243,2.705,0.926,7.723,0
22/11/2019 08:00,8.514,0.167,0,1.243,19.578,0.92,7.298,0.03
22/11/2019 09:00,8.672,0.168,0,1.243,42.553,0.857,6.502,0.216
22/11/2019 10:00,8.858,0.138,0,1.242,62.529,0.838,5.936,0.399
22/11/2019 11:00,9.006,0.087,0,1.242,72.173,0.921,5.742,0.497
22/11/2019 12:00,9.05,0.048,0,1.241,68.12,0.979,5.652,0.472
22/11/2019 13:00,8.932,0.027,0,1.242,47.764,0.982,5.56,0.296
22/11/2019 14:00,8.583,0.017,0,1.243,15.329,0.98,5.636,0.023
22/11/2019 15:00,8.18,0.014,0,1.244,0.006,0.978,5.916,0
23/11/2019 07:00,6.778,0.007,0,1.256,6.067,0.898,8.35,0
23/11/2019 08:00,6.803,0.007,0,1.257,36.395,0.829,8.689,0.187
23/11/2019 09:00,6.927,0.006,0,1.256,74.706,0.796,8.91,0.572
23/11/2019 10:00,7.086,0.008,0,1.256,89.623,0.871,9.089,0.714
23/11/2019 11:00,7.072,0.011,0,1.255,78.58,0.893,9.172,0.579
23/11/2019 12:00,6.878,0.013,0,1.256,62.474,0.851,9.236,0.42
23/11/2019 13:00,6.62,0.009,0,1.257,42.174,0.822,9.253,0.241
23/11/2019 14:00,6.327,0.008,0,1.258,11.175,0.837,9.297,0
23/11/2019 15:00,6.138,0.005,0,1.259,0.001,0.757,9.477,0
24/11/2019 07:00,5.434,0.011,0,1.265,5.664,0.978,9.371,0
24/11/2019 08:00,5.608,0.009,0,1.265,35.373,0.987,9.296,0.181
24/11/2019 09:00,5.733,0.007,0,1.265,67.549,0.983,9.209,0.496
24/11/2019 10:00,5.87,0.005,0,1.265,88.26,0.983,9.122,0.713
24/11/2019 11:00,6.015,0.004,0,1.264,97.891,0.974,9.016,0.838
24/11/2019 12:00,6.054,0.003,0,1.263,88.25,0.93,8.936,0.765
24/11/2019 13:00,5.997,0.003,0,1.263,56.809,0.905,8.82,0.446
24/11/2019 14:00,5.872,0.003,0,1.262,15.306,0.964,8.751,0.037
25/11/2019 07:00,5.12,0.01,0,1.266,4.378,0.994,7.154,0
25/11/2019 08:00,5.196,0.009,0,1.266,28.021,0.995,7.1,0.106
25/11/2019 09:00,5.327,0.008,0,1.266,52.177,0.996,7.154,0.318
25/11/2019 10:00,5.422,0.007,0,1.265,61.705,0.998,6.969,0.402
25/11/2019 11:00,5.499,0.007,0,1.265,61.956,0.999,6.75,0.403
25/11/2019 12:00,5.534,0.009,0,1.264,53.334,0.998,6.568,0.326
25/11/2019 13:00,5.495,0.011,0,1.264,34.529,0.997,6.432,0.164
25/11/2019 14:00,5.344,0.012,0,1.264,9.421,0.995,6.271,0
26/11/2019 07:00,6.068,0.024,0,1.252,2.04,0.986,6.156,0
26/11/2019 08:00,6.234,0.019,0,1.251,16.367,0.99,6.29,0.008
26/11/2019 09:00,6.431,0.02,0,1.25,37.779,0.996,6.361,0.177
26/11/2019 10:00,6.592,0.017,0,1.249,52.242,0.998,6.316,0.304
26/11/2019 11:00,6.661,0.022,0,1.248,55.536,0.998,6.336,0.335
26/11/2019 12:00,6.616,0.026,0,1.247,34.736,0.998,5.985,0.149
26/11/2019 13:00,6.513,0.052,0,1.247,19.495,0.995,5.619,0.031
26/11/2019 14:00,6.333,0.117,0,1.246,5.386,0.989,5.426,0
27/11/2019 07:00,7.384,0.019,0,1.232,4.093,0.98,6.569,0
27/11/2019 08:00,7.558,0.024,0,1.232,36.055,0.985,6.791,0.187
27/11/2019 09:00,7.729,0.03,0,1.231,46.02,0.995,6.758,0.254
27/11/2019 10:00,7.746,0.031,0,1.23,40.358,0.996,6.746,0.195
27/11/2019 11:00,7.645,0.023,0,1.23,33.296,0.995,6.811,0.134
27/11/2019 12:00,7.52,0.029,0,1.23,24.653,0.995,6.968,0.066
27/11/2019 13:00,7.44,0.126,0,1.229,16.481,0.995,7.189,0.009
27/11/2019 14:00,7.346,0.262,0,1.229,3.986,0.994,7.481,0
28/11/2019 07:00,7.964,0.201,0,1.213,2.546,0.805,8.211,0
28/11/2019 08:00,8.148,0.633,0,1.212,16.703,0.882,7.929,0.011
28/11/2019 09:00,8.335,0.573,0,1.211,34.085,0.871,8.322,0.144
28/11/2019 10:00,8.57,0.242,0,1.21,44.384,0.811,8.542,0.23
28/11/2019 11:00,8.839,0.126,0,1.208,63.45,0.833,8.736,0.412
28/11/2019 12:00,8.943,0.238,0,1.207,49.97,0.962,8.653,0.288
28/11/2019 13:00,8.821,0.476,0,1.207,20.679,0.99,8.289,0.04
28/11/2019 14:00,8.613,0.51,0,1.207,4.673,0.995,7.957,0
29/11/2019 07:00,3,0.099,0.003,1.244,3.703,0.506,9.775,0
29/11/2019 08:00,2.623,0.163,0.022,1.248,35.538,0.52,10.825,0.209
29/11/2019 09:00,2.274,0.259,0.063,1.252,68.466,0.654,11.777,0.547
29/11/2019 10:00,1.942,0.228,0.065,1.257,66.271,0.91,12.299,0.478
29/11/2019 11:00,1.869,0.122,0.037,1.26,55.448,0.904,12.209,0.359
29/11/2019 12:00,2.224,0.02,0.007,1.26,74.15,0.797,11.59,0.618
29/11/2019 13:00,2.568,0.004,0,1.261,70.123,0.543,10.976,0.875
29/11/2019 14:00,2.492,0,0,1.261,20.431,0.061,10.388,0.316
30/11/2019 07:00,0.856,0.002,0.001,1.274,7.552,0.028,6.034,0.058
30/11/2019 08:00,1.93,0.001,0,1.275,74.417,0.018,5.92,1.823
30/11/2019 09:00,3.406,0.003,0,1.275,148.348,0.011,5.982,3.695
30/11/2019 10:00,4.167,0.007,0,1.273,191.349,0.022,5.988,4.621
30/11/2019 11:00,4.519,0.006,0,1.272,194.184,0.03,5.98,4.662
30/11/2019 12:00,4.535,0.005,0,1.272,158.328,0.034,5.842,3.921
30/11/2019 13:00,3.874,0.003,0,1.271,92.654,0.037,5.679,2.476
30/11/2019 14:00,2.56,0.002,0,1.271,18.694,0.026,5.672,0.423
01/12/2019 07:00,1.183,0.001,0,1.28,6.254,0.882,6.028,0
01/12/2019 08:00,2.307,0.001,0,1.28,51.2,0.968,6.219,0.589
01/12/2019 09:00,3.333,0.002,0,1.279,105.774,0.963,6.43,1.495
01/12/2019 10:00,3.788,0.002,0,1.278,139.174,0.978,6.598,2.057
01/12/2019 11:00,3.868,0.002,0,1.277,120.06,0.992,6.657,1.455
01/12/2019 12:00,3.704,0.001,0,1.277,88.422,0.993,6.648,0.918
01/12/2019 13:00,3.268,0.001,0,1.276,50.025,0.991,6.792,0.441
01/12/2019 14:00,2.647,0.001,0,1.276,10.498,0.989,6.984,0.007
02/12/2019 07:00,2.948,0.002,0,1.272,5.334,0.282,7.453,0
02/12/2019 08:00,3.26,0.003,0,1.273,61.797,0.212,7.449,1.156
02/12/2019 09:00,3.82,0.009,0,1.272,120.718,0.085,7.561,2.387
02/12/2019 10:00,4.271,0.01,0,1.271,176.976,0.071,7.538,4.017
02/12/2019 11:00,4.593,0.006,0,1.269,179.54,0.077,7.459,4.079
02/12/2019 12:00,4.499,0.006,0,1.269,148.69,0.063,7.329,3.519
02/12/2019 13:00,3.922,0.004,0,1.271,85.813,0.068,7.11,2.151
02/12/2019 14:00,2.586,0.002,0,1.275,15.878,0.068,6.812,0.289
03/12/2019 07:00,1.625,0,0,1.285,2.154,0.992,5.953,0
03/12/2019 08:00,2.283,0.004,0,1.284,19.83,0.992,6.259,0.04
03/12/2019 09:00,3.02,0.079,0,1.282,39.792,0.993,6.256,0.204
03/12/2019 10:00,3.55,0.346,0.001,1.279,36.97,0.992,6.42,0.171
03/12/2019 11:00,4.147,0.369,0.001,1.276,24.156,0.995,7.221,0.064
03/12/2019 12:00,4.699,0.305,0,1.272,18.402,0.992,7.734,0.021
03/12/2019 13:00,5.144,0.321,0,1.269,15.274,0.937,7.976,0.002
03/12/2019 14:00,5.386,0.339,0,1.266,3.031,0.872,8.292,0
04/12/2019 07:00,6.138,0.01,0,1.262,1.591,0.946,7.414,0
04/12/2019 08:00,6.264,0.006,0,1.262,21.941,0.95,7.249,0.062
04/12/2019 09:00,6.506,0.004,0,1.262,54.829,0.914,7.176,0.374
04/12/2019 10:00,6.761,0.003,0,1.261,84.868,0.851,7.113,0.723
04/12/2019 11:00,6.981,0.004,0,1.259,101.032,0.803,7.145,0.979
04/12/2019 12:00,7.08,0.007,0,1.258,85.889,0.8,7.117,0.829
04/12/2019 13:00,6.994,0.013,0,1.258,44.361,0.877,7.149,0.324
04/12/2019 14:00,6.809,0.02,0,1.258,4.765,0.953,7.163,0
05/12/2019 07:00,5.75,0.013,0,1.263,0.861,0.955,8.265,0
05/12/2019 08:00,5.673,0.013,0,1.263,13.488,0.963,8.495,0
05/12/2019 09:00,5.626,0.014,0,1.264,30.66,0.962,8.833,0.121
05/12/2019 10:00,5.733,0.012,0,1.262,56.629,0.981,9.048,0.36
05/12/2019 11:00,5.878,0.008,0,1.261,60.18,0.99,9.123,0.397
05/12/2019 12:00,5.829,0.005,0,1.26,47.281,0.989,9.13,0.277
05/12/2019 13:00,5.67,0.005,0,1.26,32.028,0.989,9.064,0.154
05/12/2019 14:00,5.575,0.006,0,1.259,4.672,0.988,9.033,0
06/12/2019 07:00,6.858,0.057,0,1.237,0.59,0.977,12.148,0
06/12/2019 08:00,7.007,0.044,0,1.236,12.291,0.975,11.713,0
06/12/2019 09:00,7.054,0.042,0,1.237,32.392,0.939,11.506,0.133
06/12/2019 10:00,7.054,0.036,0,1.237,42.472,0.979,11.082,0.218
06/12/2019 11:00,6.996,0.031,0,1.237,46.424,0.991,10.613,0.254
06/12/2019 12:00,6.808,0.041,0,1.238,30.608,0.993,10.312,0.117
06/12/2019 13:00,6.53,0.131,0,1.239,12.119,0.992,10.039,0
06/12/2019 14:00,6.26,0.457,0,1.24,1.907,0.991,9.784,0
07/12/2019 07:00,7.437,0.071,0,1.227,0.72,0.736,9.235,0
07/12/2019 08:00,7.208,0.005,0,1.23,27.168,0.36,10.656,0.147
07/12/2019 09:00,6.906,0,0,1.233,123.073,0.277,10.749,2.617
07/12/2019 10:00,7.12,0,0,1.234,169.044,0.262,10.884,3.898
07/12/2019 11:00,7.321,0.001,0,1.234,171.503,0.079,11.117,3.92
07/12/2019 12:00,7.307,0.003,0,1.234,138.746,0.032,11.219,3.234
07/12/2019 13:00,7,0.004,0,1.236,75.061,0.059,10.785,1.729
07/12/2019 14:00,6.429,0.006,0,1.239,10.458,0.122,10.338,0.086
08/12/2019 07:00,7.491,0.361,0,1.226,0.143,0.996,12.267,0
08/12/2019 08:00,7.582,0.927,0,1.224,5.425,0.993,13.431,0
08/12/2019 09:00,7.413,1.254,0,1.223,14.741,0.994,14.322,0
08/12/2019 10:00,7.301,0.805,0,1.222,13.972,0.997,14.372,0
08/12/2019 11:00,7.616,0.428,0,1.219,15.504,0.993,14.078,0
08/12/2019 12:00,8.064,0.112,0,1.216,17.129,0.914,13.137,0.011
08/12/2019 13:00,8.362,0.061,0,1.214,27.28,0.654,11.982,0.102
08/12/2019 14:00,8.264,0.064,0,1.214,5.83,0.381,11.278,0
09/12/2019 07:00,5.914,0.015,0,1.229,2.16,0.471,10.33,0
09/12/2019 08:00,5.995,0.048,0,1.229,41.084,0.325,10.443,0.421
09/12/2019 09:00,6.229,0.08,0,1.229,88.21,0.449,10.713,1.085
09/12/2019 10:00,6.437,0.096,0,1.229,98.726,0.602,10.956,1.045
09/12/2019 11:00,6.656,0.071,0,1.228,84.05,0.618,10.982,0.75
09/12/2019 12:00,6.809,0.062,0,1.227,65.374,0.596,10.9,0.529
09/12/2019 13:00,6.806,0.064,0,1.227,36.149,0.572,10.701,0.231
09/12/2019 14:00,6.652,0.076,0,1.227,5.132,0.544,10.521,0
10/12/2019 07:00,-0.25,0,0,1.284,2.798,0.278,5.319,0
10/12/2019 08:00,0.501,0,0,1.284,56.569,0.1,4.478,1.463
10/12/2019 09:00,1.924,0,0,1.283,129.673,0.016,4.329,3.499
10/12/2019 10:00,3.147,0,0,1.28,171.169,0.291,3.934,4.387
10/12/2019 11:00,3.659,0,0,1.279,166.128,0.918,3.901,3.977
10/12/2019 12:00,3.625,0,0,1.277,117.715,0.947,4.413,2.407
10/12/2019 13:00,3.108,0.002,0,1.275,60.156,0.884,5.088,1.078
10/12/2019 14:00,2.497,0.003,0,1.272,8.23,0.928,5.789,0.031
11/12/2019 07:00,4.593,0.285,0,1.258,0.065,0.998,9.831,0
11/12/2019 08:00,4.637,0.584,0,1.257,4.617,0.998,9.11,0
11/12/2019 09:00,4.569,0.832,0,1.258,13.125,0.997,8.596,0
11/12/2019 10:00,4.481,0.958,0,1.259,19.978,0.998,8.154,0.032
11/12/2019 11:00,4.339,0.999,0,1.259,21.749,0.997,7.749,0.045
11/12/2019 12:00,4.135,1.014,0,1.26,17.476,0.997,7.427,0.015
11/12/2019 13:00,3.843,0.838,0,1.261,8.875,0.996,6.946,0
11/12/2019 14:00,3.654,0.562,0,1.262,0.913,0.996,6.648,0
12/12/2019 07:00,3.542,0.133,0.006,1.251,0.224,0.996,4.529,0
12/12/2019 08:00,3.985,0.082,0.003,1.248,8.373,0.995,4.539,0
12/12/2019 09:00,4.533,0.057,0.001,1.246,26.06,0.989,4.914,0.085
12/12/2019 10:00,4.986,0.043,0,1.244,46.295,0.975,5.363,0.266
12/12/2019 11:00,5.206,0.037,0,1.244,88.738,0.957,5.895,0.804
12/12/2019 12:00,5.052,0.024,0,1.244,81.65,0.961,6.326,0.813
12/12/2019 13:00,4.565,0.017,0,1.245,45.304,0.897,6.519,0.391
12/12/2019 14:00,4.139,0.022,0,1.246,3.935,0.906,6.623,0
13/12/2019 07:00,3.947,0.003,0,1.237,1.417,0.518,9.368,0
13/12/2019 08:00,4.094,0.003,0,1.236,38.483,0.421,9.363,0.436
13/12/2019 09:00,4.393,0.003,0,1.235,94.534,0.362,9.268,1.478
13/12/2019 10:00,4.663,0.004,0,1.234,125.875,0.431,9.058,2.003
13/12/2019 11:00,4.79,0.005,0,1.232,113.132,0.623,8.695,1.503
13/12/2019 12:00,4.75,0.006,0,1.232,82.144,0.749,8.308,0.923
13/12/2019 13:00,4.535,0.006,0,1.231,43.493,0.654,8.049,0.412
13/12/2019 14:00,4.137,0.006,0,1.232,5.52,0.499,7.935,0
14/12/2019 07:00,2.811,0.248,0,1.233,0.445,0.971,6.813,0
14/12/2019 08:00,2.815,0.384,0,1.234,10.798,0.961,6.708,0
14/12/2019 09:00,3.042,0.373,0,1.233,23.738,0.966,6.612,0.065
14/12/2019 10:00,3.523,0.242,0,1.231,31.911,0.972,6.605,0.13
14/12/2019 11:00,4.218,0.12,0,1.227,47.093,0.963,6.657,0.269
14/12/2019 12:00,4.722,0.081,0,1.224,41.45,0.954,6.64,0.223
14/12/2019 13:00,4.869,0.101,0,1.223,21.593,0.95,6.958,0.056
14/12/2019 14:00,4.832,0.111,0,1.224,2.396,0.948,7.849,0
15/12/2019 07:00,4.305,0.007,0,1.238,0.729,0.929,8.414,0
15/12/2019 08:00,4.218,0.055,0,1.239,18.074,0.904,8.735,0.035
15/12/2019 09:00,4.225,0.617,0.035,1.238,45.005,0.824,9.452,0.274
15/12/2019 10:00,3.763,1.821,0.03,1.24,48.5,0.907,11.108,0.289
15/12/2019 11:00,3.981,0.323,0,1.237,26.483,0.777,11.383,0.086
15/12/2019 12:00,5.848,0.103,0,1.226,64.674,0.361,11.485,0.504
15/12/2019 13:00,6.198,0.124,0,1.224,35.833,0.606,13.315,0.225
15/12/2019 14:00,5.917,0.212,0,1.226,2.859,0.76,14.473,0
16/12/2019 07:00,5.309,0.013,0,1.25,0.741,0.962,7.869,0
16/12/2019 08:00,5.306,0.003,0,1.252,22.362,0.972,8.388,0.081
16/12/2019 09:00,5.392,0.001,0,1.252,49.663,0.985,8.278,0.332
16/12/2019 10:00,5.501,0.002,0,1.252,59.615,0.994,8.196,0.411
16/12/2019 11:00,5.58,0.002,0,1.25,45.511,0.993,8.095,0.258
16/12/2019 12:00,5.634,0.003,0,1.249,47.598,0.98,8.102,0.294
16/12/2019 13:00,5.591,0.004,0,1.249,31.053,0.99,8.123,0.162
16/12/2019 14:00,5.472,0.006,0,1.248,3.431,0.994,8.124,0
17/12/2019 07:00,5.922,0.313,0,1.245,0.078,0.999,6.467,0
17/12/2019 08:00,6.043,0.134,0,1.245,5.091,0.999,7.034,0
17/12/2019 09:00,6.118,0.054,0,1.244,19.325,0.998,6.896,0.029
17/12/2019 10:00,6.229,0.011,0,1.243,41.952,0.997,6.436,0.219
17/12/2019 11:00,6.273,0.002,0,1.243,58.055,0.994,6.156,0.383
17/12/2019 12:00,6.273,0.012,0,1.242,56.988,0.995,5.804,0.397
17/12/2019 13:00,6.113,0.072,0,1.242,24.04,0.996,5.684,0.08
17/12/2019 14:00,6.021,0.187,0,1.242,2.41,0.996,6.279,0
18/12/2019 07:00,5.262,0.001,0,1.253,0.781,0.932,10.032,0
18/12/2019 08:00,5.205,0.001,0,1.255,28.006,0.622,8.226,0.209
18/12/2019 09:00,5.519,0.002,0,1.256,103.83,0.1,7.501,2.039
18/12/2019 10:00,6.028,0.003,0,1.256,134.989,0.133,7.656,2.601
18/12/2019 11:00,6.412,0.005,0,1.254,134.028,0.136,7.958,2.444
18/12/2019 12:00,6.523,0.015,0,1.254,108.904,0.118,8.08,1.993
18/12/2019 13:00,6.236,0.007,0,1.255,56.273,0.215,8.133,0.94
18/12/2019 14:00,5.738,0.005,0,1.257,5.616,0.56,8.388,0
19/12/2019 07:00,4.923,0.009,0,1.271,0.669,0.992,7.605,0
19/12/2019 08:00,4.899,0.018,0,1.271,14.304,0.998,8.25,0.001
19/12/2019 09:00,4.755,0.016,0,1.272,25.326,0.999,8.863,0.079
19/12/2019 10:00,4.793,0.012,0,1.271,41.044,0.998,9.112,0.213
19/12/2019 11:00,4.906,0.011,0,1.27,51.539,0.998,9.096,0.317
19/12/2019 12:00,5.017,0.01,0,1.268,42.177,0.997,9.011,0.234
19/12/2019 13:00,5.107,0.009,0,1.266,22.669,0.998,8.742,0.068
19/12/2019 14:00,5.155,0.01,0,1.265,2.365,0.998,8.281,0
20/12/2019 07:00,5.81,0.018,0,1.242,0.216,0.912,6.562,0
20/12/2019 08:00,5.598,0.013,0,1.243,14.314,0.851,6.706,0.002
20/12/2019 09:00,5.346,0.008,0,1.243,42.044,0.767,6.931,0.245
20/12/2019 10:00,5.177,0.006,0,1.244,89.912,0.811,6.813,0.857
20/12/2019 11:00,5.007,0.009,0,1.244,72.389,0.921,6.787,0.576
20/12/2019 12:00,4.749,0.015,0,1.244,46.37,0.935,6.82,0.283
20/12/2019 13:00,4.483,0.02,0,1.244,21.667,0.926,6.859,0.06
20/12/2019 14:00,4.286,0.021,0,1.243,2.17,0.96,7.105,0
21/12/2019 07:00,6.213,0.006,0,1.226,0.265,0.996,6.094,0
21/12/2019 08:00,6.048,0.007,0,1.229,11.986,0.997,6.193,0
21/12/2019 09:00,6.029,0.006,0,1.23,28.441,0.985,6.099,0.105
21/12/2019 10:00,6.006,0.007,0,1.231,52.109,0.962,5.702,0.322
21/12/2019 11:00,6.004,0.01,0,1.231,51.775,0.961,5.528,0.317
21/12/2019 12:00,6.095,0.012,0,1.231,32.887,0.926,5.468,0.142
21/12/2019 13:00,6.138,0.013,0,1.23,20.364,0.879,5.331,0.046
21/12/2019 14:00,5.68,0.013,0,1.229,2.923,0.862,5.119,0
22/12/2019 07:00,4.09,0.028,0,1.239,0.354,0.987,6.42,0
22/12/2019 08:00,4.034,0.027,0,1.24,13.236,0.996,6.539,0
22/12/2019 09:00,4.055,0.023,0,1.24,31.344,0.998,6.748,0.132
22/12/2019 10:00,4.213,0.02,0,1.24,43.296,0.999,7.018,0.235
22/12/2019 11:00,4.457,0.017,0,1.238,42.284,0.999,7.216,0.223
22/12/2019 12:00,4.782,0.017,0,1.236,29.646,0.999,7.383,0.113
22/12/2019 13:00,5.027,0.019,0,1.234,14.383,0.999,7.399,0
22/12/2019 14:00,5.156,0.019,0,1.233,1.091,1,7.454,0
23/12/2019 07:00,5.548,0.178,0,1.238,0.198,0.894,6.524,0
23/12/2019 08:00,5.679,0.149,0,1.238,8.638,0.909,6.393,0
23/12/2019 09:00,5.817,0.151,0,1.239,19.347,0.925,6.228,0.029
23/12/2019 10:00,5.888,0.149,0,1.239,23.684,0.935,5.914,0.06
23/12/2019 11:00,5.948,0.131,0,1.239,22.011,0.92,5.494,0.047
23/12/2019 12:00,6.008,0.091,0,1.239,18.756,0.866,5.191,0.024
23/12/2019 13:00,5.97,0.04,0,1.239,11.123,0.742,5.002,0
23/12/2019 14:00,5.714,0.021,0,1.239,1.644,0.639,4.909,0
24/12/2019 07:00,5.793,0.039,0,1.25,0.096,0.892,6.388,0
24/12/2019 08:00,5.815,0.048,0,1.25,8.427,0.724,6.549,0
24/12/2019 09:00,5.922,0.08,0,1.25,36.908,0.669,6.743,0.186
24/12/2019 10:00,6.055,0.087,0,1.249,61.439,0.593,6.778,0.432
24/12/2019 11:00,6.077,0.051,0,1.249,75.007,0.53,6.541,0.602
24/12/2019 12:00,5.881,0.026,0,1.249,62.535,0.635,6.517,0.481
24/12/2019 13:00,5.426,0.019,0,1.251,24.92,0.796,6.236,0.091
24/12/2019 14:00,4.965,0.018,0,1.253,1.484,0.951,5.717,0
25/12/2019 07:00,3.971,0.024,0,1.262,0.346,0.983,4.564,0
25/12/2019 08:00,4.239,0.022,0,1.262,15.635,0.947,4.859,0.014
25/12/2019 09:00,4.693,0.019,0,1.263,47.149,0.847,5.173,0.303
25/12/2019 10:00,4.961,0.024,0,1.263,70.526,0.802,5.203,0.551
25/12/2019 11:00,5.142,0.024,0,1.262,62.953,0.722,5.168,0.449
25/12/2019 12:00,5.224,0.028,0,1.262,46.894,0.707,5.254,0.285
25/12/2019 13:00,5.139,0.026,0,1.263,19.311,0.748,5.446,0.038
25/12/2019 14:00,4.858,0.018,0,1.264,1.889,0.672,5.693,0
26/12/2019 07:00,3.882,0.013,0,1.274,0.484,0.692,5.608,0
26/12/2019 08:00,3.962,0.009,0,1.275,26.808,0.605,5.534,0.172
26/12/2019 09:00,4.173,0.005,0,1.277,76.912,0.541,5.547,0.918
26/12/2019 10:00,4.204,0.003,0,1.278,110.341,0.492,5.621,1.51
26/12/2019 11:00,4.202,0.002,0,1.278,121.474,0.485,5.736,1.814
26/12/2019 12:00,4.014,0.002,0,1.279,96.093,0.539,5.824,1.357
26/12/2019 13:00,3.545,0.004,0,1.28,43.656,0.588,5.791,0.429
26/12/2019 14:00,2.792,0.007,0.002,1.283,4.6,0.631,5.636,0
27/12/2019 07:00,-1.082,0.001,0,1.31,1.294,0.11,6.217,0
27/12/2019 08:00,-0.639,0,0,1.312,45.82,0.08,6.351,1.088
27/12/2019 09:00,0.032,0,0,1.313,113.128,0.037,6.324,2.917
27/12/2019 10:00,0.452,0,0,1.312,158.48,0.012,6.085,4.105
27/12/2019 11:00,0.857,0,0,1.311,163.507,0.018,5.898,4.193
27/12/2019 12:00,1.067,0,0,1.309,129.057,0.024,5.803,3.312
27/12/2019 13:00,0.508,0,0,1.309,66.459,0.032,5.726,1.663
27/12/2019 14:00,-0.576,0,0,1.31,6.954,0.035,5.951,0.035
28/12/2019 07:00,-2.125,0,0,1.333,1.475,0.071,3.06,0
28/12/2019 08:00,-1.79,0,0,1.334,49.521,0.155,2.776,1.369
28/12/2019 09:00,-1.156,0,0,1.333,118.198,0.423,2.495,3.23
28/12/2019 10:00,-0.812,0,0,1.332,159.016,0.516,1.997,4.134
28/12/2019 11:00,-0.605,0,0,1.33,164.058,0.776,2.106,4.207
28/12/2019 12:00,-0.561,0,0,1.329,127.263,0.939,2.354,3.167
28/12/2019 13:00,-0.811,0,0,1.328,60.514,0.961,2.681,1.231
28/12/2019 14:00,-1.119,0,0,1.327,5.921,0.966,3.214,0
29/12/2019 07:00,1.572,0,0,1.305,1.17,0.91,7.25,0
29/12/2019 08:00,2.061,0,0,1.304,27.106,0.972,7.376,0.151
29/12/2019 09:00,2.499,0,0,1.302,46.499,0.989,7.453,0.296
29/12/2019 10:00,2.681,0,0,1.301,44.487,0.989,7.414,0.251
29/12/2019 11:00,2.754,0,0,1.299,39.022,0.987,7.448,0.195
29/12/2019 12:00,2.749,0,0,1.298,28.724,0.985,7.479,0.107
29/12/2019 13:00,2.707,0,0,1.297,14.847,0.983,7.579,0.001
29/12/2019 14:00,2.723,0.001,0,1.296,1.598,0.985,8.002,0
30/12/2019 07:00,3.838,0.003,0,1.276,1.13,0.962,9.033,0
30/12/2019 08:00,4.051,0.005,0,1.276,26.79,0.968,8.908,0.149
30/12/2019 09:00,4.525,0.008,0,1.274,62.328,0.985,8.928,0.517
30/12/2019 10:00,4.932,0.012,0,1.271,59.192,0.984,8.904,0.409
30/12/2019 11:00,5.154,0.014,0,1.269,45.049,0.967,8.975,0.253
30/12/2019 12:00,5.383,0.009,0,1.267,42.007,0.901,9.085,0.231
30/12/2019 13:00,5.524,0.008,0,1.264,23.944,0.822,8.949,0.079
30/12/2019 14:00,5.491,0.008,0,1.263,3.871,0.525,9.264,0
31/12/2019 07:00,5.879,0,0,1.262,1.408,0.013,12.072,0
31/12/2019 08:00,5.494,0,0,1.266,48.83,0.003,11.019,1.152
31/12/2019 09:00,5.644,0,0,1.269,117.033,0.001,10.491,2.948
31/12/2019 10:00,6.073,0,0,1.269,160.166,0.001,10.1,3.957
31/12/2019 11:00,6.321,0,0,1.269,166.571,0.001,9.566,4.101
31/12/2019 12:00,6.215,0,0,1.27,133.788,0.01,9.19,3.346
31/12/2019 13:00,5.657,0,0,1.273,70.984,0.078,8.695,1.766
31/12/2019 14:00,4.534,0,0,1.277,8.265,0.015,8.062,0.073
,,,,,,,,
Mean,11.90575141,0.079325484,0.001555741,1.232036883,247.9276666,0.564292353,6.82492686,2.39634278
SD,6.553071546,0.229994432,0.024297253,0.031426986,237.2834818,0.36854875,2.174838661,2.461209458
Empty cells (missing data) ,0,0,0,0,0,0,0,0
